Iteration	Posterior	Likelihood	Prior	matrix_probs[1]	matrix_probs[2]	matrix_probs[3]	matrix_probs[4]	neo_beta	rate_log_sd	tree_length	two_beta
0	-6078.345	-6281.093	202.748	0.511225	0.2562	0.178528	0.0540459	1.369727	1.134802	4.181809	2.210072
6	-6071.529	-6274.334	202.8045	0.521818	0.261509	0.161507	0.0551658	1.369727	1.189631	4.181809	2.056814
12	-6086.482	-6291.543	205.0616	0.290248	0.547606	0.0944897	0.067656	0.803774	1.304222	3.362672	1.552209
18	-6085.454	-6290.264	204.8102	0.217472	0.63769	0.0707976	0.0740404	0.9458354	1.279033	3.462026	1.505893
24	-6087.409	-6289.312	201.9032	0.48323	0.296142	0.132121	0.0885061	1.10647	1.075669	4.855209	2.143285
30	-6089.192	-6293.541	204.3493	0.337598	0.45326	0.1766	0.0325427	0.9272971	1.202963	3.569965	1.965042
36	-6092.82	-6297.01	204.1895	0.325398	0.391952	0.238669	0.0439805	1.256425	1.228797	3.58468	1.695438
42	-6094.84	-6297.945	203.1049	0.391189	0.274101	0.254428	0.0802824	1.093778	1.068215	4.284743	1.920503
48	-6076.504	-6277.552	201.0486	0.507816	0.173439	0.288848	0.0298974	1.895973	1.128534	4.564505	3.127399
54	-6083.222	-6285.348	202.1259	0.589548	0.163389	0.23243	0.0146334	1.536841	1.08483	4.263677	2.782028
60	-6066.956	-6269.111	202.1547	0.499694	0.156614	0.336609	0.007083	1.421133	1.076753	4.568417	2.10045
66	-6083.169	-6285.569	202.4004	0.545687	0.150916	0.25157	0.051827	1.539626	1.163453	4.32324	2.10045
72	-6078.85	-6281.645	202.7946	0.564535	0.149182	0.217037	0.0692465	1.863977	1.309794	3.705915	2.495599
78	-6077.848	-6280.567	202.7195	0.586972	0.112014	0.201741	0.0992726	1.538337	1.158349	3.920304	2.678329
84	-6084.701	-6289.046	204.3445	0.601233	0.111667	0.200568	0.0865319	1.213468	1.307481	3.053799	2.678329
90	-6081.985	-6285.859	203.8738	0.6683	0.14037	0.13477	0.0565602	1.984249	1.436563	3.071863	2.18074
96	-6082.109	-6285.728	203.6192	0.587482	0.263568	0.118472	0.0304783	1.896448	1.321416	3.257307	2.357922
102	-6072.093	-6275.686	203.5935	0.432113	0.304013	0.228718	0.0351552	1.448832	1.242915	3.678937	2.010046
108	-6061.875	-6264.98	203.1049	0.651039	0.0389067	0.290508	0.0195468	1.877483	1.242915	3.56302	2.484425
114	-6072.605	-6274.786	202.1807	0.590608	0.0648058	0.286761	0.0578253	2.277637	1.172784	3.966342	2.484425
120	-6078.15	-6280.58	202.4301	0.654499	0.0458561	0.270666	0.0289789	1.360429	1.041558	4.446162	2.14339
126	-6077.384	-6279.027	201.6433	0.654499	0.0458561	0.270666	0.0289789	1.853727	1.215384	4.117358	3.37722
132	-6076.186	-6279.928	203.7422	0.531625	0.139499	0.240719	0.088157	2.042538	1.275572	3.047141	2.606049
138	-6079.31	-6284.569	205.2595	0.614531	0.161254	0.191104	0.0331114	1.468358	1.460439	2.501869	2.101913
144	-6073.234	-6278.338	205.1044	0.556524	0.225982	0.187088	0.0304065	1.468358	1.460439	2.532188	2.250119
150	-6066.318	-6271.337	205.0194	0.521324	0.280752	0.141447	0.0564768	1.468358	1.334106	2.732111	2.093694
156	-6071.448	-6276.058	204.6094	0.580987	0.191106	0.164967	0.0629402	1.468358	1.294689	3.004333	2.093694
162	-6068.599	-6272.842	204.2437	0.501571	0.294837	0.154954	0.0486378	1.460212	1.244729	3.537934	1.489279
168	-6078.734	-6280.877	202.1431	0.534056	0.19229	0.255026	0.018628	2.008713	1.269524	4.049143	2.470619
174	-6069.173	-6272.221	203.0481	0.563474	0.164304	0.251232	0.0209907	1.404095	1.227359	3.746512	2.711833
180	-6072.404	-6276.314	203.9093	0.538542	0.173293	0.257226	0.0309387	1.404095	1.22239	3.597272	1.859667
186	-6074.871	-6276.192	201.3207	0.554294	0.167377	0.248446	0.0298826	2.084086	1.217415	4.206538	3.357757
192	-6084.92	-6285.306	200.3863	0.575152	0.211502	0.175586	0.0377603	1.464854	1.101747	4.997698	3.604908
198	-6083.106	-6285.12	202.0143	0.425508	0.374214	0.157392	0.0428861	1.145885	1.137751	4.778921	2.041749
204	-6079.162	-6281.889	202.7274	0.400844	0.352524	0.206232	0.0404003	1.190936	1.143057	4.409954	1.904728
210	-6086.635	-6289.194	202.5594	0.447556	0.285093	0.16392	0.103431	1.422376	1.12171	4.374786	1.957248
216	-6077.626	-6280.007	202.3812	0.410413	0.39031	0.10443	0.0948469	1.422376	1.189089	4.23249	2.465208
222	-6080.266	-6284.75	204.4832	0.28592	0.570118	0.0754426	0.0685192	0.7961934	1.309836	3.582019	1.80256
228	-6080.619	-6285.173	204.5544	0.408296	0.319494	0.117062	0.155148	1.289196	1.309836	3.063553	2.233951
234	-6071.857	-6274.598	202.7412	0.533001	0.331679	0.0679023	0.0674177	1.409521	1.142316	4.382413	1.697184
240	-6064.125	-6268.294	204.1691	0.3992	0.450936	0.0913441	0.0585203	1.409521	1.191921	3.619339	1.526346
246	-6064.498	-6268.262	203.7644	0.39276	0.486457	0.0724358	0.0483473	1.027678	1.305128	3.765912	2.022576
252	-6091.582	-6293.556	201.9739	0.330822	0.423948	0.237771	0.00745909	0.7818873	1.009425	5.207279	1.737872
258	-6094.298	-6295.973	201.6755	0.459207	0.27793	0.136859	0.126004	1.545607	1.036332	5.024085	1.584639
264	-6074.761	-6277.375	202.6133	0.341308	0.385969	0.19644	0.0762834	0.9488033	1.021269	4.681301	1.892094
270	-6087.029	-6288.341	201.3125	0.45842	0.316745	0.140317	0.0845181	1.548852	1.052732	5.104431	1.829411
276	-6087.256	-6287.142	199.8857	0.484177	0.299406	0.135063	0.0813533	1.458214	1.052732	5.415752	3.242394
282	-6077.301	-6279.864	202.5628	0.430252	0.419031	0.064781	0.0859357	1.408496	1.133954	4.321198	2.079627
288	-6064.696	-6266.787	202.0906	0.399678	0.414905	0.100937	0.0844806	0.9559406	1.038459	5.065148	1.653328
294	-6055.404	-6256.839	201.4348	0.409776	0.402338	0.101271	0.086615	1.510835	1.009787	5.065148	1.860085
300	-6061.785	-6264.192	202.4067	0.411935	0.428283	0.0727102	0.0870715	1.534717	1.032951	4.448214	1.975295
306	-6054.869	-6257.454	202.585	0.408475	0.409713	0.0695575	0.112255	1.443333	1.053469	4.674146	1.343128
312	-6063.77	-6265.104	201.3341	0.443282	0.423777	0.041898	0.0910432	1.631777	1.135754	4.592498	2.907629
318	-6074.233	-6276.204	201.971	0.510981	0.397024	0.0609787	0.0310161	1.631777	1.278188	4.308036	2.477899
324	-6067.692	-6270.969	203.2767	0.346103	0.490083	0.0924848	0.0713297	0.9303256	1.128702	4.094823	2.282457
330	-6071.733	-6274.326	202.5932	0.310148	0.495681	0.0775425	0.116628	0.9303256	1.17474	4.550968	2.047718
336	-6065.275	-6269.682	204.4078	0.253262	0.541551	0.103257	0.101929	1.072963	1.269704	3.573	1.617551
342	-6066.367	-6271.961	205.5937	0.25939	0.625907	0.0964222	0.0182801	0.4962137	1.290291	3.335402	1.379966
348	-6076.615	-6282.503	205.8881	0.317181	0.475593	0.184873	0.0223527	0.3404194	1.295829	3.335402	1.199429
354	-6081.089	-6283.549	202.4606	0.317181	0.475593	0.184873	0.0223527	0.4805774	1.08512	4.891247	2.159286
360	-6069.083	-6272.036	202.9537	0.346745	0.509649	0.119652	0.0239534	1.261104	1.228275	4.101151	2.12905
366	-6059.503	-6262.563	203.0601	0.471349	0.191583	0.304507	0.0325611	1.39812	1.151117	4.108968	1.905358
372	-6068.221	-6271.573	203.3516	0.369726	0.373763	0.23097	0.0255409	1.089695	1.112991	4.202327	1.739805
378	-6073.247	-6278.001	204.7541	0.322435	0.419502	0.237823	0.0202394	1.1862	1.302422	3.321261	1.548982
384	-6084.765	-6288.691	203.9255	0.363693	0.346444	0.268254	0.0216095	1.518558	1.352037	3.246486	2.341531
390	-6082.266	-6286.415	204.1489	0.425071	0.404196	0.12803	0.0427037	1.302082	1.279285	3.279244	2.320843
396	-6074.129	-6279.753	205.6243	0.416264	0.395822	0.171737	0.0161773	1.235063	1.35285	2.704057	1.622949
402	-6077.803	-6281.992	204.1892	0.46188	0.336389	0.167161	0.0345704	1.235063	1.230212	3.530969	1.834278
408	-6082.635	-6285.598	202.9631	0.434893	0.316734	0.157394	0.0909796	1.322823	1.208873	3.954701	2.428349
414	-6079.586	-6282.275	202.6893	0.442375	0.322183	0.142898	0.0925448	0.9293407	1.208873	3.954701	3.507897
420	-6069.529	-6272.479	202.9501	0.424275	0.344492	0.184529	0.0467039	1.449546	1.266459	3.878837	2.391254
426	-6073.924	-6278.328	204.4044	0.433605	0.330077	0.188587	0.0477309	0.9867671	1.302973	3.46157	1.926476
432	-6075.233	-6278.269	203.0358	0.394877	0.360154	0.205771	0.0391979	1.554992	1.104945	4.289889	1.437538
438	-6070.456	-6272.605	202.1488	0.414875	0.348252	0.198971	0.0379025	1.341316	1.134374	4.394488	2.575579
444	-6077.872	-6282.203	204.3306	0.429124	0.360213	0.171458	0.0392043	1.29833	1.272389	3.573742	1.453174
450	-6080.275	-6283.366	203.0908	0.439332	0.369417	0.0974629	0.0937875	1.872085	1.272389	3.573742	2.440312
456	-6073.603	-6277.802	204.1994	0.313935	0.552313	0.0911643	0.0425878	1.179207	1.266965	3.695489	1.496624
462	-6066.69	-6270.652	203.9611	0.365132	0.479303	0.106032	0.0495331	1.245372	1.311177	3.797978	1.44402
468	-6068.995	-6272.852	203.8578	0.334501	0.533224	0.0971364	0.0351389	0.8672337	1.157364	4.093797	1.57477
474	-6072.89	-6276.185	203.2948	0.280654	0.539543	0.110746	0.0690574	0.9837979	1.201079	3.898512	2.576429
480	-6069.447	-6272.347	202.8997	0.348876	0.54575	0.0228227	0.0825519	1.15488	1.174137	4.25405	2.045779
486	-6066.796	-6270.272	203.4753	0.423592	0.503075	0.0225791	0.0507544	1.846332	1.252353	3.792847	1.491146
492	-6064.754	-6268.409	203.6551	0.326299	0.564373	0.034535	0.0747931	1.197568	1.127404	4.268612	1.128815
498	-6069.647	-6271.901	202.2542	0.318052	0.55011	0.0589347	0.0729029	1.017281	1.06645	4.641735	2.323778
504	-6067.184	-6270.515	203.3303	0.241235	0.579181	0.124288	0.0552952	0.9340972	1.019904	4.792256	0.8874906
510	-6084.983	-6288.532	203.5486	0.258614	0.535061	0.1034	0.102925	0.8304371	1.158563	3.894537	2.504793
516	-6085.56	-6289.436	203.8768	0.299534	0.454517	0.133077	0.112873	1.254482	1.229542	3.791447	1.64221
522	-6064.472	-6267.875	203.4026	0.309949	0.470322	0.151406	0.0683232	0.8955398	1.23638	3.791447	2.78419
528	-6066.984	-6271.586	204.6018	0.32211	0.459926	0.151775	0.0661886	1.029636	1.313576	3.483358	1.568332
534	-6071.767	-6274.374	202.607	0.507792	0.18829	0.157324	0.146595	1.312753	1.21677	3.930842	3.059819
540	-6079.662	-6282.422	202.7602	0.468649	0.230544	0.155713	0.145094	1.576015	1.202749	3.903779	2.5424
546	-6079.37	-6282.384	203.0148	0.449842	0.334779	0.111491	0.103888	1.498946	1.164731	4.158629	1.722929
552	-6091.08	-6293.221	202.1406	0.343509	0.520844	0.0563167	0.079331	1.836092	1.242738	3.975486	2.926303
558	-6070.153	-6273.845	203.6922	0.452877	0.268568	0.230807	0.0477482	1.364394	1.215584	3.96398	1.406024
564	-6079.253	-6283.632	204.3795	0.378505	0.423283	0.106092	0.0921198	1.302588	1.30053	3.256107	2.024546
570	-6084.445	-6286.377	201.9319	0.409588	0.35163	0.208745	0.0300366	1.0488	1.089798	4.627151	2.769396
576	-6074.27	-6275.289	201.0186	0.430361	0.369464	0.189604	0.0105715	1.196388	1.086543	5.021428	2.877785
582	-6072.851	-6273.984	201.1334	0.327339	0.49482	0.130294	0.0475472	0.9631065	1.006823	5.374806	2.203222
588	-6086.091	-6289.345	203.2547	0.206115	0.618688	0.115747	0.0594498	0.5563108	1.070945	5.057535	0.8326984
594	-6077.383	-6281.763	204.3808	0.394194	0.325504	0.256187	0.0241154	1.037213	1.197758	3.545875	1.841333
600	-6075.442	-6277.589	202.1464	0.395283	0.326403	0.256894	0.0214192	1.150663	1.250763	4.048476	3.729236
606	-6077.469	-6280.727	203.2583	0.489945	0.40457	0.0995572	0.00592791	1.522912	1.160563	3.879547	2.017149
612	-6073.804	-6275.649	201.8453	0.460782	0.380489	0.0936313	0.065098	1.651153	1.154341	4.242817	3.031052
618	-6074.412	-6277.332	202.9192	0.474896	0.187916	0.326546	0.0106417	1.28117	1.210263	4.175092	1.999098
624	-6077.411	-6280.796	203.3846	0.598744	0.146444	0.248322	0.00649005	1.332013	1.106444	4.175092	1.492368
630	-6069.677	-6272.272	202.5944	0.571952	0.201715	0.212121	0.0142117	1.748013	1.160846	4.045042	2.276397
636	-6075.482	-6278.082	202.6004	0.54139	0.21279	0.223768	0.0220517	1.392824	1.178426	4.352184	1.916012
642	-6091.378	-6294.034	202.656	0.461815	0.164294	0.355081	0.0188105	1.205257	1.090913	4.537057	1.757286
648	-6086.865	-6290.846	203.9808	0.588276	0.204965	0.197536	0.00922336	1.293665	1.188527	3.701895	1.710564
654	-6076.899	-6279.82	202.9213	0.475711	0.165745	0.339746	0.0187972	1.325116	1.143413	4.236644	1.889009
660	-6083.504	-6284.84	201.3363	0.667981	0.00862927	0.233041	0.0903495	2.214863	1.042853	4.639384	2.236186
666	-6075.142	-6277.561	202.419	0.627407	0.0761368	0.190399	0.106057	1.945797	1.158494	4.074318	2.236186
672	-6082.999	-6285.343	202.3438	0.52593	0.259527	0.178486	0.036057	1.88618	1.1452	4.135906	2.273118
678	-6069.462	-6270.523	201.0615	0.601949	0.101086	0.247056	0.0499092	2.542335	1.250014	4.135906	3.415514
684	-6073.834	-6277.562	203.7281	0.637239	0.0244076	0.32433	0.014023	2.267274	1.243405	3.296751	1.851645
690	-6077.24	-6278.764	201.524	0.624051	0.0210843	0.317618	0.0372473	1.853055	1.099403	4.396019	2.936516
696	-6072.987	-6274.959	201.972	0.637795	0.0139199	0.311729	0.0365567	1.864676	1.268953	4.142119	2.650992
702	-6069.901	-6271.885	201.984	0.584948	0.00899819	0.375261	0.0307926	1.914288	1.156883	4.24335	2.473442
708	-6075.514	-6276.86	201.3462	0.687059	0.00202753	0.276121	0.0347922	2.737144	1.142087	4.272881	2.515903
714	-6075.718	-6276.842	201.1236	0.553032	0.00173897	0.396039	0.0491904	2.737144	1.125818	4.272881	2.890965
720	-6067.253	-6268.404	201.1511	0.662483	0.00645015	0.21995	0.111117	2.289114	1.198117	4.013456	4.083106
726	-6075.298	-6276.82	201.5217	0.68383	0.00711835	0.227037	0.0820143	1.750587	1.230613	4.013456	4.083106
732	-6087.112	-6290.034	202.9217	0.685159	0.00518833	0.227479	0.0821737	3.093127	1.338717	3.177041	2.376859
738	-6075.637	-6277.674	202.0368	0.685038	0.00518741	0.204606	0.105168	2.797094	1.241193	3.614294	3.029435
744	-6070.145	-6273.488	203.3436	0.554727	0.00420063	0.399124	0.0419486	1.661557	1.157975	3.755798	2.038532
750	-6070.732	-6273.34	202.6084	0.572955	0.00380619	0.383933	0.0393055	1.726445	1.266406	3.776821	2.83165
756	-6070.501	-6273.129	202.6273	0.676328	0.00644432	0.300386	0.0168419	1.731429	1.266406	3.776821	2.794848
762	-6083.424	-6285.575	202.1511	0.4975	0.142313	0.349649	0.0105375	1.522019	1.031284	4.471673	2.286862
768	-6061.541	-6263.33	201.7882	0.524386	0.0750889	0.388807	0.0117177	1.491422	1.139514	4.416304	2.865676
774	-6088.808	-6291.889	203.0815	0.609813	0.0655929	0.315098	0.00949626	1.679771	1.180086	4.085744	1.594437
780	-6070.71	-6272.575	201.8652	0.632648	0.0491501	0.268791	0.0494108	2.907086	1.285278	3.669529	2.969885
786	-6065.728	-6267.906	202.1784	0.633206	0.0794532	0.269028	0.0183127	1.920587	1.241475	4.159665	2.274394
792	-6063.345	-6264.282	200.937	0.620711	0.0778854	0.26372	0.0376838	1.920587	1.121326	4.924838	2.274394
798	-6059.412	-6261.832	202.4197	0.262031	0.510669	0.178437	0.0488619	1.0838	1.025152	4.901602	1.477687
804	-6064.332	-6265.696	201.3646	0.367108	0.316749	0.247688	0.0684558	0.7892799	1.084764	4.901602	3.35345
810	-6054.665	-6257.256	202.5909	0.275186	0.53571	0.142898	0.0462065	1.125723	1.105241	4.572914	1.836479
816	-6069.786	-6274.809	205.0227	0.275998	0.538521	0.14016	0.0453212	1.125723	1.343408	3.267808	1.364599
822	-6072.431	-6276.619	204.1877	0.277406	0.548329	0.151266	0.0229986	1.049491	1.254801	3.719467	1.623945
828	-6076.073	-6279.594	203.5213	0.373974	0.444981	0.141753	0.0392923	1.35857	1.331613	3.665382	2.127999
834	-6072.566	-6277.875	205.3084	0.381418	0.435648	0.115075	0.0678586	0.8279641	1.343734	3.085735	1.741315
840	-6076.754	-6280.793	204.0391	0.388089	0.411038	0.136848	0.0640251	1.151129	1.201761	3.626357	1.955653
846	-6069.913	-6273.359	203.4459	0.242245	0.545031	0.165033	0.0476907	1.151129	1.110821	4.019973	1.955653
852	-6059.847	-6262.86	203.012	0.351517	0.509289	0.0699914	0.0692028	1.424228	1.177392	3.819169	2.621705
858	-6074.41	-6276.596	202.1858	0.515468	0.362163	0.0763392	0.0460293	1.681064	1.143365	4.072854	2.939295
864	-6066.318	-6269.83	203.5118	0.523983	0.249021	0.131934	0.095062	1.420424	1.35212	3.465429	2.528655
870	-6065.458	-6269.011	203.5525	0.408568	0.473672	0.0290437	0.0887172	1.421004	1.151777	4.101993	1.307468
876	-6068.531	-6273.53	204.9983	0.342453	0.523085	0.0364892	0.0979722	0.9900143	1.255972	3.243006	1.700671
882	-6072.313	-6275.479	203.1658	0.31714	0.533627	0.0492867	0.0999466	1.089753	1.380981	3.876488	2.400612
888	-6066.788	-6271.048	204.2597	0.374044	0.378455	0.137365	0.110136	1.001981	1.180533	3.709569	1.704891
894	-6070.513	-6273.927	203.4137	0.498862	0.264276	0.13146	0.105402	1.473536	1.191081	3.756809	2.11188
900	-6072.974	-6274.7	201.7263	0.518697	0.270359	0.117075	0.0938687	1.839718	1.150406	4.354762	2.664201
906	-6078.647	-6281.684	203.0369	0.526855	0.251119	0.201766	0.0202594	1.735354	1.196343	4.017264	1.719662
912	-6072.079	-6275.897	203.8185	0.525379	0.250416	0.201201	0.0230049	1.466263	1.127751	3.546709	2.149837
918	-6077.247	-6277.564	200.3161	0.508588	0.203828	0.19477	0.0928139	1.752509	1.060126	5.264822	2.570694
924	-6077.452	-6278.49	201.0384	0.530369	0.287374	0.0513999	0.130857	1.730365	1.090954	4.67793	3.086797
930	-6093.51	-6293.682	200.1717	0.521927	0.184481	0.151683	0.141909	1.870282	1.015521	5.252588	2.75457
936	-6082.737	-6285.465	202.7281	0.555336	0.184272	0.138316	0.122076	1.870282	1.185562	3.716421	2.75457
942	-6084.731	-6288.162	203.4316	0.57688	0.227932	0.14377	0.0514176	1.847934	1.35317	3.422095	2.233733
948	-6077.233	-6280.575	203.3421	0.458369	0.401301	0.0994757	0.0408546	1.898107	1.267921	3.597544	2.007013
954	-6075.444	-6275.727	200.283	0.551833	0.267501	0.0418612	0.138805	1.608767	1.056352	5.144761	3.174871
960	-6074.772	-6275.913	201.1413	0.486882	0.277749	0.196024	0.0393444	1.39934	0.9790757	4.807948	3.184092
966	-6077.832	-6279.194	201.3613	0.550777	0.125939	0.221749	0.101536	2.279985	1.037199	4.743603	1.895767
972	-6077.239	-6277.761	200.5224	0.51055	0.132652	0.268032	0.088766	2.294308	1.110155	4.71491	3.099985
978	-6070.822	-6272.859	202.0373	0.463457	0.229564	0.226033	0.0809458	1.435839	1.114156	4.71491	1.843618
984	-6073.24	-6276.193	202.9529	0.516912	0.291283	0.168365	0.0234403	1.345243	1.260141	4.229263	1.695554
990	-6069.573	-6270.698	201.1242	0.448605	0.323834	0.222298	0.00526216	2.013301	1.093998	4.823499	2.206268
996	-6081.214	-6282.993	201.7781	0.567903	0.137555	0.281414	0.0131275	1.627713	1.077872	4.562575	2.396281
1002	-6080.259	-6280.643	200.3841	0.5682	0.17858	0.228142	0.0250778	2.290628	1.047699	4.852944	3.02572
1008	-6065.802	-6267.486	201.6843	0.45445	0.268431	0.249674	0.0274447	1.380577	1.13417	4.653477	2.528043
1014	-6064.934	-6266.425	201.4908	0.505686	0.16266	0.260133	0.0715212	1.742079	0.9817115	4.747629	2.337369
1020	-6078.84	-6279.504	200.6644	0.656235	0.0671177	0.267769	0.00887799	2.578732	1.060008	4.657308	2.800634
1026	-6078.684	-6279.856	201.1728	0.718067	0.0301529	0.129945	0.121835	2.480675	1.135847	4.326954	2.910497
1032	-6080.759	-6282.148	201.3886	0.558121	0.0308074	0.316871	0.0942001	1.841152	1.104467	4.446542	3.019749
1038	-6071.584	-6273.228	201.6443	0.684558	0.0466515	0.177139	0.0916517	3.03901	1.099435	4.079334	2.368253
1044	-6075.67	-6278.9	203.2305	0.668529	0.061947	0.172991	0.0965335	1.903842	1.255894	3.440018	2.562847
1050	-6067.39	-6270.838	203.4478	0.591504	0.0590864	0.30617	0.0432397	2.411651	1.310707	3.062298	2.562847
1056	-6073.905	-6276.679	202.774	0.455884	0.287407	0.209695	0.0470141	1.332791	1.230458	3.912798	2.784503
1062	-6075.478	-6278.463	202.9858	0.547833	0.233021	0.155552	0.0635933	1.829875	1.146403	3.605043	2.763114
1068	-6069.275	-6272.604	203.3284	0.593535	0.0913762	0.210554	0.104534	1.829875	1.253361	3.37303	2.680938
1074	-6064.364	-6267.038	202.6747	0.666209	0.0592738	0.190999	0.0835182	1.998559	1.244759	3.510283	3.171042
1080	-6086.314	-6289.939	203.625	0.623811	0.0984285	0.0725686	0.205192	1.907593	1.34452	3.342003	2.102435
1086	-6079.477	-6283.053	203.576	0.523182	0.124673	0.139847	0.212298	1.750355	1.254443	3.476603	2.147688
1092	-6068.67	-6271.795	203.1249	0.608015	0.100939	0.26814	0.0229061	1.57622	1.246712	3.648624	2.594189
1098	-6074.345	-6276.912	202.5665	0.439333	0.163016	0.373179	0.0244717	1.48845	1.183637	4.334183	1.885625
1104	-6092.477	-6294.815	202.3376	0.384962	0.439512	0.121042	0.0544842	1.868528	1.23821	4.069677	2.335212
1110	-6085.176	-6287.681	202.5054	0.593128	0.238521	0.00586987	0.162481	2.489204	1.261713	3.560651	2.707209
1116	-6068.809	-6270.23	201.4208	0.584552	0.245229	0.0211831	0.149035	2.557018	1.220878	4.181291	2.707209
1122	-6083.899	-6286.149	202.2499	0.58406	0.114244	0.244936	0.0567596	1.440998	1.208301	4.099704	2.984641
1128	-6088.057	-6290.922	202.8647	0.441334	0.314028	0.1812	0.0634384	1.12908	1.216897	4.099704	2.454804
1134	-6094.674	-6295.252	200.5781	0.555548	0.26846	0.0442183	0.131774	3.121225	1.09335	4.675535	2.321558
1140	-6087.254	-6287.948	200.6931	0.473427	0.376596	0.0376819	0.112295	1.542566	1.083339	4.918802	3.219487
1146	-6090.202	-6291.526	201.324	0.47782	0.37942	0.0626817	0.0800781	1.623689	1.163606	4.918802	2.023853
1152	-6081.197	-6282.451	201.2531	0.490137	0.295434	0.144302	0.0701272	1.302285	1.055291	5.098932	2.20938
1158	-6083.771	-6283.042	199.2709	0.501747	0.314491	0.123664	0.0600976	1.281729	1.040281	5.727577	3.63764
1164	-6080.172	-6281.204	201.0318	0.345147	0.470593	0.136034	0.0482265	1.156333	1.047899	5.296506	2.220714
1170	-6076.972	-6277.884	200.912	0.462086	0.379801	0.097337	0.0607754	1.106	1.067374	5.157218	2.824904
1176	-6073.826	-6276.558	202.7321	0.466694	0.340742	0.0996325	0.0929306	1.425055	1.045015	4.405924	1.760265
1182	-6088.549	-6290.498	201.9487	0.420357	0.427031	0.120868	0.0317432	1.615896	1.078181	4.652518	1.949661
1188	-6079.083	-6282.811	203.7286	0.449795	0.389455	0.110232	0.0505174	1.128502	1.204884	3.836039	1.911213
1194	-6069.229	-6271.191	201.9624	0.420515	0.43528	0.0202638	0.123941	1.627435	1.095919	4.343631	2.678919
1200	-6075.623	-6276.592	200.9683	0.430508	0.356433	0.0851173	0.127942	1.586393	1.139128	4.884139	2.712658
1206	-6070.323	-6271.316	200.9932	0.424911	0.351799	0.180193	0.0430972	1.435009	1.123416	5.154611	2.170671
1212	-6061.08	-6263.606	202.526	0.445322	0.315818	0.193122	0.0457374	1.031177	1.081232	4.533817	2.170671
1218	-6067.14	-6268.091	200.9506	0.493171	0.242304	0.213873	0.0506518	1.926721	1.011759	5.016565	2.170671
1224	-6077.285	-6278.896	201.6114	0.601912	0.162395	0.122973	0.112719	2.432222	1.107384	4.104043	2.935711
1230	-6084.314	-6284.639	200.325	0.442968	0.32827	0.165013	0.0637491	1.312733	1.024889	5.578753	2.322207
1236	-6083.535	-6282.951	199.4165	0.495838	0.374699	0.0581053	0.0713578	1.30028	1.093809	6.254322	1.801039
1242	-6072.734	-6275.34	202.6058	0.366038	0.484606	0.0757915	0.0735647	0.9675636	1.09449	4.845629	1.432355
1248	-6073.73	-6276.252	202.5221	0.24178	0.628879	0.100908	0.028433	0.9675636	1.16272	5.208003	0.7752545
1254	-6067.108	-6269.884	202.7755	0.25924	0.614398	0.0985841	0.0277783	1.000885	1.10956	4.522699	1.866037
1260	-6079.84	-6281.587	201.7469	0.446536	0.506458	0.00441013	0.042596	2.695448	1.199002	4.269452	1.919271
1266	-6090.855	-6292.652	201.7962	0.464952	0.420215	0.0266953	0.0881383	1.585379	1.199002	4.372344	2.753718
1272	-6076.421	-6280.519	204.0984	0.253969	0.489917	0.189401	0.0667133	0.3546282	1.149131	4.429206	1.223672
1278	-6075.809	-6280.426	204.6177	0.251269	0.540216	0.187387	0.0211278	0.3077665	1.295465	4.214892	0.9582406
1284	-6075.365	-6280.893	205.5277	0.1059	0.740459	0.108942	0.0446993	0.8348051	1.183199	3.483695	0.9263244
1290	-6076.402	-6280.653	204.2514	0.144748	0.73113	0.0782449	0.0458776	1.135614	1.126261	3.989758	1.081477
1296	-6069.891	-6273.865	203.9738	0.364245	0.486265	0.114508	0.0349821	1.010254	1.165298	3.791749	1.894691
1302	-6087.453	-6292.598	205.1455	0.153643	0.593004	0.247663	0.00569032	0.3941794	1.166148	4.141025	0.645091
1308	-6074.567	-6279.281	204.7142	0.132497	0.606661	0.230627	0.0302146	0.3382852	1.073191	4.465845	0.6370088
1314	-6066.005	-6270.371	204.3661	0.126549	0.579426	0.234831	0.0591937	0.4297457	1.091569	4.758742	0.3621
1320	-6075.626	-6277.253	201.627	0.474984	0.262832	0.213088	0.0490955	1.696338	1.013615	4.506673	2.79245
1326	-6068.882	-6270.834	201.9518	0.569299	0.137672	0.279634	0.0133954	1.901884	1.02701	4.453145	2.185003
1332	-6075.001	-6276.598	201.5977	0.628506	0.151989	0.204807	0.0146982	2.079745	1.0512	4.453145	2.467735
1338	-6072.176	-6273.171	200.9946	0.651602	0.0500059	0.278411	0.0199805	2.742242	1.011487	4.591284	2.388157
1344	-6092.492	-6292.312	199.8196	0.576509	0.063404	0.335975	0.0241116	2.592743	0.9100923	5.19333	2.836699
1350	-6100.086	-6301.412	201.3259	0.507371	0.0668532	0.400352	0.0254233	1.613242	1.024686	4.794579	2.55018
1356	-6079.598	-6280.851	201.2528	0.597892	0.0787806	0.293368	0.0299592	2.179195	1.127819	4.775341	1.938215
1362	-6086.076	-6287.581	201.5052	0.597892	0.0787806	0.293368	0.0299592	1.591525	1.017055	4.772281	2.380879
1368	-6065.135	-6268.109	202.9742	0.554273	0.0683135	0.351435	0.0259787	1.522368	1.136615	3.901913	2.394751
1374	-6077.492	-6280.289	202.7969	0.52453	0.261788	0.160639	0.0530439	1.663801	1.192058	3.912524	2.372328
1380	-6077.596	-6281.952	204.3565	0.476772	0.288082	0.176774	0.0583717	1.492128	1.281062	3.210377	1.959835
1386	-6076.485	-6280.189	203.7038	0.443426	0.422867	0.100516	0.033191	1.218843	1.419546	3.146359	3.290694
1392	-6080.247	-6285.041	204.7939	0.413727	0.393091	0.0642513	0.128931	1.126823	1.294754	3.088187	2.077733
1398	-6079.335	-6282.169	202.834	0.526455	0.263369	0.0720306	0.138146	1.602321	1.282064	3.742233	2.705484
1404	-6065.774	-6266.237	200.4631	0.595668	0.0829112	0.292842	0.0285787	2.430226	1.080241	4.867091	2.649523
1410	-6064.159	-6265.623	201.4642	0.501929	0.216892	0.262815	0.0183642	1.667314	1.073914	4.628423	2.649523
1416	-6075.135	-6277.278	202.1434	0.508188	0.144425	0.288281	0.0591066	2.043443	1.081645	4.288433	2.100049
1422	-6074.185	-6277.49	203.3056	0.546244	0.213796	0.169431	0.0705284	1.874896	1.251585	3.430036	2.515267
1428	-6077.34	-6279.414	202.0745	0.646767	0.0894365	0.224372	0.0394241	2.437073	1.17319	3.979355	2.444738
1434	-6076.961	-6278.017	201.0559	0.517801	0.271004	0.179632	0.0315629	2.437073	1.205486	4.04711	3.937615
1440	-6075.792	-6276.839	201.0475	0.595893	0.0741725	0.206723	0.123212	2.029183	1.082948	4.455167	3.372906
1446	-6081.766	-6282.893	201.1273	0.491385	0.0500855	0.356927	0.101603	1.426312	0.9542729	5.12267	2.312613
1452	-6082.476	-6285.473	202.997	0.452793	0.368612	0.0887469	0.0898478	1.429905	1.205479	4.005079	2.122815
1458	-6082.166	-6285.127	202.9607	0.452793	0.368612	0.0887469	0.0898478	2.003948	1.223485	3.51286	2.719995
1464	-6083.994	-6288.239	204.2445	0.495443	0.365556	0.0946251	0.044376	1.394479	1.254628	3.559789	1.50044
1470	-6079.102	-6282.486	203.3839	0.473047	0.371335	0.0925359	0.0630821	1.936221	1.291437	3.687534	1.687758
1476	-6066.685	-6267.867	201.1822	0.70077	0.102111	0.142286	0.0548328	2.059211	1.212373	4.1554	3.827218
1482	-6079.152	-6282.173	203.0208	0.335361	0.350845	0.284212	0.0295821	0.9744347	1.120766	4.349008	1.967888
1488	-6071.751	-6274.309	202.5573	0.444495	0.200086	0.315222	0.0401965	1.425313	1.191998	3.828482	3.323104
1494	-6079.163	-6283.065	203.9015	0.399132	0.548717	0.0388217	0.0133291	1.307041	1.20802	3.820664	1.520707
1500	-6084.266	-6288.763	204.4972	0.401774	0.558048	0.0303968	0.00978104	1.307041	1.2661	3.486421	1.432261
1506	-6083.74	-6287.874	204.1337	0.352631	0.534598	0.104187	0.00858467	1.036788	1.284258	3.915514	1.277156
1512	-6090.635	-6295.015	204.3791	0.339032	0.434831	0.220461	0.0056753	0.8785476	1.175871	3.622124	1.909252
1518	-6080.848	-6284.722	203.8743	0.402908	0.379124	0.192217	0.0257501	1.005312	1.275649	3.70301	2.091218
1524	-6082.994	-6287.033	204.0393	0.459942	0.395159	0.115504	0.0293952	1.177521	1.298356	3.552451	1.962693
1530	-6082.772	-6285.007	202.2353	0.500262	0.33597	0.129096	0.0346716	1.393339	1.078884	4.227841	2.919424
1536	-6071.902	-6273.651	201.7491	0.495043	0.350358	0.121868	0.0327305	1.393339	1.160235	4.227841	3.631394
1542	-6064.134	-6266.542	202.4079	0.39029	0.370155	0.185437	0.0541182	1.033427	1.130486	4.314345	2.856309
1548	-6067.873	-6271.057	203.1836	0.453017	0.323299	0.169431	0.0542532	1.078669	1.102659	4.326604	1.702269
1554	-6062.369	-6264.893	202.5242	0.453017	0.323299	0.169431	0.0542532	1.276389	1.102659	4.326604	2.331474
1560	-6064.299	-6266.262	201.9637	0.584184	0.247526	0.12972	0.0385689	1.890512	1.124883	4.42134	2.123349
1566	-6067.43	-6269.854	202.4237	0.576403	0.272579	0.116407	0.0346105	2.377283	1.266009	3.690244	2.597876
1572	-6063.82	-6266.991	203.1715	0.53095	0.265339	0.108234	0.0954776	1.715553	1.364095	3.485891	2.59518
1578	-6053.894	-6258.198	204.304	0.542084	0.250806	0.147766	0.0593447	1.847426	1.371997	3.053148	1.873566
1584	-6072.269	-6276.276	204.0072	0.512065	0.344765	0.136221	0.00694904	1.521815	1.379052	3.117389	2.498154
1590	-6080.665	-6283.763	203.0985	0.548722	0.238712	0.202249	0.0103173	1.543951	1.246518	3.565892	2.905734
1596	-6071.04	-6275.135	204.0948	0.52868	0.229993	0.164636	0.0766903	1.87064	1.242443	3.351252	1.645828
1602	-6069.69	-6272.512	202.8214	0.478182	0.317633	0.152895	0.0512907	1.483528	1.295288	3.648455	3.137322
1608	-6068.088	-6270.574	202.486	0.656778	0.15886	0.0965629	0.0878001	2.606673	1.338466	3.241228	3.398374
1614	-6076.728	-6278.584	201.8562	0.403068	0.430858	0.126442	0.0396322	1.404259	1.170908	4.74485	1.97192
1620	-6062.905	-6266.815	203.91	0.309845	0.535089	0.105846	0.0492198	0.9934373	1.232208	3.78607	1.925255
1626	-6065.209	-6269.549	204.3394	0.293545	0.580567	0.0887202	0.0371669	0.6741399	1.298666	3.691203	1.925255
1632	-6071.531	-6274.719	203.1879	0.350712	0.524562	0.0651695	0.0595563	0.9600406	1.185199	4.265452	1.877503
1638	-6063.149	-6266.165	203.0154	0.377593	0.355847	0.207491	0.059069	1.076088	1.072088	4.505576	1.562436
1644	-6062.096	-6263.601	201.5052	0.495879	0.0963228	0.209195	0.198603	1.898759	1.086197	4.35209	3.060678
1650	-6068.218	-6269.761	201.5428	0.593897	0.115363	0.05288	0.23786	2.265625	1.111271	4.177004	3.020852
1656	-6077.416	-6280.281	202.8647	0.508932	0.328144	0.0224848	0.140439	2.467643	1.17604	3.592815	2.238126
1662	-6078.954	-6281.555	202.6014	0.488001	0.394627	0.0248085	0.0925629	1.708598	1.101916	4.231768	1.941744
1668	-6071.495	-6273.222	201.7271	0.462743	0.308398	0.141087	0.0877718	1.50431	1.109446	4.41853	2.990939
1674	-6073.188	-6274.244	201.0562	0.529369	0.341792	0.11339	0.0154481	2.023448	1.108048	4.779991	2.384382
1680	-6082.621	-6284.104	201.4826	0.38094	0.414493	0.193451	0.0111166	1.07962	0.985026	5.305894	1.780829
1686	-6088.919	-6290.928	202.0092	0.36268	0.404178	0.223511	0.00963086	1.272963	0.9731516	4.900523	1.822167
1692	-6084.386	-6286.908	202.5228	0.363556	0.405155	0.224882	0.00640611	1.215976	1.103632	4.579824	1.800259
1698	-6073.51	-6275.54	202.0299	0.44135	0.325838	0.230177	0.00263486	1.395579	1.129869	4.374172	2.747946
1704	-6072.69	-6275.1	202.4096	0.454291	0.335392	0.204151	0.00616693	1.674598	1.10059	4.483996	1.657092
1710	-6068.05	-6269.109	201.0592	0.469025	0.312835	0.188216	0.0299235	1.55983	1.013506	5.046479	2.357201
1716	-6063.963	-6264.977	201.0142	0.464354	0.31449	0.186341	0.0348148	1.725434	1.120705	4.709845	2.988277
1722	-6061.236	-6262.842	201.606	0.589553	0.119202	0.236583	0.0546632	1.725434	1.222755	3.95237	4.186457
1728	-6058.138	-6260.888	202.7498	0.575559	0.0932647	0.288407	0.0427691	1.592603	1.19361	3.674146	3.199185
1734	-6067.667	-6269.198	201.5314	0.533871	0.197766	0.219056	0.0493063	1.605122	1.275007	4.585923	2.435881
1740	-6060.987	-6263.916	202.929	0.512427	0.218621	0.210257	0.0586958	1.911346	1.207114	3.899816	1.927636
1746	-6071.294	-6273.638	202.3438	0.535733	0.228564	0.184616	0.0510869	1.869325	1.184713	3.867426	2.955141
1752	-6077.977	-6280.694	202.7172	0.553939	0.243059	0.153758	0.0492442	1.611061	1.265742	3.867426	2.563674
1758	-6083.645	-6285.435	201.7898	0.615273	0.109927	0.232457	0.042344	1.964178	1.167021	4.461213	2.12969
1764	-6081.668	-6284.051	202.383	0.46229	0.353761	0.0981556	0.0857935	1.223756	1.163776	4.6458	1.743588
1770	-6092.137	-6294.535	202.3982	0.369981	0.304964	0.259652	0.0654018	1.568134	1.136795	4.714787	1.259441
1776	-6087.691	-6288.515	200.8239	0.380148	0.313345	0.239308	0.067199	1.448511	1.005778	5.411274	1.91542
1782	-6091.155	-6292.748	201.5925	0.373841	0.464988	0.0950866	0.0660841	1.157963	1.148882	4.805625	2.544101
1788	-6087.086	-6290.864	203.7785	0.366244	0.475246	0.0947368	0.0637726	0.7461778	1.121973	4.192087	1.65685
1794	-6075.765	-6276.987	201.222	0.316475	0.5161	0.141932	0.0254933	1.254135	0.9400903	5.626089	1.265054
1800	-6070.605	-6272.111	201.5059	0.290265	0.550655	0.146708	0.0123718	0.8600496	1.031454	5.553818	1.424337
1806	-6085.867	-6288.011	202.1444	0.365749	0.480213	0.12794	0.0260976	0.9382385	1.005676	5.114738	1.543015
1812	-6074.817	-6276.118	201.3008	0.460201	0.368812	0.136798	0.0341882	1.368104	1.126475	4.664022	3.146968
1818	-6078.057	-6280.663	202.606	0.484394	0.331298	0.159326	0.0249827	1.621667	1.218559	4.218508	1.907377
1824	-6092.339	-6293.75	201.4107	0.486172	0.247163	0.230519	0.036146	2.213959	1.043245	4.64489	2.119318
1830	-6080.075	-6281.991	201.9165	0.525904	0.189549	0.249358	0.0351891	1.342616	0.9823969	4.802793	2.078591
1836	-6102.471	-6305.4	202.9287	0.521036	0.207443	0.242333	0.0291883	1.778451	1.143933	3.941012	2.054643
1842	-6088.941	-6291.083	202.142	0.527719	0.210104	0.232614	0.0295627	1.342954	1.160248	4.395462	2.541654
1848	-6071.054	-6273.931	202.8777	0.473729	0.440523	0.0514303	0.0343174	1.56877	1.160248	4.110992	1.933679
1854	-6071.383	-6273.957	202.5735	0.397493	0.369631	0.187072	0.0458032	1.346149	1.191251	4.247402	2.243422
1860	-6084.038	-6285.188	201.1499	0.539579	0.212591	0.179728	0.0681021	1.400355	1.12431	4.867074	2.751628
1866	-6085.461	-6287.536	202.0754	0.562137	0.202176	0.170922	0.0647656	1.908261	1.273536	4.175501	2.349941
1872	-6071.365	-6275.273	203.9084	0.414876	0.476384	0.0314141	0.0773259	1.434499	1.239838	3.547417	1.914368
1878	-6070.146	-6272.721	202.5754	0.41768	0.43799	0.038874	0.105456	1.645723	1.160551	4.208569	2.020982
1884	-6072.337	-6273.363	201.0263	0.458175	0.357805	0.0978696	0.0861498	1.624023	0.9665117	5.04474	2.399718
1890	-6066.741	-6267.654	200.9132	0.417289	0.330009	0.155241	0.097461	1.505319	0.8509433	5.495512	1.741465
1896	-6075.487	-6275.912	200.4252	0.568954	0.160689	0.166087	0.104271	2.049694	1.031841	4.874043	3.214347
1902	-6071.161	-6272.512	201.3507	0.568954	0.160689	0.166087	0.104271	1.880126	1.200042	4.509766	2.694685
1908	-6075.634	-6278.677	203.0431	0.559412	0.241624	0.140141	0.0588236	1.715959	1.229291	3.557558	2.814895
1914	-6064.801	-6267.803	203.0023	0.423266	0.389188	0.106034	0.0815117	1.875312	1.13645	3.862803	2.046617
1920	-6061.35	-6262.908	201.5581	0.419683	0.385893	0.113602	0.0808217	1.630161	1.062301	4.743284	2.267671
1926	-6070.045	-6271.993	201.9473	0.429971	0.395353	0.0818393	0.0928365	1.010358	1.062301	4.743284	2.525212
1932	-6069.733	-6272.32	202.5867	0.314164	0.504079	0.128864	0.052892	0.8621017	1.110003	4.872278	1.50546
1938	-6076.167	-6279.26	203.0936	0.293089	0.540464	0.129901	0.0365469	0.8621017	1.124701	4.081548	2.702835
1944	-6086.783	-6288.885	202.1014	0.597376	0.250079	0.091894	0.0606507	1.818782	1.15186	3.832777	3.616104
1950	-6087.885	-6290.311	202.4261	0.522175	0.261571	0.171119	0.0451342	1.752373	1.339982	3.679239	3.264542
1956	-6070.042	-6272.857	202.8154	0.551587	0.276304	0.124432	0.0476764	1.752373	1.221889	3.779583	2.537352
1962	-6077.603	-6279.629	202.0264	0.552783	0.303459	0.0822178	0.0615402	2.272864	1.228304	3.779583	3.17264
1968	-6078.858	-6282.154	203.2953	0.548956	0.152422	0.282949	0.0156728	1.761707	1.260712	3.585835	2.256716
1974	-6067.304	-6270.996	203.6919	0.507627	0.152747	0.274179	0.0654466	2.225196	1.269672	3.302143	1.89091
1980	-6069.387	-6271.508	202.1209	0.54564	0.0893032	0.29471	0.0703473	2.225196	1.269672	3.84129	2.823094
1986	-6068.954	-6271.103	202.1484	0.591757	0.0968511	0.235099	0.0762931	1.874648	1.269546	3.803471	3.328847
1992	-6081.208	-6284.6	203.3918	0.624632	0.0466775	0.248159	0.0805315	1.674293	1.196727	3.620771	2.225693
1998	-6081.553	-6284.533	202.9802	0.534466	0.196061	0.212337	0.0571361	1.306004	1.196727	3.721592	3.088231
2004	-6095.938	-6296.968	201.0294	0.488957	0.178099	0.248505	0.0844383	2.003086	1.065243	5.044119	1.850683
2010	-6079.843	-6281.329	201.4862	0.465143	0.153087	0.367794	0.0139763	1.277486	1.065243	5.061232	2.001182
2016	-6065.53	-6267.303	201.773	0.452317	0.251191	0.269848	0.0266437	1.049811	0.9956148	5.061232	2.001182
2022	-6074.882	-6276.191	201.3084	0.470288	0.268642	0.23761	0.0234607	1.049811	1.063213	5.143853	2.345863
2028	-6091.292	-6292.269	200.9778	0.398285	0.380616	0.201231	0.0198687	1.049811	1.043538	5.077986	3.083065
2034	-6077.164	-6278.921	201.7575	0.58372	0.107467	0.268222	0.040592	2.120566	1.278254	3.842068	3.565331
2040	-6078.258	-6280.081	201.8228	0.386439	0.365115	0.238202	0.0102435	1.462316	1.065335	4.719135	2.152951
2046	-6079.789	-6281.266	201.4767	0.37864	0.370945	0.242005	0.00841	1.194926	1.070619	5.151276	1.894409
2052	-6070.837	-6272.35	201.5133	0.597909	0.122888	0.215516	0.0636872	1.737494	1.091718	4.56558	2.630931
2058	-6074.415	-6275.581	201.1667	0.538993	0.110779	0.292816	0.0574117	1.940584	1.188242	4.56558	2.773717
2064	-6086.701	-6287.413	200.7117	0.556898	0.144743	0.262987	0.0353714	1.581022	1.114265	4.807096	3.429857
2070	-6076.829	-6278.519	201.6904	0.526792	0.185369	0.268223	0.0196162	1.662393	1.144937	4.562142	2.385663
2076	-6086.769	-6289.385	202.6158	0.578089	0.203419	0.177043	0.0414478	1.595326	1.301712	3.360701	4.26826
2082	-6087.406	-6292.078	204.6718	0.373891	0.4832	0.109732	0.0331776	0.9679546	1.266861	3.184077	2.280348
2088	-6091.809	-6296.74	204.9311	0.440928	0.329567	0.190379	0.0391262	0.9570898	1.301233	3.154343	1.961246
2094	-6085.27	-6289.285	204.0146	0.441335	0.329871	0.190555	0.0382389	1.640568	1.343647	3.300539	1.961246
2100	-6074.246	-6278.033	203.7863	0.402788	0.30106	0.274874	0.0212775	1.104334	1.209948	3.62071	2.370869
2106	-6072.179	-6275.432	203.2536	0.422433	0.269353	0.245926	0.0622883	1.139527	1.099031	4.139928	1.961793
2112	-6077.665	-6280.78	203.1143	0.381769	0.456587	0.139996	0.0216485	1.040539	1.121954	4.292678	1.888171
2118	-6068.658	-6271.708	203.0499	0.466385	0.279693	0.103007	0.150914	1.952774	1.193984	3.98149	1.576466
2124	-6068.229	-6268.426	200.1975	0.559187	0.189701	0.0927015	0.15841	2.315643	1.114231	5.037963	2.653993
2130	-6071.234	-6272.588	201.3535	0.632757	0.123107	0.131139	0.112997	1.738161	1.147965	4.504683	2.96987
2136	-6074.532	-6276.525	201.9928	0.554809	0.121296	0.173982	0.149912	2.203986	1.130169	4.153927	2.415523
2142	-6066.559	-6269.708	203.1489	0.459292	0.323659	0.144029	0.0730197	1.236035	1.305366	3.882185	2.317709
2148	-6069.339	-6272.961	203.6218	0.459292	0.323659	0.144029	0.0730197	1.271053	1.347278	3.402543	2.74097
2154	-6073.675	-6276.679	203.0042	0.430404	0.347743	0.173243	0.0486108	1.232664	1.266747	4.021458	2.236669
2160	-6070.711	-6274.522	203.8113	0.469884	0.364796	0.0703076	0.0950124	1.786471	1.287078	3.288279	2.181177
2166	-6059.039	-6262.864	203.8251	0.384415	0.342757	0.149392	0.123437	0.9971742	1.206798	3.90334	1.800129
2172	-6061.986	-6265.494	203.5078	0.41839	0.37305	0.0742137	0.134346	1.512019	1.228903	3.909657	1.563284
2178	-6068.946	-6272.919	203.9728	0.373753	0.411003	0.102374	0.112869	1.163373	1.228903	3.693084	1.841911
2184	-6063.808	-6266.848	203.0401	0.415535	0.387241	0.0717366	0.125487	1.163373	1.039966	4.4172	1.658289
2190	-6080.466	-6281.55	201.0847	0.484713	0.41134	0.0265789	0.0773683	2.013678	1.014653	5.122684	1.658289
2196	-6067.549	-6269.194	201.6448	0.481159	0.352019	0.100443	0.0663785	1.819382	1.078478	4.864241	1.646738
2202	-6064.101	-6266.623	202.5223	0.407298	0.482914	0.0535987	0.0561889	1.75141	1.100279	4.487584	1.444017
2208	-6069.65	-6271.445	201.7946	0.335285	0.468128	0.0778453	0.118742	1.499403	1.175029	4.192832	3.46208
2214	-6066.894	-6269.782	202.8879	0.336412	0.507035	0.0843153	0.072237	1.286409	1.167215	4.340384	1.714332
2220	-6070.993	-6272.798	201.8048	0.389041	0.424565	0.0418136	0.144581	1.411248	1.098132	4.766215	2.078703
2226	-6075.613	-6278.634	203.0209	0.42258	0.41368	0.0367316	0.127009	1.522068	1.206148	3.963698	2.078703
2232	-6074.509	-6278.816	204.3075	0.422446	0.360933	0.110619	0.106002	1.380559	1.308807	3.2284	2.078703
2238	-6069.649	-6271.2	201.5512	0.464365	0.396748	0.0223653	0.116521	1.826936	1.308807	3.978923	3.868629
2244	-6068.249	-6271.237	202.9885	0.459637	0.392708	0.0323204	0.115334	1.826936	1.305959	3.702855	2.267897
2250	-6073.951	-6274.546	200.5952	0.557521	0.277083	0.0254997	0.139896	2.151554	1.23122	4.133126	4.969321
2256	-6075.183	-6276.011	200.8276	0.557521	0.277083	0.0254997	0.139896	2.151554	1.130347	4.376524	3.786
2262	-6094.05	-6296.188	202.1383	0.402794	0.376664	0.190526	0.0300156	0.9573728	1.08897	4.756004	2.25113
2268	-6071.653	-6273.291	201.6374	0.474123	0.32312	0.155399	0.0473579	1.188307	1.044028	4.91185	2.308653
2274	-6071.776	-6273.469	201.6924	0.441428	0.300838	0.232421	0.0253125	1.656446	1.100024	4.692172	2.124377
2280	-6071.92	-6272.553	200.633	0.544465	0.202792	0.243259	0.00948454	2.491812	1.067146	4.956754	2.124377
2286	-6073.451	-6274.579	201.1275	0.64848	0.0525272	0.287697	0.0112965	1.854202	1.070659	4.844894	2.353737
2292	-6069.649	-6271.986	202.3376	0.527275	0.177463	0.277796	0.0174669	1.477232	1.044128	4.337485	2.398695
2298	-6087.798	-6288.993	201.1942	0.493004	0.163016	0.239382	0.104598	2.196479	1.10284	4.629527	2.398695
2304	-6071.188	-6274.314	203.126	0.347646	0.536386	0.0657523	0.050215	1.299558	1.158289	4.272461	1.567965
2310	-6074.012	-6276.984	202.972	0.399486	0.458776	0.111637	0.0301016	0.7783547	1.184226	4.272461	2.418713
2316	-6075	-6279.279	204.2791	0.399486	0.458776	0.111637	0.0301016	1.283089	1.292761	3.742652	1.182545
2322	-6080.974	-6283.666	202.6927	0.492745	0.226594	0.159511	0.12115	1.932761	1.291436	3.740807	2.505849
2328	-6073.394	-6275.463	202.0685	0.490904	0.227417	0.16009	0.12159	1.402865	1.225497	3.740807	4.558522
2334	-6074.464	-6278.184	203.7208	0.457722	0.330734	0.0890615	0.122483	1.279074	1.247291	3.587999	2.254652
2340	-6076.985	-6279.893	202.9074	0.471936	0.419101	0.0773639	0.0315993	1.624187	1.3189	3.736398	2.523142
2346	-6077.264	-6279.958	202.6936	0.46046	0.408909	0.0808241	0.0498068	1.873845	1.089637	3.875958	2.523142
2352	-6062.227	-6264.833	202.6058	0.394794	0.471461	0.103086	0.03066	1.24343	1.102038	4.364476	2.16517
2358	-6052.291	-6255.445	203.1537	0.409	0.489265	0.078413	0.0233218	1.140257	1.152901	4.137435	2.02789
2364	-6059.395	-6263.568	204.1732	0.339529	0.429694	0.210294	0.0204822	1.231747	1.192901	3.772878	1.401482
2370	-6057.451	-6260.874	203.423	0.410436	0.388294	0.17815	0.0231203	0.939297	1.144762	3.973631	2.341299
2376	-6072.36	-6275.657	203.2971	0.421474	0.334665	0.215848	0.0280128	0.8808355	1.177497	3.916007	2.725031
2382	-6056.319	-6259.505	203.1855	0.431548	0.357251	0.170957	0.0402444	1.223429	1.177497	4.169447	1.77932
2388	-6078.531	-6280.628	202.0976	0.415095	0.267814	0.287388	0.0297036	0.8492679	1.110241	4.169447	4.284163
2394	-6071.594	-6274.48	202.8865	0.451345	0.300927	0.194427	0.0533005	1.464843	1.239487	3.85826	2.560051
2400	-6073.505	-6275.257	201.7524	0.451345	0.300927	0.194427	0.0533005	1.146624	1.253102	4.481385	3.065924
2406	-6068.625	-6272.178	203.5538	0.420781	0.365937	0.148468	0.064815	1.030594	1.105002	4.034088	1.94341
2412	-6087.542	-6290.136	202.594	0.394999	0.430322	0.112137	0.0625423	1.584778	1.183869	4.265003	1.901613
2418	-6083.314	-6285.019	201.7043	0.464948	0.358634	0.070265	0.106152	1.333444	1.178717	4.925066	1.822128
2424	-6083.07	-6286.475	203.4046	0.464948	0.358634	0.070265	0.106152	1.374955	1.180293	3.948424	1.813231
2430	-6074.353	-6277.78	203.4264	0.445215	0.447683	0.00829924	0.098803	1.332604	1.167651	3.948697	1.849578
2436	-6071.535	-6273.252	201.717	0.459894	0.434848	0.00928778	0.0959703	1.940543	1.171683	4.507707	2.134424
2442	-6078.272	-6279.994	201.7224	0.506029	0.385157	0.017449	0.091365	1.922582	1.119682	4.630976	1.921011
2448	-6076.955	-6279.487	202.5319	0.460536	0.305684	0.143026	0.0907535	1.648283	1.144776	4.270208	1.952598
2454	-6085.446	-6287.827	202.3805	0.635114	0.102923	0.248492	0.0134714	2.734169	1.352365	3.510543	2.646722
2460	-6088.53	-6291.337	202.8071	0.387451	0.410468	0.0268661	0.175215	1.209506	1.172285	3.992656	2.783702
2466	-6083.734	-6286.43	202.6956	0.398474	0.413848	0.0154675	0.17221	1.926908	1.21822	4.335541	1.267264
2472	-6078.969	-6281.4	202.4306	0.425	0.426074	0.0266921	0.122234	1.539945	1.181015	4.335541	2.006197
2478	-6071.968	-6275.207	203.2394	0.409171	0.451931	0.043069	0.0958295	1.238153	1.24339	3.940769	2.130963
2484	-6060.123	-6262.552	202.4289	0.515472	0.363013	0.0384438	0.0830713	1.483135	1.200443	4.236378	2.291284
2490	-6071.776	-6274.808	203.0323	0.430194	0.428729	0.0772514	0.0638264	1.27756	1.170585	4.236378	1.769107
2496	-6081.389	-6284.726	203.3371	0.446852	0.44533	0.0802428	0.027575	1.546428	1.233682	3.694992	2.220735
2502	-6071.091	-6274.632	203.5406	0.496043	0.382039	0.0890762	0.0328422	1.617838	1.208465	3.629105	2.04905
2508	-6080.646	-6284.391	203.7452	0.495329	0.205925	0.177542	0.121204	1.280891	1.254741	3.654759	2.04905
2514	-6071.402	-6274.691	203.2888	0.462635	0.330847	0.115042	0.0914762	1.841154	1.261023	3.654759	2.014851
2520	-6083.276	-6287.071	203.795	0.369859	0.480774	0.119336	0.0300305	0.9361186	1.178084	3.915316	1.928027
2526	-6081.468	-6284.554	203.0861	0.362715	0.471488	0.136346	0.0294504	0.9361186	1.08105	4.180889	2.399856
2532	-6089.995	-6293.373	203.3782	0.43757	0.273725	0.164484	0.124221	1.660619	1.199598	3.72525	2.008311
2538	-6088.692	-6291.611	202.9194	0.359588	0.40063	0.135171	0.104611	1.166797	1.249385	4.250799	1.912597
2544	-6079.337	-6282.812	203.4749	0.281037	0.468316	0.146695	0.103952	1.328666	1.20361	4.370663	0.9292881
2550	-6094.316	-6297.969	203.6525	0.266214	0.594647	0.0805555	0.0585833	0.9442651	1.266282	4.034281	1.722248
2556	-6081.823	-6284.933	203.1102	0.270744	0.484085	0.175444	0.0697271	0.8139192	1.087342	4.675144	1.3938
2562	-6083.894	-6286.624	202.7302	0.319245	0.429602	0.189273	0.0618794	1.510276	1.147096	4.402998	1.555063
2568	-6071.856	-6275.182	203.3258	0.298504	0.403889	0.239431	0.0581757	0.7880448	1.059966	4.561655	1.440507
2574	-6083.214	-6284.775	201.5611	0.39563	0.360367	0.200381	0.0436223	0.8822668	1.026057	4.993436	2.684369
2580	-6076.507	-6278.506	201.9987	0.408156	0.371776	0.206724	0.0133443	1.21895	1.116354	4.993436	1.518643
2586	-6081.446	-6283.322	201.876	0.307077	0.330727	0.351617	0.0105781	1.169585	1.003605	5.13355	1.553172
2592	-6076.123	-6278.204	202.0815	0.32095	0.447724	0.215384	0.0159424	1.044825	1.005216	5.331349	1.067286
2598	-6081.817	-6283.691	201.8741	0.293613	0.520673	0.180246	0.00546917	0.9611594	1.052287	5.331349	1.325481
2604	-6084.701	-6286.803	202.1024	0.307753	0.501063	0.173457	0.0177268	0.9359697	1.009564	5.032478	1.771883
2610	-6082.841	-6283.334	200.4925	0.519236	0.233175	0.174109	0.0734803	2.172969	1.168225	4.744302	3.108863
2616	-6080.594	-6283.235	202.6407	0.612585	0.175828	0.148133	0.0634536	1.853769	1.175826	4.014398	2.148007
2622	-6068.248	-6270.064	201.8158	0.603685	0.0673507	0.252031	0.0769332	2.106132	1.166202	4.039531	3.067917
2628	-6070.942	-6272.625	201.6833	0.668553	0.0745877	0.152729	0.10413	1.971757	1.088417	4.216015	3.067917
2634	-6064.909	-6266.3	201.3908	0.66432	0.0870604	0.145149	0.103471	1.843701	1.086509	4.255343	3.645806
2640	-6072.014	-6273.36	201.346	0.642213	0.0841632	0.140318	0.133306	2.000978	1.126035	4.353239	3.127927
2646	-6063.529	-6265.557	202.028	0.528409	0.218841	0.178458	0.0742915	1.534832	1.102432	4.312712	2.774651
2652	-6077.302	-6279.863	202.5603	0.480353	0.181219	0.273185	0.0652429	1.78866	1.23003	3.844387	2.699782
2658	-6083.064	-6283.96	200.896	0.581716	0.185872	0.187607	0.044805	2.297765	1.123498	4.650822	2.652429
2664	-6075.085	-6276.206	201.1209	0.484093	0.184205	0.287299	0.0444031	1.739241	1.19819	4.580227	3.048625
2670	-6071.331	-6272.026	200.695	0.600048	0.205554	0.0967895	0.0976079	2.193926	1.082512	4.974322	2.259474
2676	-6066.797	-6268.406	201.6087	0.556117	0.190505	0.142895	0.110483	1.55166	1.058694	4.548958	2.822013
2682	-6080.532	-6284.178	203.6464	0.558728	0.252013	0.0903077	0.0989514	1.347046	1.266845	3.81307	1.72885
2688	-6068.283	-6270.896	202.6135	0.377587	0.439423	0.0873165	0.095674	1.347046	1.220024	4.193979	2.278336
2694	-6071.334	-6273.999	202.6652	0.42478	0.369358	0.0982299	0.107632	1.48348	1.316385	3.90967	2.619214
2700	-6062.232	-6265.421	203.1885	0.586988	0.246868	0.13574	0.0304041	1.639662	1.305614	3.925677	1.691828
2706	-6075.474	-6277.244	201.7697	0.41028	0.467592	0.0500312	0.0720966	1.616828	0.9906294	4.987872	1.533571
2712	-6070.963	-6273.113	202.1505	0.40362	0.429128	0.106313	0.0609398	1.170535	1.135027	4.880057	1.611982
2718	-6072.933	-6277.878	204.9446	0.228334	0.523501	0.201336	0.0468295	0.7831892	1.248666	3.671705	1.17823
2724	-6080.211	-6283.74	203.5298	0.333747	0.451989	0.173832	0.0404324	1.031862	1.286764	4.201201	1.393442
2730	-6068.195	-6270.134	201.9389	0.326233	0.430775	0.195878	0.0471148	1.151046	1.096489	4.820678	2.091772
2736	-6075.166	-6275.749	200.583	0.374619	0.438264	0.144778	0.0423388	1.337392	1.026246	5.611774	1.856939
2742	-6058.185	-6261.24	203.0555	0.369058	0.442161	0.146066	0.0427153	1.437553	1.151307	4.403759	1.2535
2748	-6078.886	-6280.072	201.1865	0.597662	0.206629	0.151426	0.0442828	1.841905	1.151307	4.752717	2.405035
2754	-6056.586	-6258.911	202.3253	0.618616	0.106997	0.262856	0.0115314	2.101154	1.231497	3.871019	2.620364
2760	-6063.5	-6265.483	201.983	0.6659	0.154451	0.174528	0.00512166	2.350892	1.192208	3.988067	2.620364
2766	-6074.777	-6277.334	202.5565	0.387756	0.450136	0.135415	0.0266932	1.514924	1.214265	4.520698	1.431867
2772	-6086.461	-6287.855	201.3935	0.639451	0.130998	0.221056	0.00849519	1.500046	1.05212	4.840394	2.428618
2778	-6077.617	-6277.86	200.2432	0.624479	0.135219	0.220172	0.0201299	1.895371	1.096903	4.848407	3.72421
2784	-6065.433	-6266.972	201.5392	0.598135	0.129514	0.210884	0.0614664	1.562982	1.163149	4.392626	3.212441
2790	-6055.209	-6257.137	201.9275	0.572603	0.203563	0.173317	0.0505167	1.819796	1.131275	4.392626	2.314562
2796	-6058.983	-6260.724	201.741	0.561041	0.199453	0.185737	0.0537693	1.456245	1.193169	4.518745	2.615855
2802	-6070.612	-6272.88	202.2688	0.45553	0.380894	0.111109	0.0524664	1.946966	1.120122	4.261632	2.040353
2808	-6066.226	-6269.014	202.7872	0.45553	0.380894	0.111109	0.0524664	1.632019	1.236787	3.905614	2.377096
2814	-6064.137	-6266.835	202.6983	0.586147	0.0972292	0.266549	0.0500747	1.867057	1.20053	3.859689	2.400989
2820	-6065.761	-6269.052	203.2916	0.549789	0.153213	0.250015	0.0469829	1.833876	1.237856	3.521106	2.372673
2826	-6076.187	-6278.132	201.9444	0.577089	0.103937	0.278389	0.0405841	1.30487	1.221821	4.405034	2.78078
2832	-6082.816	-6285.252	202.4358	0.489513	0.185789	0.290569	0.0341292	1.732236	1.211212	4.019442	2.519564
2838	-6071.464	-6273.494	202.03	0.483424	0.192804	0.286955	0.036817	2.156235	1.259376	4.038972	2.519564
2844	-6063.574	-6264.584	201.0101	0.538364	0.237882	0.120754	0.103001	1.699454	0.9553526	5.069728	2.284257
2850	-6069.962	-6271.365	201.4027	0.509366	0.219808	0.194255	0.0765716	1.576958	1.021029	4.83895	2.368161
2856	-6066.114	-6268.407	202.2926	0.435635	0.337716	0.162567	0.0640809	1.186283	1.212484	4.300914	2.710846
2862	-6062.938	-6264.228	201.29	0.448528	0.348253	0.16764	0.0355795	1.28884	1.073083	4.939523	2.567576
2868	-6072.085	-6273.904	201.8191	0.456775	0.208318	0.297377	0.0375298	1.28884	1.044094	5.007115	1.713202
2874	-6076.656	-6279.21	202.5544	0.459231	0.240269	0.262491	0.0380088	0.8737805	1.147192	4.336568	2.790456
2880	-6071.48	-6273.636	202.1559	0.456894	0.211741	0.297869	0.033496	1.316461	1.164366	4.399053	2.54112
2886	-6070.314	-6272.578	202.2637	0.50496	0.305541	0.167048	0.0224514	2.044565	1.133912	4.241995	1.977148
2892	-6070.846	-6272.976	202.1296	0.403879	0.376632	0.119875	0.0996145	1.249706	1.19066	4.20495	3.198064
2898	-6064.775	-6267.583	202.8077	0.43779	0.345266	0.109891	0.107053	0.9747853	1.173195	4.076886	2.912509
2904	-6070.941	-6272.987	202.046	0.538463	0.194705	0.135162	0.131671	1.543097	1.130728	4.429223	2.377905
2910	-6072.927	-6274.683	201.7559	0.538463	0.194705	0.135162	0.131671	1.783117	1.043459	4.530454	2.377905
2916	-6084.554	-6285.225	200.6709	0.555521	0.0777256	0.230912	0.135842	1.628931	1.074959	4.730458	3.760357
2922	-6071.383	-6272.072	200.6886	0.518383	0.197792	0.200675	0.0831506	1.960937	1.036386	4.899486	2.801305
2928	-6076.493	-6277.625	201.1325	0.527514	0.173677	0.20421	0.0945993	1.564416	1.11235	4.74971	2.908866
2934	-6082.237	-6284.204	201.9662	0.518411	0.17068	0.206727	0.104182	1.741304	1.019563	4.502574	2.229513
2940	-6072.624	-6274.271	201.6471	0.528209	0.189601	0.189282	0.0929083	2.46396	1.036881	4.502574	1.919564
2946	-6071.688	-6272.795	201.1066	0.482378	0.289539	0.172859	0.0552249	1.420654	1.047098	4.877984	2.885102
2952	-6081.423	-6282.004	200.5809	0.492579	0.253672	0.209205	0.0445433	1.63251	1.021815	5.359293	2.135722
2958	-6086.141	-6288.126	201.9851	0.508827	0.235525	0.209636	0.0460125	1.36752	1.026514	4.703963	2.135722
2964	-6083.389	-6285.26	201.8704	0.44999	0.267173	0.231932	0.0509062	1.674473	1.071792	4.653645	1.994921
2970	-6066.379	-6268.472	202.0925	0.510133	0.248387	0.177012	0.0644684	1.672149	1.173824	4.472732	1.994921
2976	-6070.745	-6272.587	201.8423	0.438298	0.434499	0.0465939	0.0806101	1.280624	1.02771	4.885127	1.994921
2982	-6072.555	-6273.902	201.3474	0.420994	0.417345	0.0447543	0.116907	1.595968	1.036459	4.747088	2.651836
2988	-6074.801	-6275.954	201.1534	0.415247	0.472702	0.0441434	0.0679075	1.811791	1.066002	4.586268	3.101269
2994	-6090.204	-6290.854	200.65	0.530481	0.384337	0.016593	0.0685897	1.698844	0.9667553	4.973395	3.101269
3000	-6093.691	-6295.629	201.9379	0.558112	0.318642	0.0784596	0.0447869	2.173347	1.240593	4.100936	2.50423
3006	-6093.595	-6295.842	202.2465	0.49449	0.302534	0.160453	0.0425229	1.674663	1.239898	3.93755	3.081324
3012	-6075.865	-6278.496	202.6312	0.437745	0.317851	0.14338	0.101023	1.904492	1.03785	4.201362	1.85489
3018	-6073.924	-6276.884	202.9594	0.472816	0.343316	0.0967432	0.0871242	1.579393	1.09799	4.201362	1.696273
3024	-6079.335	-6280.596	201.2617	0.461491	0.299989	0.191786	0.0467335	1.540331	1.112795	5.075159	1.894604
3030	-6076.956	-6279.542	202.5855	0.392566	0.44681	0.145914	0.0147108	0.9766436	1.110668	4.558851	2.062374
3036	-6074.49	-6276.668	202.1786	0.386245	0.439615	0.170579	0.00356079	1.457579	1.114938	4.630678	1.83003
3042	-6080.445	-6283	202.5546	0.353034	0.401815	0.241897	0.00325461	0.647701	1.045357	4.903115	1.83003
3048	-6068.26	-6270.442	202.1825	0.391382	0.394835	0.208367	0.00541635	0.9994803	1.180561	4.903115	1.670012
3054	-6069.544	-6270.706	201.1613	0.456954	0.343085	0.0586654	0.141296	1.407443	0.9958859	5.113737	2.251386
3060	-6074.654	-6276.335	201.6814	0.52985	0.197412	0.186417	0.0863207	1.471738	1.162805	4.652969	2.371739
3066	-6075.025	-6277.396	202.3715	0.488914	0.245489	0.181536	0.0840606	1.839591	1.07696	4.265592	2.062584
3072	-6072.974	-6274.56	201.5868	0.385076	0.326116	0.222601	0.0662072	0.9782724	1.113194	4.94655	2.490883
3078	-6080.827	-6283.232	202.4048	0.576005	0.264991	0.100241	0.0587637	1.942193	1.08555	4.142124	2.195039
3084	-6083.348	-6285.336	201.9881	0.519313	0.206421	0.250922	0.0233451	1.579223	1.117719	4.339585	2.67892
3090	-6062.514	-6264.59	202.0755	0.669866	0.194164	0.120074	0.0158958	2.369979	1.194469	3.737346	3.15639
3096	-6061.806	-6262.105	200.2994	0.691974	0.0883878	0.205461	0.0141769	2.225813	1.164787	4.822378	3.141243
3102	-6063.893	-6268.148	204.255	0.45571	0.473959	0.0523319	0.0179996	1.278107	1.25339	3.469344	1.804675
3108	-6065.603	-6268.976	203.3729	0.422166	0.471527	0.0883996	0.0179072	1.407365	1.179178	3.720741	2.356501
3114	-6068.163	-6271.352	203.1889	0.464941	0.402354	0.0973565	0.0353486	2.137152	1.165406	3.86756	1.519433
3120	-6071.572	-6275.13	203.5579	0.553446	0.210979	0.122411	0.113163	1.531003	1.354912	3.165099	3.1161
3126	-6071.783	-6272.216	200.4329	0.563897	0.196081	0.124722	0.1153	1.958599	1.165073	5.000915	2.716025
3132	-6073.7	-6276.057	202.3568	0.595002	0.25742	0.092184	0.0553935	1.938209	1.159103	3.918021	2.746634
3138	-6078.291	-6279.737	201.4464	0.555182	0.286151	0.100449	0.0582182	1.568539	0.9908046	4.696435	2.746634
3144	-6074.018	-6273.646	199.6278	0.452725	0.36295	0.104765	0.0795601	1.638507	1.029705	5.938905	1.978605
3150	-6077.118	-6278.346	201.2285	0.377483	0.391845	0.131107	0.0995651	1.149947	0.9410458	5.419194	1.811715
3156	-6077.743	-6279.198	201.4551	0.379253	0.393683	0.170354	0.0567102	1.149947	1.098778	5.188624	1.854222
3162	-6068.478	-6269.942	201.4641	0.408626	0.424174	0.119044	0.0481563	0.9631084	1.105366	5.188624	2.076185
3168	-6064.284	-6265.476	201.1919	0.399527	0.358349	0.116393	0.125731	1.747937	1.123976	4.951762	2.038427
3174	-6078.018	-6279.498	201.4804	0.425566	0.361142	0.14914	0.0641518	1.413195	1.077125	4.911968	2.192117
3180	-6070.037	-6271.516	201.4787	0.427509	0.355628	0.146863	0.0699999	1.365528	1.128894	4.907736	2.192117
3186	-6072.232	-6276.179	203.9479	0.33928	0.497029	0.116554	0.0471374	0.8779719	1.278398	3.622831	2.360749
3192	-6065.136	-6268.721	203.5853	0.439315	0.37252	0.13398	0.0541852	1.180257	1.123583	3.913496	1.963833
3198	-6078.612	-6280.548	201.9357	0.430298	0.364874	0.13123	0.0735975	1.053482	1.123583	4.568043	2.871051
3204	-6078.062	-6278.3	200.2381	0.437838	0.423659	0.0760002	0.0625025	1.52211	1.04424	5.050158	3.72156
3210	-6076.902	-6280.279	203.3776	0.45444	0.22277	0.260888	0.0619014	1.527118	1.097836	3.850714	2.003825
3216	-6078.233	-6278.874	200.6419	0.522578	0.204274	0.220767	0.0523816	2.044989	0.9899064	5.024099	2.500041
3222	-6075.476	-6276.651	201.1757	0.481444	0.317994	0.180108	0.0204543	1.243464	1.121244	5.122452	2.242179
3228	-6073.522	-6275.648	202.1259	0.418029	0.276109	0.263166	0.0426966	1.243464	1.075925	4.704268	2.030504
3234	-6080.25	-6283.669	203.4191	0.418358	0.278573	0.269414	0.0336548	1.707469	1.297184	3.693767	1.848503
3240	-6083.403	-6285.576	202.1724	0.594843	0.0481246	0.274801	0.0822312	2.232164	1.298427	3.543689	3.566568
3246	-6082.51	-6283.546	201.0358	0.607998	0.110811	0.210495	0.070696	2.245661	1.15368	4.489417	2.89829
3252	-6075.369	-6277.126	201.7575	0.627596	0.101152	0.192147	0.0791043	2.540718	1.140816	4.074342	2.616969
3258	-6086.948	-6288.493	201.5442	0.649899	0.0300446	0.257878	0.0621783	2.237309	1.081024	4.346869	2.616969
3264	-6079.736	-6281.062	201.326	0.647942	0.00490367	0.323961	0.0231934	2.123582	1.162441	4.346869	2.966483
3270	-6069.535	-6271.294	201.7591	0.647942	0.00490367	0.323961	0.0231934	1.853617	1.162441	4.301647	2.724227
3276	-6079.115	-6280.626	201.5108	0.554585	0.0671196	0.32175	0.0565451	1.710015	1.085143	4.476624	2.933642
3282	-6070.539	-6270.635	200.0967	0.52315	0.0658363	0.315598	0.0954159	1.695247	1.041314	4.962226	4.030227
3288	-6055.236	-6255.176	199.9401	0.626801	0.0475501	0.252555	0.073094	1.980108	1.04068	4.962226	3.898737
3294	-6063.739	-6265.81	202.0713	0.583972	0.113719	0.235298	0.0670108	2.121238	1.246928	4.103024	2.34816
3300	-6060.388	-6263.145	202.7574	0.564399	0.167989	0.227412	0.0401999	1.402876	1.217938	3.869308	2.852288
3306	-6073.504	-6276.077	202.5728	0.348506	0.401833	0.144458	0.105203	1.037197	1.163351	4.450549	2.1889
3312	-6073.83	-6276.012	202.1816	0.374629	0.431954	0.163372	0.0300437	1.093701	1.095694	4.713608	2.098761
3318	-6067.327	-6269.033	201.7056	0.391768	0.451715	0.0598876	0.0966292	1.316819	1.123615	4.838463	2.118363
3324	-6068.742	-6271.164	202.4216	0.398474	0.45741	0.0571469	0.086969	1.316819	1.085256	4.462665	2.108966
3330	-6076.972	-6279.364	202.3923	0.403884	0.430057	0.0888726	0.0771866	1.310524	1.078488	4.462665	2.166622
3336	-6075.964	-6277.641	201.6771	0.55425	0.271181	0.117692	0.0568769	2.043007	1.07715	4.718992	1.717779
3342	-6076.726	-6278.808	202.0813	0.436907	0.255715	0.276208	0.0311705	1.420548	1.099298	4.654215	1.964001
3348	-6074.106	-6275.65	201.5436	0.431866	0.209985	0.337089	0.021061	1.610157	1.067918	4.930525	1.848755
3354	-6065.84	-6267.786	201.9462	0.575548	0.156879	0.251838	0.0157346	1.932852	1.186469	3.984319	3.197292
3360	-6071.644	-6275.043	203.3982	0.611867	0.123049	0.233437	0.0316474	1.634726	1.182768	3.637251	2.242335
3366	-6067.629	-6270.732	203.1029	0.351364	0.515727	0.114736	0.0181735	1.423472	1.178121	4.001305	2.03277
3372	-6070.525	-6271.662	201.1376	0.36736	0.519703	0.0989368	0.0139999	1.507841	1.001234	5.485047	1.323027
3378	-6075.416	-6279.036	203.6201	0.268507	0.601362	0.0907442	0.039387	0.9357886	1.146927	4.298385	1.365031
3384	-6071.705	-6275.717	204.0121	0.274821	0.615505	0.106133	0.00354104	0.9357886	1.208623	4.125244	1.20349
3390	-6072.869	-6276.68	203.8114	0.269254	0.603037	0.103983	0.0237258	1.848629	1.114598	4.308454	0.3557287
3396	-6084.587	-6287.626	203.0394	0.37029	0.452004	0.143002	0.0347039	1.396425	1.165309	4.91559	0.3769724
3402	-6089.894	-6290.577	200.6828	0.344065	0.382232	0.253958	0.0197446	0.9628788	0.8794464	5.722321	2.127991
3408	-6093.858	-6293.837	199.9791	0.521591	0.268415	0.17995	0.0300442	1.423872	1.089048	5.754197	2.127991
3414	-6069.531	-6272.612	203.0816	0.296221	0.588489	0.0453251	0.0699648	1.417731	1.212074	4.298687	1.381537
3420	-6090.126	-6294.093	203.9675	0.303139	0.602233	0.0297111	0.0649167	0.992656	1.32547	3.797048	1.710967
3426	-6075.77	-6280.731	204.9616	0.411144	0.494026	0.0457005	0.0491299	1.742779	1.402121	2.957618	1.341638
3432	-6087.389	-6291.406	204.0174	0.419699	0.422958	0.0544432	0.1029	1.124735	1.402121	2.958358	3.4844
3438	-6084.517	-6286.554	202.0373	0.593065	0.180712	0.0919426	0.13428	1.990348	1.344147	3.790582	3.2765
3444	-6095.295	-6299.733	204.4374	0.542649	0.0952617	0.192841	0.169249	1.844639	1.294177	2.970149	1.98458
3450	-6078.447	-6282.063	203.6161	0.499905	0.256884	0.118286	0.124925	1.615894	1.315273	2.97975	3.506173
3456	-6078.397	-6282.216	203.8186	0.586157	0.147277	0.159223	0.107343	1.615894	1.268521	3.160298	2.725214
3462	-6085.198	-6285.788	200.5901	0.475027	0.390386	0.0673292	0.0672576	1.823937	1.013398	5.174943	2.388981
3468	-6073.234	-6275.863	202.6285	0.485463	0.382626	0.0659908	0.0659206	1.406419	1.109785	4.392295	1.860898
3474	-6079.077	-6282.124	203.0466	0.526331	0.352235	0.0607493	0.0606847	1.721286	1.216505	3.872345	2.021237
3480	-6078.403	-6281.674	203.2717	0.411147	0.523854	0.0191846	0.0458143	1.287898	1.196715	3.990837	1.970221
3486	-6074.235	-6277.236	203.0016	0.387039	0.493137	0.0766953	0.043128	1.07663	1.097914	4.438612	1.690417
3492	-6076.228	-6279.848	203.6194	0.381039	0.55336	0.0329564	0.032644	1.12771	1.203097	3.96693	1.762626
3498	-6071.567	-6275.518	203.9505	0.294668	0.667508	0.00651877	0.0313049	1.078361	1.236639	3.634115	2.104306
3504	-6069.5	-6273.231	203.731	0.395669	0.559602	0.00269424	0.042035	1.479616	1.292824	3.738214	1.609511
3510	-6067.531	-6272.251	204.7207	0.451007	0.485296	0.00487314	0.0588238	1.463638	1.392338	3.054302	1.719404
3516	-6075.962	-6280.605	204.6434	0.308301	0.629432	0.00409454	0.0581723	0.8857082	1.359046	3.36934	1.881231
3522	-6073.716	-6277.423	203.7068	0.391106	0.579553	0.00246948	0.0268712	1.117996	1.187695	3.734412	2.216164
3528	-6074.297	-6279.172	204.8757	0.36688	0.543655	0.00323805	0.086227	1.105688	1.28228	3.4088	1.351032
3534	-6080.8	-6285.619	204.8195	0.340221	0.568731	0.00935005	0.0816985	1.105688	1.26349	3.4088	1.435296
3540	-6087.455	-6289.475	202.02	0.49955	0.291674	0.0919808	0.116796	2.155988	1.036713	4.136574	2.613357
3546	-6090.68	-6292.989	202.3089	0.440164	0.39152	0.0965405	0.0717747	1.664249	1.230363	4.161253	2.392011
3552	-6071.484	-6274.617	203.133	0.453616	0.403485	0.0893781	0.0535207	1.259132	1.063254	4.233466	1.805377
3558	-6071.192	-6275.129	203.9377	0.513452	0.211715	0.252505	0.022328	1.259132	1.302697	3.303969	2.596801
3564	-6064.46	-6269.038	204.5777	0.485027	0.341456	0.105761	0.0677571	1.143078	1.287513	3.303969	1.871177
3570	-6076.984	-6279.426	202.4415	0.483042	0.294579	0.105328	0.117051	1.723156	1.110903	4.341279	1.871177
3576	-6066.995	-6268.773	201.7784	0.512219	0.270032	0.11169	0.106059	1.585282	1.226274	4.137772	3.441499
3582	-6065.527	-6268.153	202.6256	0.504676	0.261316	0.131372	0.102636	1.386206	1.16111	4.028371	2.733119
3588	-6075.773	-6278.733	202.9601	0.445488	0.295545	0.177238	0.0817287	1.355852	1.213599	3.963033	2.360658
3594	-6071.907	-6274.297	202.3902	0.406472	0.382421	0.136536	0.0745709	1.114626	1.213599	4.118033	3.193894
3600	-6069.913	-6272.632	202.7186	0.422101	0.378193	0.127362	0.0723442	1.114626	1.181301	4.033733	2.943004
3606	-6063.332	-6265.641	202.3084	0.470897	0.30631	0.142085	0.0807075	1.750347	1.212803	4.26603	2.05883
3612	-6062.586	-6264.786	202.2001	0.49738	0.323537	0.0842096	0.0948741	1.780299	1.138224	4.554373	1.610423
3618	-6071.329	-6272.901	201.5721	0.382296	0.397616	0.103491	0.116597	1.336356	0.9710844	5.214426	1.595164
3624	-6075.392	-6277.599	202.2071	0.33779	0.382959	0.166952	0.112299	1.358472	1.054034	4.539011	2.209183
3630	-6077.932	-6281.373	203.4409	0.334829	0.372114	0.154149	0.138908	1.064157	1.107708	4.361982	1.340119
3636	-6086.12	-6288.852	202.732	0.334002	0.48223	0.123579	0.060189	1.081266	1.20258	4.469758	1.8214
3642	-6081.143	-6285.671	204.5278	0.334002	0.48223	0.123579	0.060189	0.8378285	1.165057	3.973444	1.093738
3648	-6083.679	-6285.099	201.4198	0.278387	0.506747	0.132016	0.0828502	1.231564	1.062736	5.180059	1.86651
3654	-6073.272	-6276.749	203.4761	0.270696	0.492822	0.155921	0.0805614	0.9330016	1.119317	4.487901	1.189821
3660	-6073.16	-6277.279	204.1197	0.20577	0.615372	0.147351	0.0315068	0.9330016	1.196503	4.566802	0.3056033
3666	-6075.068	-6279.22	204.1521	0.234983	0.568616	0.178596	0.0178061	0.8620363	1.100619	4.632296	0.3406125
3672	-6078.061	-6282.176	204.1145	0.234983	0.568616	0.178596	0.0178061	0.8421735	1.143538	4.570158	0.4882606
3678	-6067.568	-6271.041	203.4729	0.266415	0.518889	0.202485	0.012211	0.7954534	1.030406	4.964201	0.5844358
3684	-6070.458	-6273.255	202.7969	0.281162	0.54761	0.157707	0.0135208	0.8554857	1.096957	4.91316	1.212328
3690	-6077.088	-6278.331	201.2433	0.434999	0.300085	0.243997	0.0209187	0.9110664	1.024185	5.116288	2.793073
3696	-6069.266	-6271.202	201.936	0.439362	0.303095	0.246444	0.0110993	1.54025	1.139321	4.423422	2.547922
3702	-6078.335	-6280.121	201.786	0.549955	0.105721	0.333689	0.0106356	1.58936	1.116252	4.423422	2.752169
3708	-6067.229	-6269.665	202.4367	0.507498	0.309595	0.136475	0.0464317	1.58936	1.045833	4.478868	1.790037
3714	-6067.447	-6268.902	201.4554	0.442623	0.270019	0.265143	0.0222147	1.54425	1.127561	4.646723	2.689319
3720	-6079.81	-6283.83	204.0196	0.536647	0.32181	0.126024	0.0155186	2.56254	1.371295	2.933727	1.838333
3726	-6085.416	-6288.576	203.1596	0.634276	0.187351	0.171725	0.00664802	2.180011	1.289192	3.474091	2.231393
3732	-6087.106	-6288.764	201.6577	0.615357	0.19163	0.0673403	0.125672	2.489406	1.128945	4.441254	1.905594
3738	-6083.362	-6285.916	202.5537	0.355216	0.451937	0.0661084	0.126739	1.379715	1.059077	4.441254	1.941919
3744	-6092.591	-6294.991	202.4004	0.392408	0.489563	0.0657184	0.0523102	1.442639	1.068881	4.674503	1.535783
3750	-6085.613	-6286.831	201.2177	0.483085	0.39924	0.0771127	0.0405621	1.971039	1.064666	4.737665	2.379985
3756	-6082.267	-6284.022	201.7552	0.555655	0.24672	0.0886967	0.108928	1.971039	1.079561	4.737665	1.644533
3762	-6090.255	-6295.33	205.075	0.275025	0.612886	0.0507719	0.0613179	0.8508987	1.309481	3.46559	1.277035
3768	-6090.061	-6294.905	204.8443	0.273303	0.609049	0.0881655	0.029482	0.7196947	1.309481	3.52205	1.585579
3774	-6083.636	-6288.255	204.6196	0.384642	0.399611	0.181568	0.0341793	0.9958265	1.310744	3.462913	1.632432
3780	-6082.785	-6284.4	201.6152	0.633096	0.0209632	0.294242	0.0516986	2.077211	1.173931	3.913863	3.857001
3786	-6087.705	-6288.44	200.735	0.633096	0.0209632	0.294242	0.0516986	2.018292	1.132414	4.610866	3.362413
3792	-6087.776	-6288.706	200.9303	0.553672	0.150678	0.229913	0.0657378	1.983721	1.181395	4.756055	2.571444
3798	-6086.611	-6286.855	200.244	0.594124	0.137397	0.209648	0.0588303	1.983721	0.9771376	5.250847	2.571444
3804	-6094.636	-6296.238	201.6023	0.504024	0.233824	0.188709	0.073443	2.165823	1.220177	4.460854	2.11046
3810	-6079.766	-6282.572	202.8064	0.531963	0.239642	0.153125	0.0752703	2.095734	1.323823	3.460136	2.841766
3816	-6082.657	-6285.823	203.1663	0.531963	0.239642	0.153125	0.0752703	1.399993	1.207072	3.607877	2.946324
3822	-6086.051	-6288.953	202.9021	0.578767	0.0960703	0.271877	0.0532853	1.619993	1.079157	3.837381	2.635197
3828	-6071.65	-6273.578	201.9282	0.551532	0.168237	0.225811	0.0544201	1.830776	1.21777	4.458356	2.019572
3834	-6073.739	-6276.691	202.9526	0.445149	0.304391	0.190322	0.0601381	1.830776	1.33036	3.780095	2.093221
3840	-6071.425	-6272.44	201.0147	0.547461	0.171432	0.234065	0.0470422	1.830052	1.107271	4.396691	3.868272
3846	-6075.961	-6277.263	201.3019	0.610962	0.106484	0.220084	0.0624701	1.830052	1.13306	4.413438	3.234673
3852	-6061.259	-6263.636	202.377	0.591319	0.131904	0.193496	0.0832816	1.860112	1.129805	4.143608	2.257437
3858	-6079.473	-6280.976	201.5029	0.503144	0.188642	0.174067	0.134147	2.086554	1.11011	4.143608	3.418933
3864	-6073.883	-6275.358	201.475	0.588609	0.179777	0.130807	0.100808	2.59419	1.12909	4.301521	2.404675
3870	-6081.254	-6282.266	201.0114	0.595204	0.181791	0.132272	0.0907328	2.11477	1.178869	4.381064	3.388162
3876	-6076.25	-6277.755	201.5054	0.538657	0.257152	0.0784796	0.125712	2.42867	1.228212	3.884795	3.586901
3882	-6071.979	-6273.161	201.1821	0.539889	0.275427	0.0486463	0.136038	1.766396	1.109961	4.511927	3.267041
3888	-6060.775	-6262.853	202.0784	0.569239	0.166475	0.131473	0.132813	1.421108	1.021857	4.434027	2.639406
3894	-6065.639	-6268.126	202.4875	0.507661	0.147457	0.226436	0.118446	1.515824	1.223189	3.673608	3.744298
3900	-6064.049	-6267.772	203.723	0.447999	0.329669	0.117806	0.104526	1.343717	1.263304	3.505991	2.345935
3906	-6056.645	-6258.885	202.2399	0.486868	0.287067	0.0701239	0.155942	1.571071	1.185708	4.348962	2.191627
3912	-6069.637	-6269.293	199.6553	0.499708	0.294638	0.0719733	0.133681	1.651442	1.054455	5.421507	3.338195
3918	-6079.328	-6281.507	202.1792	0.508248	0.299673	0.0561121	0.135966	1.889706	1.194141	4.472912	1.63921
3924	-6081.22	-6285.027	203.8066	0.457816	0.348789	0.0709202	0.122474	1.230022	1.123215	4.069971	1.312087
3930	-6085.009	-6286.303	201.2943	0.471127	0.35893	0.0439081	0.126035	1.525951	1.172949	4.737486	2.641151
3936	-6080.645	-6283.887	203.2416	0.462295	0.352201	0.0138776	0.171626	1.647473	1.205205	3.85906	1.889475
3942	-6070.196	-6272.118	201.9217	0.388217	0.467685	0.0152868	0.128811	1.335271	1.203022	4.628334	2.206662
3948	-6065.723	-6267.355	201.6328	0.381694	0.459827	0.00822087	0.150257	1.394198	1.102901	4.953226	1.87605
3954	-6071.763	-6273.593	201.8304	0.408978	0.492696	0.00301742	0.0953088	1.221522	1.063031	4.953226	1.87605
3960	-6076.246	-6279.19	202.9441	0.383573	0.47378	0.00437751	0.138269	1.117009	1.118186	4.228037	2.174286
3966	-6088.906	-6293.15	204.2438	0.292021	0.653556	0.00603855	0.0483848	1.481186	1.203473	3.535478	1.52075
3972	-6096.108	-6299.805	203.6973	0.243728	0.648093	0.087282	0.0208968	0.7447917	1.151358	4.433229	1.231824
3978	-6086.34	-6289.813	203.4726	0.277196	0.533702	0.0432366	0.145865	0.9564551	1.156641	4.433229	1.231824
3984	-6084.54	-6287.448	202.9084	0.204614	0.643993	0.0393401	0.112053	0.8985502	1.094258	4.664826	1.537978
3990	-6079.732	-6284.098	204.366	0.230068	0.599635	0.116565	0.053732	0.8906577	1.134342	4.026606	1.140047
3996	-6088.8	-6293.83	205.0298	0.337093	0.477807	0.0913343	0.0937657	0.9075335	1.355994	3.189069	1.754218
4002	-6087.638	-6291.227	203.5893	0.472347	0.359543	0.0975524	0.0705575	1.842438	1.388132	3.082697	2.815957
4008	-6088.348	-6290.802	202.4547	0.538167	0.214669	0.121238	0.125926	1.80173	1.271424	3.833516	2.815552
4014	-6071.973	-6273.842	201.8686	0.444898	0.402104	0.0628298	0.0901679	1.581994	1.224719	4.549036	2.147032
4020	-6069.046	-6272.048	203.0019	0.484302	0.329033	0.088511	0.098154	1.793448	1.1013	4.004811	1.852144
4026	-6077.235	-6279.637	202.4022	0.471645	0.325687	0.105512	0.0971558	1.483243	1.134016	4.182866	2.568201
4032	-6063.562	-6266.257	202.6947	0.502487	0.322535	0.0843375	0.0906399	1.749584	1.176615	3.864659	2.568201
4038	-6071.85	-6274.089	202.239	0.39395	0.325267	0.206005	0.0747776	1.640013	1.176615	3.994511	3.080949
4044	-6075.912	-6278.432	202.5201	0.481029	0.322501	0.115072	0.0813971	1.640013	1.170874	4.271992	1.938664
4050	-6063.441	-6266.118	202.676	0.547504	0.26389	0.122001	0.0666041	2.008115	1.203818	3.810568	2.396151
4056	-6071.303	-6275.209	203.9063	0.519343	0.265723	0.162013	0.052921	1.701482	1.439008	2.976813	2.691272
4062	-6074.044	-6276.2	202.1561	0.626394	0.0924181	0.142471	0.138718	1.936224	1.150815	3.92737	3.064744
4068	-6071.49	-6274.064	202.5735	0.540525	0.100009	0.209354	0.150112	1.701831	1.093997	4.13283	2.235149
4074	-6074.042	-6277.273	203.2306	0.435705	0.344503	0.19601	0.0237826	1.250361	1.191162	3.885417	2.337275
4080	-6068.888	-6270.315	201.4267	0.358053	0.394247	0.228156	0.0195441	1.601526	1.044241	4.819409	2.320668
4086	-6060.345	-6263.154	202.809	0.476986	0.303391	0.214834	0.00478924	1.55805	1.06699	4.464763	1.383757
4092	-6083.664	-6285.736	202.072	0.444549	0.335432	0.214973	0.00504614	1.890218	1.102169	4.464763	1.906386
4098	-6089.662	-6292.869	203.2069	0.312867	0.500958	0.168157	0.0180181	1.778663	1.260656	3.950511	1.536397
4104	-6071.437	-6275.93	204.4927	0.312867	0.500958	0.168157	0.0180181	0.7848629	1.150794	3.636846	1.888075
4110	-6071.809	-6273.743	201.9336	0.410747	0.352757	0.220765	0.0157306	1.78072	1.075232	4.691684	1.712701
4116	-6087.993	-6290.919	202.9253	0.424502	0.440047	0.12138	0.014071	1.187272	1.127399	3.734658	3.461525
4122	-6069.689	-6272.269	202.5804	0.520304	0.250172	0.187463	0.0420611	1.404087	1.121212	4.441635	1.798813
4128	-6071.213	-6276.371	205.1586	0.426089	0.305081	0.18182	0.0870107	1.270175	1.311945	2.955496	1.695916
4134	-6077.504	-6281.222	203.7181	0.475051	0.225227	0.202713	0.0970091	1.476216	1.294006	3.6891	1.730801
4140	-6069.359	-6272.119	202.7594	0.432479	0.378014	0.0273965	0.16211	1.491595	1.226192	3.793781	2.923127
4146	-6069.269	-6272.532	203.2635	0.512342	0.325907	0.0219863	0.139764	1.938364	1.27369	3.647337	1.948939
4152	-6078.721	-6281.676	202.9556	0.495637	0.348308	0.00993889	0.146117	2.638814	1.246602	3.742135	1.551133
4158	-6066.21	-6268.225	202.0145	0.387726	0.387207	0.110763	0.114304	1.772238	1.191688	4.00746	3.217299
4164	-6077.028	-6279.641	202.6131	0.404089	0.43689	0.0398929	0.119128	1.668381	1.199176	4.032273	2.319465
4170	-6063.408	-6267.011	203.6035	0.482745	0.399133	0.0541647	0.0639572	1.352359	1.206309	3.472744	2.686071
4176	-6069.509	-6271.732	202.2238	0.510517	0.334835	0.0776997	0.0769479	1.720525	1.182671	4.254643	2.279571
4182	-6083.131	-6284.618	201.4876	0.551163	0.221941	0.175893	0.0510038	1.720525	0.9726373	4.854205	2.110252
4188	-6076.251	-6276.708	200.4571	0.515592	0.212835	0.222662	0.0489112	2.160696	1.002273	5.262131	2.014946
4194	-6065.861	-6266.102	200.2408	0.50767	0.232847	0.200167	0.059316	2.231368	0.9913752	5.448234	1.805945
4200	-6062.171	-6264.281	202.1101	0.527744	0.202935	0.20766	0.0616613	1.444462	1.157213	4.176521	3.073329
4206	-6061.819	-6263.085	201.2657	0.587898	0.226067	0.117346	0.0686897	1.459332	1.108258	4.803824	2.691242
4212	-6066.995	-6269.54	202.5452	0.58979	0.226794	0.114506	0.0689108	2.124771	1.194297	3.606872	3.035769
4218	-6068.068	-6269.097	201.0295	0.52058	0.308326	0.100699	0.070395	2.626035	1.230082	4.290796	2.939033
4224	-6070.09	-6272.953	202.8636	0.545256	0.305482	0.0326859	0.116577	1.86718	1.220587	3.652766	2.66314
4230	-6080.734	-6283.38	202.6456	0.545256	0.305482	0.0326859	0.116577	1.616942	1.212685	3.931687	2.575427
4236	-6072.943	-6275.289	202.3454	0.538058	0.277716	0.0570567	0.12717	1.86798	1.112766	3.918677	2.925487
4242	-6064.188	-6267.027	202.8383	0.456773	0.428033	0.0225142	0.0926796	1.86798	1.190235	3.811381	2.333304
4248	-6067.043	-6269.464	202.4207	0.557481	0.301927	0.0274781	0.113113	1.598166	1.12371	4.46407	1.736293
4254	-6067.052	-6271.33	204.2781	0.3816	0.519122	0.00290465	0.0963732	1.18314	1.24807	3.432309	1.978565
4260	-6084.878	-6288.359	203.4805	0.380678	0.517869	0.0053127	0.0961404	1.18314	1.24807	3.520951	2.935241
4266	-6068.316	-6272.353	204.037	0.402996	0.481028	0.0266751	0.0893011	0.9981031	1.310097	3.537443	2.223319
4272	-6070.347	-6272.206	201.8589	0.328533	0.571091	0.042286	0.0580899	1.035489	1.140616	4.868405	2.178329
4278	-6070.608	-6272.924	202.316	0.305756	0.531496	0.0393543	0.123393	1.143181	1.019158	4.699245	1.99106
4284	-6088.178	-6288.731	200.5531	0.608547	0.0383051	0.241335	0.111813	2.426961	1.056347	4.92723	2.39022
4290	-6079.83	-6284.052	204.2227	0.332981	0.426645	0.069109	0.171265	1.065486	1.216744	3.786724	1.471906
4296	-6084.224	-6287.543	203.3185	0.453861	0.446481	0.0748323	0.0248256	0.9679044	1.193053	3.815072	2.804539
4302	-6077.733	-6281.087	203.3532	0.487488	0.264433	0.109792	0.138287	1.214436	1.106466	3.998528	2.055032
4308	-6082.361	-6284.41	202.0488	0.48661	0.295265	0.0997629	0.118363	1.35508	1.114583	4.663144	2.043556
4314	-6083.444	-6286.409	202.9647	0.437086	0.385818	0.0921023	0.0849929	1.337414	1.158879	4.07271	2.182235
4320	-6076.752	-6277.312	200.5595	0.602072	0.0703698	0.228202	0.099356	1.979453	1.145394	4.543737	3.948592
4326	-6074.014	-6276.772	202.7584	0.668901	0.0723097	0.234493	0.0242963	2.027457	1.203858	3.637711	2.703553
4332	-6073.491	-6276.049	202.5586	0.633131	0.0176814	0.337	0.0121882	2.564796	1.272129	3.629955	2.355062
4338	-6069.397	-6272.593	203.1965	0.629224	0.0175723	0.350667	0.00253665	1.650828	1.229055	3.248402	3.553771
4344	-6061.559	-6264.747	203.188	0.620285	0.0222228	0.353347	0.00414518	2.059563	1.294497	3.439986	2.393001
4350	-6075.211	-6278.44	203.2295	0.621924	0.0229766	0.350468	0.00463219	2.059563	1.284614	3.022228	3.50269
4356	-6073.903	-6276.342	202.4385	0.535617	0.0141345	0.444847	0.00540113	1.587249	1.213152	3.881477	3.089986
4362	-6067.544	-6270.374	202.8301	0.532975	0.0140647	0.442653	0.0103075	1.587249	1.234678	3.998839	2.141024
4368	-6060.094	-6262.434	202.3403	0.734988	0.0193957	0.215214	0.0304024	1.886643	1.18493	3.998839	2.574088
4374	-6064.727	-6266.011	201.2839	0.650206	0.0156333	0.277701	0.05646	1.683022	1.088713	4.404795	3.5876
4380	-6060.978	-6262.791	201.8123	0.613888	0.0304501	0.337348	0.018314	1.332474	1.163978	4.404795	3.052141
4386	-6077.957	-6277.324	199.3672	0.569394	0.0864172	0.312897	0.0312921	1.762936	1.034599	5.739804	2.729859
4392	-6070.26	-6272.797	202.5367	0.520056	0.126846	0.305156	0.0479424	1.657548	1.161222	4.178685	2.130851
4398	-6065.686	-6269.086	203.4006	0.506709	0.167867	0.276561	0.0488624	1.848779	1.155388	3.599797	2.126851
4404	-6074.352	-6277.194	202.8427	0.389792	0.202578	0.348665	0.0589658	1.248562	1.153428	4.214279	2.126851
4410	-6067.012	-6269.87	202.8586	0.513518	0.282877	0.131492	0.072113	1.538697	1.119427	4.207975	1.82382
4416	-6064.031	-6266.024	201.9929	0.432593	0.207737	0.275966	0.0837045	1.704251	1.142101	4.207975	2.837428
4422	-6069.536	-6272.918	203.3824	0.38069	0.492589	0.0875655	0.0391549	1.377756	1.187227	3.472492	3.039838
4428	-6071.36	-6274.267	202.9068	0.478721	0.331705	0.110114	0.0794596	1.37409	1.174084	3.785333	2.96065
4434	-6069.721	-6270.524	200.8022	0.480339	0.332826	0.0670264	0.119809	1.37409	1.023333	5.025837	3.057414
4440	-6071.626	-6271.254	199.628	0.458369	0.314681	0.135539	0.0914106	1.37409	0.9157371	5.393191	4.213372
4446	-6079.101	-6280.159	201.058	0.528523	0.295146	0.0748917	0.101439	2.206915	1.128204	4.775637	2.173155
4452	-6097.638	-6299.307	201.6696	0.407543	0.184561	0.329677	0.0782194	1.339247	1.090782	4.95051	1.914283
4458	-6077.158	-6278.065	200.9067	0.358442	0.439771	0.132992	0.0687956	1.339247	1.081456	5.493564	1.650837
4464	-6085.802	-6286.979	201.1778	0.360362	0.382598	0.142877	0.114162	1.860243	1.03414	5.083311	1.751304
4470	-6096.672	-6299.485	202.8127	0.288181	0.451693	0.16868	0.091446	1.010153	1.112859	4.637221	1.553695
4476	-6078.378	-6281.646	203.2681	0.250532	0.629517	0.0965551	0.0233953	0.6741348	1.058682	4.578205	1.615642
4482	-6080.254	-6283.839	203.5847	0.317273	0.519223	0.0823915	0.081112	1.029854	1.073729	4.393228	1.198017
4488	-6074.42	-6279.458	205.0375	0.272936	0.529784	0.157146	0.0401341	1.030986	1.278861	3.466001	1.154136
4494	-6083.734	-6286.71	202.9758	0.270398	0.610923	0.0914848	0.0271946	0.7909286	1.00443	4.776551	1.461907
4500	-6084.028	-6287.995	203.9666	0.235267	0.563142	0.178202	0.0233889	1.070579	1.082511	4.107313	1.276949
4506	-6064.363	-6268.089	203.7256	0.382847	0.454466	0.143813	0.0188753	1.599728	1.140038	3.910693	1.329153
4512	-6061.923	-6263.422	201.4993	0.366157	0.479375	0.137543	0.0169243	1.09389	1.04823	5.050059	2.274115
4518	-6065.962	-6269.154	203.1921	0.408995	0.426739	0.153635	0.010631	1.223166	1.220513	4.241227	1.565052
4524	-6072.837	-6277.444	204.6067	0.433609	0.359878	0.162535	0.043978	1.263835	1.220513	3.305622	1.771339
4530	-6079.357	-6283.903	204.5456	0.428331	0.355497	0.15827	0.0579019	1.095983	1.266144	3.257584	2.106876
4536	-6070.283	-6274.636	204.3531	0.394826	0.412977	0.183861	0.0083356	1.187028	1.254299	3.319411	2.123371
4542	-6079.308	-6281.792	202.4841	0.46529	0.296401	0.224474	0.013835	1.959341	1.143348	4.038478	2.239844
4548	-6086.063	-6289.557	203.4939	0.407631	0.259671	0.320014	0.0126828	1.240814	1.134451	3.810963	2.239844
4554	-6080.445	-6283.267	202.8217	0.410264	0.400592	0.130045	0.0590982	1.273913	1.137694	4.255518	2.04583
4560	-6077.25	-6280.875	203.625	0.41842	0.408555	0.13263	0.0403951	1.377079	1.292679	3.642125	2.071796
4566	-6088.309	-6292.044	203.7348	0.45649	0.396805	0.111015	0.0356902	1.576263	1.235778	3.544902	1.993139
4572	-6079.512	-6281.277	201.7656	0.373189	0.466052	0.106006	0.0547527	1.610634	1.041158	4.706659	2.12136
4578	-6087.107	-6288.198	201.0904	0.410702	0.333715	0.08995	0.165632	1.610634	0.9996051	4.867431	2.755528
4584	-6090.292	-6294.368	204.0755	0.215383	0.595226	0.0549652	0.134425	1.087371	1.221701	3.936934	1.31391
4590	-6083.62	-6286.601	202.981	0.437012	0.420278	0.106308	0.0364016	1.446081	1.069023	4.057167	2.18786
4596	-6076.363	-6279.551	203.1886	0.455872	0.364319	0.132784	0.0470249	1.446081	1.254395	3.974089	1.856624
4602	-6084.607	-6287.741	203.1333	0.354148	0.500966	0.0348165	0.110069	1.588065	1.148844	4.11294	1.603686
4608	-6090.059	-6293.951	203.892	0.378151	0.534918	0.0161411	0.0707899	1.125666	1.223836	3.859743	1.634567
4614	-6073.297	-6278.309	205.0119	0.463593	0.280886	0.199849	0.0556722	1.047341	1.432566	2.714789	2.566901
4620	-6069.578	-6274.937	205.359	0.38351	0.347542	0.225057	0.0438903	0.9878439	1.360443	2.588457	2.550454
4626	-6073.365	-6276.621	203.2557	0.400737	0.43497	0.122277	0.0420164	1.297694	1.199949	3.853696	2.305116
4632	-6072.172	-6275.379	203.2073	0.356261	0.386695	0.230047	0.0269971	1.165673	1.09971	4.403742	1.417693
4638	-6068.158	-6271.812	203.654	0.356261	0.386695	0.230047	0.0269971	1.169074	1.170748	3.865606	1.935174
4644	-6063.612	-6266.683	203.0709	0.433045	0.324203	0.220117	0.0226342	1.255398	1.229697	3.826054	2.667611
4650	-6070.69	-6275.65	204.96	0.245512	0.517523	0.196056	0.0409096	0.7049211	1.222067	3.731855	1.167491
4656	-6063.641	-6268.082	204.4419	0.270405	0.542232	0.132964	0.0543984	1.050129	1.194617	3.944401	0.9842244
4662	-6060.726	-6264.546	203.8194	0.338671	0.491497	0.120524	0.0493086	0.9150653	1.143366	3.944401	1.903296
4668	-6061.196	-6263.558	202.3622	0.348317	0.505496	0.123956	0.0222308	1.366999	1.084986	4.80512	1.370619
4674	-6079.403	-6282.229	202.8261	0.407847	0.349429	0.131899	0.110825	1.099923	1.109306	4.519002	1.688612
4680	-6075.355	-6277.54	202.1855	0.47967	0.391243	0.0749961	0.0540912	1.319977	1.139879	4.744929	1.688612
4686	-6080.7	-6283.02	202.3198	0.45621	0.352474	0.0468946	0.144422	1.982354	1.108484	4.242705	1.996503
4692	-6078.511	-6281.449	202.9381	0.546897	0.143276	0.219331	0.0904952	1.27612	1.071979	4.246575	1.996503
4698	-6069.249	-6271.792	202.543	0.406696	0.430775	0.117173	0.0453567	1.396608	1.122647	4.348599	2.070351
4704	-6081.229	-6283.199	201.9704	0.405039	0.42902	0.125164	0.0407773	1.341057	0.9968969	4.831171	1.921744
4710	-6080.089	-6281.683	201.5938	0.511869	0.154765	0.248059	0.0853075	1.341057	1.026103	4.855045	2.340561
4716	-6078.019	-6278.873	200.854	0.520141	0.171508	0.224578	0.0837724	1.829676	1.09616	5.062726	2.17667
4722	-6094.174	-6296.039	201.8648	0.50602	0.239998	0.162071	0.0919108	1.700796	1.103419	4.527018	2.239131
4728	-6073.925	-6276.372	202.4474	0.54035	0.258899	0.150373	0.0503779	1.667793	1.237223	3.558885	3.93104
4734	-6083.509	-6285.253	201.7437	0.479551	0.176846	0.294785	0.0488178	1.84747	1.085858	4.638225	1.997035
4740	-6077.206	-6277.549	200.3429	0.528274	0.206348	0.233577	0.0318001	1.84747	1.038467	4.879936	3.609781
4746	-6067.766	-6268.705	200.939	0.534209	0.208197	0.235671	0.0219223	1.66963	1.090482	5.021765	2.351523
4752	-6071.885	-6272.764	200.8789	0.446738	0.241195	0.259821	0.0522463	1.430782	1.088476	5.106309	2.518509
4758	-6074.832	-6276.985	202.153	0.48974	0.264412	0.159341	0.0865074	1.425824	1.242882	4.473926	2.099782
4764	-6071.584	-6273.979	202.3955	0.431655	0.306021	0.184416	0.0779086	1.364172	1.111623	4.333647	2.37124
4770	-6071.906	-6273.15	201.2442	0.471119	0.298349	0.154577	0.0759554	1.929385	1.112047	4.780158	2.210586
4776	-6070.045	-6271.474	201.4291	0.511499	0.265681	0.162226	0.0605935	1.803489	1.128839	4.429902	3.01016
4782	-6065.69	-6267.405	201.7145	0.598936	0.20064	0.169224	0.0312	2.334452	1.172056	4.106748	2.764413
4788	-6072.647	-6275.736	203.0892	0.642676	0.130556	0.214217	0.0125512	1.775458	1.273826	3.495284	2.764413
4794	-6070.928	-6273.383	202.455	0.640241	0.130061	0.206346	0.0233518	2.449123	1.342959	3.537326	2.764413
4800	-6064.767	-6268.403	203.6358	0.490563	0.343331	0.158105	0.00800032	1.677143	1.281858	3.537326	1.969316
4806	-6066.862	-6270.22	203.3576	0.52873	0.236911	0.170406	0.0639532	1.54805	1.201186	3.80745	1.969316
4812	-6081.92	-6285.334	203.4138	0.478471	0.241602	0.238992	0.0409353	1.45443	1.11294	3.931898	1.834454
4818	-6078.115	-6277.995	199.8804	0.538092	0.271707	0.173606	0.0165948	2.557508	1.048571	5.096698	2.833862
4824	-6090.186	-6290.824	200.6385	0.633161	0.144757	0.196967	0.0251146	1.911811	1.0562	4.767504	3.315235
4830	-6080.903	-6281.981	201.0771	0.513023	0.257301	0.203702	0.0259735	1.399305	1.106799	4.767504	3.199623
4836	-6074.99	-6277.439	202.4491	0.53679	0.188857	0.256293	0.01806	1.412981	1.164821	4.28839	2.269913
4842	-6071.467	-6274.759	203.292	0.446557	0.281092	0.2632	0.00915024	1.060603	1.220292	4.166984	1.793567
4848	-6073.532	-6276.635	203.103	0.454845	0.276972	0.259342	0.00884068	1.164175	1.11155	4.27894	1.793567
4854	-6073.761	-6276	202.2391	0.376179	0.259057	0.352275	0.0124888	1.603241	1.089049	4.593923	1.71281
4860	-6081.572	-6282.936	201.3635	0.417611	0.334049	0.106226	0.142114	1.454428	0.98217	5.077093	2.025654
4866	-6073.666	-6276.518	202.8513	0.315031	0.556461	0.0918682	0.0366395	1.428281	1.073767	4.204608	2.025654
4872	-6079.878	-6282.286	202.4075	0.434066	0.373146	0.122049	0.07074	1.178422	1.14644	4.204608	2.917533
4878	-6075.625	-6277.462	201.8371	0.552281	0.267936	0.158423	0.0213597	1.146566	1.060692	4.680442	2.664789
4884	-6074.192	-6276.638	202.4462	0.482578	0.222872	0.195928	0.0986216	1.333387	1.06019	4.468388	2.075204
4890	-6087.688	-6289.87	202.1825	0.293888	0.532239	0.152574	0.0212989	1.005257	1.043464	5.109538	1.389109
4896	-6090.579	-6292.292	201.7127	0.382686	0.411646	0.180627	0.0250411	0.8176223	1.091318	5.069905	2.255663
4902	-6078.656	-6281.307	202.6516	0.397914	0.401031	0.168891	0.0321654	0.8152363	1.148005	4.626744	1.983643
4908	-6078.811	-6281.133	202.3226	0.41147	0.307114	0.247649	0.0337674	1.179087	1.067231	4.454977	2.479414
4914	-6067.1	-6268.665	201.5649	0.475362	0.362287	0.122517	0.0398336	2.111789	1.190156	4.454977	2.273958
4920	-6065.128	-6269.285	204.1573	0.521023	0.293936	0.134285	0.0507554	1.146563	1.238595	3.459704	2.138396
4926	-6072.42	-6276.453	204.0336	0.484249	0.337116	0.154012	0.024623	1.345342	1.248358	3.337196	2.333105
4932	-6089.054	-6289.798	200.7447	0.510406	0.325212	0.140628	0.0237536	1.443413	1.170895	4.490529	4.614896
4938	-6069.917	-6273.231	203.3143	0.447347	0.311786	0.199241	0.0416262	1.84064	1.170895	3.838646	1.690233
4944	-6087.925	-6289.099	201.1748	0.621646	0.0811054	0.276871	0.0203783	1.742521	1.212154	4.523321	3.100737
4950	-6093.67	-6295.941	202.2713	0.395872	0.431768	0.163642	0.00871827	1.522342	1.181254	4.235237	2.504049
4956	-6078.898	-6282.454	203.5559	0.393255	0.428913	0.169172	0.00866062	1.212863	1.234969	3.743411	2.212921
4962	-6082.319	-6285.472	203.1526	0.373509	0.448298	0.131237	0.0469554	1.152179	1.194597	3.99335	2.306569
4968	-6074.453	-6278.483	204.0299	0.324658	0.437799	0.216251	0.0212914	0.9271652	1.15492	3.788492	1.951764
4974	-6077.486	-6280.606	203.1196	0.377001	0.508382	0.0898927	0.024724	0.72595	1.154477	4.426444	1.951764
4980	-6064.844	-6267.844	203.0001	0.369131	0.49777	0.108891	0.0242079	1.214629	1.066522	4.418469	1.613237
4986	-6069.226	-6271.546	202.3204	0.36801	0.390905	0.160926	0.0801589	1.259266	1.043626	4.79457	1.601771
4992	-6079.777	-6282.975	203.1982	0.425852	0.395052	0.0980868	0.0810093	0.9058325	1.104856	4.461628	1.601771
4998	-6065.703	-6268.381	202.6775	0.460767	0.36502	0.0906303	0.0835827	1.47815	1.075193	4.461628	1.612472
5004	-6073.013	-6276.354	203.3409	0.449214	0.379729	0.0889889	0.0820689	2.043551	1.18758	3.658543	1.832747
5010	-6076.889	-6279.661	202.7721	0.496658	0.304892	0.172268	0.0261812	1.567634	1.151435	4.220986	1.832747
5016	-6086.938	-6289.569	202.6312	0.472858	0.320333	0.162902	0.043907	1.558471	1.206545	3.754711	3.190507
5022	-6092.019	-6294.691	202.6723	0.55692	0.0431978	0.349697	0.0501845	2.122709	1.350494	3.626872	2.5309
5028	-6075.383	-6279.563	204.1798	0.550644	0.0539804	0.345756	0.0496189	1.688604	1.3618	2.927662	2.5309
5034	-6066.936	-6271.762	204.8259	0.416426	0.310911	0.238445	0.0342188	1.351905	1.373271	2.845721	2.191741
5040	-6063.564	-6268.234	204.6698	0.471969	0.241968	0.270249	0.015814	1.276561	1.324762	3.05673	2.085256
5046	-6072.196	-6274.606	202.4094	0.486743	0.249543	0.214488	0.0492253	1.616708	1.219954	4.113153	2.441921
5052	-6078.58	-6281.112	202.5327	0.542781	0.282365	0.157145	0.0177094	1.496485	1.273654	3.850695	3.049734
5058	-6074.723	-6278.155	203.4325	0.466883	0.242881	0.279242	0.0109941	1.0572	1.11536	3.850695	2.513289
5064	-6074.276	-6277.294	203.0183	0.410358	0.334545	0.245434	0.0096631	0.9254431	1.14173	4.278534	2.179302
5070	-6080.596	-6283.179	202.5822	0.468996	0.274168	0.233272	0.0235639	1.445041	1.202363	3.812412	3.279311
5076	-6079.426	-6282.495	203.0687	0.457176	0.292462	0.227392	0.02297	1.380807	1.225594	3.812412	2.538184
5082	-6072.874	-6277.494	204.6202	0.395653	0.417872	0.185327	0.00114848	0.7305799	1.155023	3.714087	1.628671
5088	-6074.043	-6278.663	204.6199	0.336745	0.504722	0.157734	0.000798743	0.6993326	1.237294	3.685824	1.628671
5094	-6073.488	-6277.511	204.0226	0.338627	0.359556	0.300578	0.0012388	0.8583412	1.327065	3.580344	2.317446
5100	-6063.334	-6267.114	203.7799	0.401655	0.407179	0.190382	0.00078464	1.452149	1.260348	3.608093	1.898956
5106	-6076.949	-6280.694	203.7444	0.368437	0.409402	0.220586	0.00157555	1.452149	1.317427	3.46518	2.200696
5112	-6087.092	-6290.366	203.2744	0.401392	0.439649	0.157267	0.00169195	1.158201	1.183601	4.122228	1.842344
5118	-6085.349	-6288.69	203.3406	0.441077	0.248216	0.310414	0.000292743	1.092842	1.120393	4.127107	1.908666
5124	-6081.78	-6283.203	201.4224	0.464401	0.261342	0.269244	0.00501361	1.821241	1.093328	4.896899	1.829698
5130	-6076.953	-6277.314	200.3614	0.446005	0.263678	0.236687	0.0536289	1.422215	0.982904	5.540138	2.28998
5136	-6074.909	-6276.73	201.821	0.494268	0.292212	0.154088	0.0594322	1.698588	1.190549	4.625289	1.944198
5142	-6076.547	-6279.62	203.0725	0.347285	0.561964	0.0246902	0.0660611	1.402835	1.053063	4.584268	1.035661
5148	-6080.707	-6282.891	202.1832	0.348704	0.546359	0.0386057	0.066331	0.9812697	1.056064	4.565614	2.704949
5154	-6069.477	-6270.715	201.2384	0.306904	0.58965	0.0476521	0.0557946	1.268956	1.06	5.398971	1.562129
5160	-6070.827	-6273.104	202.2776	0.294077	0.480244	0.170119	0.0555605	1.139727	1.164756	4.696353	1.862082
5166	-6065.054	-6266.339	201.2845	0.450263	0.393148	0.131305	0.0252838	1.647955	1.088956	5.090195	1.7468
5172	-6072.951	-6274.492	201.5411	0.552929	0.244024	0.181861	0.0211861	2.081635	1.138181	4.804653	1.588212
5178	-6077.088	-6279.685	202.5971	0.288612	0.453629	0.230864	0.0268948	1.124665	1.17574	4.191094	2.687186
5184	-6073.139	-6274.667	201.5283	0.452238	0.143869	0.361751	0.0421426	1.401181	0.9567086	5.123091	1.797632
5190	-6076.303	-6280.415	204.1114	0.381603	0.451001	0.153158	0.0142381	1.262218	1.206889	3.791952	1.386136
5196	-6068.416	-6270.08	201.6645	0.40599	0.468887	0.109784	0.0153389	1.126005	1.014042	4.841271	2.589278
5202	-6079.264	-6282.359	203.0949	0.217933	0.675265	0.0937089	0.013093	1.112769	1.017088	4.913734	0.737061
5208	-6072.055	-6274.595	202.5399	0.37884	0.423192	0.166892	0.0310753	1.112769	1.053346	4.627784	1.858898
5214	-6076.572	-6278.261	201.6887	0.400629	0.22907	0.342908	0.0273923	1.298186	1.028461	5.090463	1.697522
5220	-6080.455	-6283.08	202.6246	0.524497	0.272424	0.144235	0.0588432	2.300079	1.2231	3.64838	2.548451
5226	-6075.099	-6279.122	204.022	0.442893	0.382614	0.120954	0.0535383	1.225198	1.452706	3.191798	2.57692
5232	-6078.11	-6281.057	202.947	0.550598	0.128535	0.282436	0.0384309	1.478338	1.166396	3.805283	2.703973
5238	-6069.035	-6271.438	202.4029	0.482945	0.221323	0.26131	0.0344222	1.7751	1.254146	4.044651	2.387955
5244	-6068.623	-6273.213	204.5899	0.519089	0.198498	0.250014	0.0323996	1.179338	1.301986	3.313962	1.771747
5250	-6078.644	-6282.011	203.3677	0.409746	0.314884	0.251544	0.0238256	1.08357	1.179323	4.075988	1.925311
5256	-6073.009	-6273.651	200.6423	0.462248	0.293719	0.234637	0.00939653	1.62776	1.052694	5.234816	2.329258
5262	-6075.143	-6276.813	201.6702	0.408592	0.412697	0.170538	0.00817315	1.281815	0.9241917	5.250597	1.516442
5268	-6068.549	-6270.93	202.3815	0.397024	0.29027	0.280091	0.0326145	1.260956	1.066741	4.65844	1.795344
5274	-6074.754	-6276.897	202.1432	0.41691	0.38886	0.165503	0.0287272	1.998939	1.048818	4.65844	1.369644
5280	-6098.837	-6299.014	200.1776	0.5459	0.234557	0.199268	0.0202747	1.650231	1.056785	5.046421	3.621126
5286	-6076.072	-6278.342	202.2694	0.45979	0.197557	0.282604	0.0600491	1.614489	1.106567	4.302398	2.327378
5292	-6066.635	-6268.731	202.0957	0.607867	0.166469	0.204663	0.0210008	1.522542	1.107961	4.3146	2.670395
5298	-6065.363	-6267.306	201.9431	0.597593	0.180104	0.194992	0.0273114	1.54712	1.239548	4.3146	2.670395
5304	-6083.164	-6286.514	203.3497	0.555797	0.238986	0.181354	0.0238629	1.624548	1.255649	3.460391	2.670395
5310	-6086.388	-6287.39	201.0022	0.495435	0.186702	0.311915	0.00594836	1.780082	1.195058	4.459449	3.587688
5316	-6084.675	-6288.284	203.6089	0.407762	0.523842	0.0635009	0.00489573	1.498591	1.251989	3.688209	1.899854
5322	-6081.675	-6284.606	202.9307	0.356893	0.335946	0.276088	0.0310728	1.099612	1.185007	4.443659	1.632675
5328	-6074.285	-6276.265	201.98	0.480562	0.369821	0.116892	0.0327256	1.356824	1.15023	4.188395	3.41283
5334	-6085.478	-6287.955	202.4769	0.4986	0.331752	0.0916385	0.0780097	1.399716	1.071375	4.438576	2.009973
5340	-6076.846	-6278.405	201.5586	0.510535	0.353395	0.0644777	0.0715928	1.911904	1.071375	4.716577	2.009973
5346	-6069.333	-6272.171	202.8375	0.462521	0.30071	0.125543	0.111226	1.704341	1.135386	4.318342	1.430176
5352	-6080.977	-6283.619	202.6416	0.440402	0.283945	0.199427	0.0762263	1.832841	1.087489	4.398037	1.430176
5358	-6062.46	-6265.194	202.7339	0.595307	0.163532	0.214249	0.0269118	1.866628	1.183076	3.869913	2.348952
5364	-6063.436	-6265.336	201.8997	0.499877	0.209283	0.258384	0.0324557	1.591798	1.053613	4.622028	2.149474
5370	-6070.04	-6270.145	200.1045	0.556788	0.112453	0.287801	0.0429579	2.144394	1.053613	5.255867	2.473526
5376	-6094.33	-6294.45	200.1198	0.585241	0.14353	0.216401	0.0548293	1.892071	1.034151	5.227571	2.853629
5382	-6082.676	-6283.773	201.0968	0.54214	0.132959	0.298597	0.0263043	2.157957	1.104611	4.75146	2.26199
5388	-6068.133	-6269.966	201.8335	0.579479	0.142117	0.164241	0.114163	2.081111	1.078449	4.509495	1.957076
5394	-6084.251	-6287.763	203.5123	0.578363	0.20488	0.0827769	0.13398	1.37819	1.343453	3.238898	3.23028
5400	-6075.218	-6277.015	201.7974	0.568853	0.318238	0.0628801	0.0500294	2.240454	1.271773	3.729441	3.708232
5406	-6085.03	-6288.006	202.9768	0.619177	0.0497957	0.291438	0.0395901	1.559836	1.070112	3.974609	2.257718
5412	-6077.557	-6279.898	202.3417	0.583447	0.0224504	0.334302	0.059801	1.625221	1.055449	4.517692	1.77283
5418	-6080.004	-6281.344	201.3402	0.639128	0.0245929	0.270771	0.0655081	1.926539	1.108886	4.435446	3.015624
5424	-6073.102	-6274.747	201.6455	0.66846	0.00486201	0.233025	0.093653	2.202791	1.163125	4.104126	3.051418
5430	-6076.352	-6279.724	203.3717	0.425311	0.415464	0.0995872	0.0596372	1.513055	1.220119	3.908818	1.739403
5436	-6087.943	-6291.284	203.341	0.453712	0.327434	0.155235	0.0636195	1.459913	1.180348	3.946951	1.801859
5442	-6070.019	-6270.977	200.959	0.610927	0.0135828	0.338413	0.0370776	1.608805	1.011902	4.73107	3.372009
5448	-6071.316	-6274.425	203.1093	0.614393	0.0195653	0.340333	0.0257086	2.166105	1.215038	3.490631	2.383857
5454	-6076.89	-6277.447	200.5568	0.69334	0.0801469	0.188091	0.0384218	1.909959	1.15249	4.65072	3.673579
5460	-6077.206	-6278.095	200.8894	0.673305	0.0931966	0.160743	0.0727559	2.525226	1.028858	4.827135	2.11386
5466	-6073.756	-6273.407	199.651	0.58875	0.20458	0.129841	0.0768283	2.262974	1.04314	5.14003	3.445706
5472	-6080.184	-6280.569	200.385	0.568862	0.197669	0.210744	0.0227253	1.860312	1.005069	5.14003	2.767951
5478	-6072.85	-6272.927	200.077	0.639612	0.070279	0.192067	0.0980419	2.049186	0.9710254	5.14003	3.094834
5484	-6077.809	-6279.64	201.8319	0.617957	0.101756	0.185565	0.0947226	1.855291	1.035321	4.460816	2.376415
5490	-6071.218	-6272.474	201.2555	0.637307	0.104942	0.14746	0.110291	1.855291	1.090012	4.460816	3.209539
5496	-6082.345	-6282.656	200.311	0.626684	0.0992659	0.128319	0.145731	2.305084	1.188813	4.34932	4.602285
5502	-6081.541	-6282.59	201.0492	0.702036	0.0803891	0.0995566	0.118018	2.493467	1.229375	3.912672	4.303844
5508	-6088.988	-6291.606	202.6182	0.484069	0.31435	0.104723	0.0968584	1.453631	1.13642	4.100617	2.495685
5514	-6076.994	-6280.27	203.2757	0.45207	0.341069	0.169636	0.0372254	1.174731	1.229953	3.893971	2.297347
5520	-6092.553	-6293.859	201.3054	0.747789	0.00340448	0.245979	0.00282784	2.660448	1.156444	4.265209	2.651876
5526	-6085.003	-6287.632	202.6293	0.643597	0.00381577	0.275695	0.076892	2.46917	1.240937	3.55631	2.579618
5532	-6085.855	-6288.117	202.262	0.643002	0.0047373	0.27544	0.0768208	2.075049	1.107534	4.096202	2.340203
5538	-6072.343	-6273.627	201.2838	0.729339	0.00191951	0.210134	0.058607	3.018151	1.119806	3.995009	3.162742
5544	-6071.818	-6273.134	201.3157	0.525252	0.328689	0.0535423	0.0925176	1.64931	1.090598	4.550642	3.114493
5550	-6079.961	-6281.761	201.7997	0.48904	0.304908	0.14388	0.0621713	1.951109	1.066158	4.555657	2.038419
5556	-6071.065	-6272.9	201.8348	0.493317	0.279142	0.104974	0.122566	1.65039	1.055466	4.626885	2.157092
5562	-6073.818	-6273.473	199.6554	0.458052	0.421944	0.0530432	0.0669612	1.968445	1.019225	5.74212	2.087988
5568	-6055.892	-6259.274	203.3822	0.433028	0.370925	0.137182	0.0588646	1.278872	1.194968	3.880692	2.093494
5574	-6067.714	-6268.751	201.0373	0.403252	0.30614	0.253369	0.0372386	1.408211	1.043555	5.092424	2.416375
5580	-6074.442	-6275.945	201.5032	0.419332	0.331535	0.210409	0.0387235	1.145869	1.014426	4.950802	2.506052
5586	-6086.058	-6286.888	200.8299	0.516738	0.243167	0.158329	0.0817663	1.371626	1.210157	4.923964	3.008537
5592	-6084.371	-6285.148	200.7774	0.522997	0.249109	0.192244	0.0356497	1.549063	1.101035	5.113351	2.479433
5598	-6084.915	-6287.26	202.3444	0.425163	0.319896	0.223694	0.0312473	1.397449	1.072367	4.355029	2.404603
5604	-6074.277	-6275.932	201.6541	0.434225	0.383121	0.15074	0.0319133	1.590577	1.090948	4.796967	2.008953
5610	-6087.619	-6292.222	204.6031	0.305125	0.535046	0.138458	0.0213718	0.7908777	1.184045	3.450061	2.115707
5616	-6074.383	-6277.045	202.6625	0.331503	0.421507	0.170212	0.0767776	0.9264762	1.22595	4.141124	2.959463
5622	-6070.07	-6273.655	203.585	0.358904	0.422288	0.170527	0.0482807	0.8380164	1.28991	4.121768	1.72164
5628	-6077.19	-6280.543	203.3529	0.336809	0.39629	0.251637	0.0152628	1.101087	1.120188	4.234697	1.645786
5634	-6068.915	-6272.51	203.5955	0.296015	0.463954	0.221159	0.0188723	0.9328345	1.157712	4.454259	1.087983
5640	-6074.247	-6277.748	203.5012	0.293119	0.418489	0.272263	0.0161295	1.042645	1.157712	4.052394	1.885888
5646	-6077.858	-6280.771	202.9132	0.428086	0.188966	0.347095	0.035853	1.042645	1.110114	4.284989	2.189879
5652	-6075.254	-6278.002	202.7474	0.540126	0.134274	0.26421	0.0613896	1.609752	1.185325	4.033362	2.214467
5658	-6089.869	-6291.617	201.7475	0.551993	0.130809	0.257392	0.0598054	2.426641	1.167187	4.029463	2.835672
5664	-6086.408	-6288.41	202.0012	0.515664	0.188015	0.240452	0.0558693	2.426641	1.052996	4.474596	1.553494
5670	-6074.219	-6276.326	202.107	0.25346	0.571719	0.147725	0.0270963	1.336216	1.052996	5.025023	1.282355
5676	-6070.117	-6272.145	202.0274	0.311024	0.476199	0.173864	0.0389127	1.188453	1.09366	5.004882	1.521048
5682	-6073.933	-6275.032	201.0987	0.264646	0.515351	0.188158	0.0318448	0.979924	0.9894685	5.251207	2.582747
5688	-6075.104	-6278.459	203.3559	0.380071	0.403729	0.171717	0.0444838	1.262242	1.161267	3.953872	2.022737
5694	-6086.739	-6289.934	203.1953	0.314817	0.440162	0.180817	0.0642042	0.9581235	1.078552	4.71878	1.069916
5700	-6072.128	-6275.401	203.2725	0.355917	0.434882	0.136615	0.0725862	1.280788	1.083025	4.303947	1.440768
5706	-6076.331	-6281.229	204.898	0.4095	0.410244	0.157182	0.023073	1.065766	1.147511	3.50365	1.33909
5712	-6074.845	-6276.945	202.1002	0.412473	0.376445	0.157568	0.0535145	1.278461	1.076996	5.086591	1.201468
5718	-6078.013	-6280.838	202.8245	0.354535	0.471143	0.132348	0.0419731	1.429392	1.09827	4.158804	2.137056
5724	-6075.243	-6277.568	202.3243	0.422871	0.349145	0.157888	0.0700958	1.429392	1.089136	4.606908	1.763395
5730	-6072.062	-6274.134	202.0723	0.426214	0.394389	0.120297	0.0590999	1.429392	1.089136	4.763464	1.728972
5736	-6070.107	-6274.115	204.008	0.45175	0.418018	0.117076	0.013156	1.436942	1.108002	3.681951	1.660715
5742	-6058.482	-6261.836	203.3535	0.389098	0.360045	0.239526	0.0113314	1.270046	1.113221	3.986042	2.005371
5748	-6062.542	-6265.713	203.1707	0.462979	0.278646	0.248367	0.0100076	1.076146	1.270804	4.231181	1.721784
5754	-6059.243	-6262.589	203.3457	0.464547	0.255375	0.268025	0.0120522	0.8907936	1.136556	4.194107	1.991727
5760	-6068.272	-6271.117	202.8449	0.407884	0.459301	0.122233	0.0105821	1.461864	1.196737	4.197355	1.851099
5766	-6068.308	-6271.565	203.2567	0.561372	0.260294	0.158429	0.0199054	1.378922	1.200937	3.824119	2.270776
5772	-6066.872	-6268.698	201.8258	0.469857	0.35182	0.158276	0.0200469	1.316564	1.138848	4.762411	2.119833
5778	-6067.879	-6269.571	201.6927	0.439433	0.329039	0.185155	0.0463736	1.256113	1.117875	4.762411	2.418236
5784	-6086.881	-6288.671	201.7906	0.3463	0.508181	0.097763	0.0477556	1.319945	1.126879	4.617421	2.558301
5790	-6076.786	-6279.257	202.4712	0.512376	0.382526	0.0613836	0.0437142	2.157112	1.191289	4.132999	1.776938
5796	-6076.587	-6278.512	201.9256	0.643906	0.203489	0.0368854	0.115719	2.156668	1.14174	4.040233	2.863396
5802	-6078.666	-6279.637	200.971	0.433241	0.366266	0.102017	0.0984756	1.532671	1.028324	5.533142	1.357042
5808	-6064.255	-6265.756	201.5017	0.411625	0.490799	0.0199536	0.0776224	1.532671	1.120993	4.62391	2.70634
5814	-6077.041	-6279.59	202.5491	0.380729	0.445545	0.0328485	0.140877	1.295459	1.07188	4.45887	1.990429
5820	-6070.583	-6273.527	202.944	0.412418	0.452656	0.0439959	0.0909302	1.295459	1.099066	4.220381	1.990429
5826	-6073.478	-6277.688	204.21	0.387669	0.423492	0.0963648	0.0924743	1.337055	1.1899	3.409497	2.008634
5832	-6061.578	-6263.69	202.1126	0.53076	0.162072	0.264172	0.0429967	1.412478	1.15666	4.025446	3.591792
5838	-6076.528	-6278.664	202.1362	0.517096	0.210511	0.257372	0.0150213	1.716071	1.221078	4.069985	2.854964
5844	-6075.019	-6276.757	201.7374	0.558827	0.165659	0.23589	0.0396245	1.502683	1.089747	4.3214	3.305194
5850	-6065.784	-6267.913	202.1287	0.580745	0.130254	0.244394	0.0446072	1.767972	1.135814	4.243508	2.45951
5856	-6073.473	-6275.907	202.4341	0.553995	0.252187	0.133132	0.060686	1.800491	1.167925	4.383522	1.638883
5862	-6077.33	-6279.259	201.9292	0.497833	0.290043	0.0678247	0.144299	1.60581	1.000457	4.657654	2.078583
5868	-6078.447	-6280.724	202.2765	0.273809	0.564379	0.0819477	0.0798649	1.02996	1.038894	4.735611	2.078583
5874	-6074.961	-6278.617	203.6565	0.348179	0.455969	0.0991864	0.0966654	1.263623	1.119856	4.157695	1.27722
5880	-6076.256	-6280.741	204.4846	0.400233	0.374101	0.172853	0.0528129	1.309403	1.375867	3.186288	1.933604
5886	-6079.536	-6283.8	204.2638	0.541191	0.193114	0.23373	0.031965	1.534704	1.353133	3.186288	1.992498
5892	-6078.896	-6282.61	203.7131	0.324283	0.488775	0.164451	0.0224903	0.8686186	1.325364	3.88945	1.992498
5898	-6074.193	-6276.704	202.5108	0.353799	0.452903	0.170043	0.0232551	1.224018	1.181062	4.171539	2.720008
5904	-6076.582	-6279.214	202.6316	0.367675	0.516795	0.0784546	0.0370754	1.312747	1.176341	4.39461	1.874417
5910	-6082.48	-6285.242	202.7613	0.347945	0.558284	0.0742446	0.0195264	1.312747	1.176341	4.492438	1.503331
5916	-6072.96	-6276.726	203.7653	0.268407	0.592924	0.0788513	0.0598174	0.8639207	1.205521	3.801574	2.303953
5922	-6076.623	-6281.998	205.375	0.253988	0.561072	0.128337	0.0566039	1.340713	1.341077	3.078528	1.115876
5928	-6085.739	-6291.577	205.8373	0.26424	0.58372	0.111484	0.0405558	0.7833857	1.424864	2.889462	1.459082
5934	-6083.239	-6286.604	203.3652	0.339342	0.538207	0.101083	0.0213675	1.464361	1.186165	3.850411	1.975687
5940	-6090.47	-6294.789	204.3187	0.372226	0.417261	0.132477	0.0780365	2.015426	1.367699	3.0771	1.649971
5946	-6082.467	-6285.947	203.4809	0.41199	0.384464	0.122064	0.0814825	1.677786	1.27797	3.48847	2.302846
5952	-6076.018	-6278.952	202.934	0.523641	0.300672	0.111964	0.0637238	2.004665	1.176275	3.882919	1.907394
5958	-6087.924	-6289.573	201.6487	0.52999	0.282649	0.0476681	0.139693	2.064892	1.187513	4.580103	1.907394
5964	-6077.921	-6280.163	202.2423	0.45861	0.428739	0.0277677	0.084883	1.309657	1.074511	4.580103	2.092071
5970	-6082.615	-6284.086	201.471	0.464849	0.470325	0.0208685	0.0439575	1.66911	1.154726	4.792733	2.092071
5976	-6078.753	-6280.907	202.1541	0.308148	0.508373	0.135965	0.0475136	1.566878	1.181703	4.792733	1.32566
5982	-6090.204	-6292.739	202.5351	0.292936	0.59526	0.0548059	0.0569982	1.003144	1.091294	4.868828	1.428454
5988	-6080.823	-6283.868	203.0443	0.245045	0.52049	0.170674	0.0637902	1.237633	1.052742	4.500647	1.384036
5994	-6075.767	-6278.923	203.1565	0.249632	0.511515	0.173869	0.0649843	0.9146662	1.178561	4.661847	1.157416
6000	-6072.645	-6275.503	202.8581	0.298061	0.566683	0.0637955	0.0714609	1.351051	1.181865	4.511649	1.310346
6006	-6084.828	-6288.531	203.7023	0.27277	0.635948	0.0258849	0.0653973	0.9391451	1.147346	4.335249	1.200651
6012	-6099.664	-6303.488	203.8242	0.601068	0.12368	0.238518	0.0367346	1.591721	1.266484	3.335757	2.303207
6018	-6103.985	-6307.117	203.1319	0.640174	0.221984	0.0987172	0.0391246	2.082633	1.316292	3.438122	2.423241
6024	-6086.193	-6288.53	202.3367	0.344688	0.504173	0.07516	0.0759786	1.362467	1.138892	4.825577	1.303236
6030	-6083.684	-6285.248	201.5635	0.346924	0.507443	0.0706931	0.0749398	1.172736	1.015348	5.036618	2.157445
6036	-6067.214	-6269.458	202.2437	0.364926	0.50887	0.0743613	0.0518431	1.297098	1.105973	4.616514	1.976206
6042	-6068.951	-6271.928	202.977	0.320931	0.510898	0.133556	0.0346143	1.107043	1.133517	4.632933	1.24702
6048	-6068.799	-6271.407	202.608	0.484065	0.333697	0.0927713	0.0894665	1.427878	1.071371	4.305221	2.118518
6054	-6065.52	-6267.265	201.7451	0.457511	0.37002	0.14804	0.0244281	1.13662	1.063318	4.916492	2.1868
6060	-6069.133	-6270.687	201.554	0.444406	0.223653	0.313721	0.0182196	1.33555	1.049911	4.922832	2.197218
6066	-6079.742	-6281.355	201.6129	0.560321	0.169896	0.252996	0.0167869	1.694581	1.106327	4.686243	2.197218
6072	-6072.717	-6274.374	201.6568	0.568073	0.152978	0.254901	0.0240483	1.779022	1.069912	4.287255	3.185847
6078	-6085.613	-6288.689	203.0761	0.515083	0.231988	0.231124	0.0218051	1.8103	1.248278	3.921127	1.740794
6084	-6080.094	-6281.939	201.8444	0.588893	0.212237	0.13774	0.0611293	1.976936	1.137039	4.327779	2.417877
6090	-6076.133	-6277.305	201.1717	0.412708	0.354289	0.18175	0.0512526	1.602172	1.113973	4.332272	4.138222
6096	-6082.62	-6286.079	203.4594	0.41294	0.33933	0.181852	0.0658787	1.027738	1.238513	4.133298	1.677083
6102	-6082.683	-6286.451	203.7683	0.276283	0.565998	0.138655	0.0190637	0.734955	1.319493	3.991095	1.878714
6108	-6075.061	-6278.37	203.3088	0.527275	0.291356	0.139433	0.0419365	1.460111	1.295599	3.864229	1.87981
6114	-6088.749	-6291.726	202.9771	0.411023	0.424458	0.108691	0.0558275	1.031232	1.23303	4.256825	2.017981
6120	-6077.775	-6281.614	203.8393	0.354872	0.444132	0.126435	0.0745618	0.9611121	1.130864	4.36968	0.9912489
6126	-6073.094	-6275.104	202.0106	0.377804	0.40821	0.134605	0.0793802	1.245263	1.064615	4.74436	2.102603
6132	-6081.314	-6285.105	203.7905	0.392114	0.406662	0.122146	0.0790791	1.192087	1.272684	3.634515	2.123365
6138	-6071.36	-6274.04	202.6796	0.384907	0.366498	0.0997619	0.148833	1.18475	1.133454	4.381449	2.055388
6144	-6070.832	-6273.4	202.5676	0.424874	0.292606	0.145863	0.136657	1.60117	1.185335	4.381449	1.657177
6150	-6078.015	-6280.533	202.5184	0.441615	0.263928	0.217113	0.0773438	0.9667953	1.05051	4.539634	2.301167
6156	-6071.146	-6272.831	201.6857	0.526255	0.314513	0.0670646	0.0921675	1.493136	1.0957	4.539634	2.746439
6162	-6066.67	-6268.768	202.0979	0.41719	0.399455	0.0474415	0.135913	1.219532	1.164165	4.539634	2.389197
6168	-6070.349	-6273.223	202.8744	0.364913	0.44925	0.0414967	0.14434	0.9095821	1.133035	4.536257	1.797121
6174	-6075.473	-6277.188	201.7158	0.390965	0.481323	0.0444592	0.083253	1.229578	1.064707	5.236375	1.388482
6180	-6070.146	-6272.068	201.9221	0.431184	0.393814	0.0331282	0.141874	1.214476	1.075222	4.723883	2.303344
6186	-6080.473	-6281.892	201.4188	0.432235	0.394773	0.0307716	0.14222	1.531169	1.054999	4.87747	2.252789
6192	-6078.107	-6280.612	202.505	0.43069	0.365647	0.150696	0.0529668	2.464216	1.287608	3.935758	1.779194
6198	-6082.947	-6286.268	203.321	0.550128	0.215653	0.213851	0.0203687	1.285231	1.092482	3.817237	2.47661
6204	-6075.472	-6275.453	199.9815	0.451521	0.159098	0.310377	0.0790035	1.712799	1.04113	5.429883	2.7045
6210	-6069.817	-6269.473	199.6564	0.503689	0.268552	0.0944031	0.133356	1.536691	1.078554	5.117152	4.565406
6216	-6070.099	-6272.722	202.6226	0.549255	0.19051	0.109634	0.150601	1.561776	1.081076	4.171767	2.251635
6222	-6070.357	-6273.106	202.7488	0.486058	0.31984	0.12976	0.0643418	1.488999	1.18007	4.136016	2.11223
6228	-6070.383	-6273.032	202.6495	0.348103	0.401068	0.239106	0.0117225	1.185431	1.12172	4.359923	2.163875
6234	-6071.126	-6275.491	204.3649	0.322933	0.36656	0.304471	0.00603566	0.6682616	1.226879	3.670563	2.042177
6240	-6064.091	-6266.696	202.6059	0.376058	0.441844	0.173809	0.00828901	0.9741995	1.187172	4.470596	2.14787
6246	-6066.951	-6271.811	204.8606	0.4146	0.425343	0.119408	0.0406496	1.242267	1.285087	3.275145	1.474989
6252	-6056.227	-6259.589	203.3622	0.427725	0.438809	0.0534999	0.0799665	1.18383	1.212223	3.850851	2.294034
6258	-6060.878	-6263.494	202.6167	0.393994	0.411792	0.14651	0.0477029	0.9975195	1.317629	4.121771	2.822809
6264	-6065.268	-6268.47	203.2027	0.462344	0.335759	0.142506	0.059392	0.9975195	1.187872	3.956619	2.561396
6270	-6070.632	-6274.002	203.3709	0.375466	0.404233	0.166815	0.0534859	1.156021	1.20097	4.056972	1.845863
6276	-6082.172	-6285.244	203.0723	0.348967	0.375704	0.229303	0.0460259	1.152418	1.03419	4.386505	1.705172
6282	-6085.322	-6287.644	202.3225	0.408168	0.372128	0.174117	0.0455879	1.370845	1.024346	4.722002	1.65645
6288	-6089.114	-6292.829	203.715	0.393334	0.433199	0.139471	0.0339959	1.013028	1.278583	3.856144	1.934799
6294	-6073.517	-6278.036	204.5185	0.342556	0.470536	0.134143	0.0527652	0.9702467	1.197982	3.609866	1.617099
6300	-6074.233	-6277.435	203.2023	0.329887	0.491766	0.140195	0.0381514	1.30979	1.243587	4.271963	1.372514
6306	-6070.375	-6274.594	204.2199	0.328985	0.490421	0.139812	0.0407818	0.989698	1.240745	3.639327	1.846809
6312	-6070.552	-6272.86	202.3087	0.553712	0.235826	0.17402	0.0364425	1.699237	1.118368	4.366958	2.001125
6318	-6066.836	-6267.94	201.1044	0.698255	0.101767	0.154023	0.0459556	1.887686	1.196693	4.413751	3.391436
6324	-6075.559	-6275.672	200.1126	0.675826	0.13062	0.149075	0.0444794	2.155043	1.162522	5.071048	2.797314
6330	-6074.219	-6275.603	201.3843	0.580779	0.112195	0.240078	0.0669481	1.984234	1.009077	4.837955	1.962523
6336	-6081.721	-6280.843	199.1225	0.674542	0.0833997	0.178465	0.0635928	2.227747	1.165642	5.370329	3.471459
6342	-6078.152	-6278.684	200.5323	0.639773	0.0791009	0.12024	0.160886	2.533179	1.066333	4.844849	2.5206
6348	-6075.806	-6275.419	199.6133	0.568705	0.15605	0.117725	0.15752	1.962066	1.003854	5.307008	3.43611
6354	-6079.208	-6280.131	200.9232	0.508883	0.257339	0.126923	0.106855	1.675871	1.064405	5.129399	2.129227
6360	-6072.456	-6273.304	200.8481	0.450789	0.357761	0.0634691	0.127981	1.483251	0.9912047	5.257768	2.23885
6366	-6072.769	-6275.868	203.0988	0.432112	0.38437	0.0608394	0.122678	1.209113	1.145287	3.965287	2.449918
6372	-6085.65	-6288.759	203.1094	0.458045	0.379943	0.0587313	0.103281	1.34769	1.1933	3.927868	2.273901
6378	-6077.85	-6279.893	202.0426	0.612041	0.20077	0.0112791	0.17591	1.604471	1.20399	4.095132	3.118841
6384	-6059.982	-6261.796	201.814	0.645794	0.211842	0.0129477	0.129416	1.604471	1.208113	4.153192	3.332416
6390	-6070.233	-6271.895	201.6621	0.606377	0.192505	0.0160307	0.185087	2.109193	1.13252	4.212573	2.870417
6396	-6080.788	-6282.605	201.8176	0.521351	0.165512	0.194545	0.118592	1.714394	1.182044	4.387924	2.538668
6402	-6081.05	-6283.62	202.5702	0.588766	0.0485192	0.317539	0.0451756	1.829858	1.183726	3.709726	3.088027
6408	-6085.664	-6287.724	202.0591	0.446196	0.304708	0.240646	0.00844947	1.432251	1.124454	4.225187	3.088027
6414	-6073.336	-6276.036	202.6994	0.439764	0.300316	0.196458	0.0634609	1.291918	1.158384	4.065338	2.653863
6420	-6071.045	-6274.065	203.0195	0.535256	0.261362	0.184055	0.0193265	1.298821	1.195673	4.151266	1.919945
6426	-6068.83	-6271.412	202.5824	0.504666	0.276845	0.128798	0.0896897	1.947722	1.1055	4.151266	1.901609
6432	-6071.507	-6273.664	202.1569	0.501363	0.191629	0.296933	0.0100755	1.288858	1.003034	4.639619	2.188344
6438	-6074.474	-6276.674	202.2	0.525546	0.290716	0.17091	0.0128281	1.530649	1.103205	4.625148	1.75081
6444	-6064.821	-6267.76	202.9388	0.45848	0.319294	0.145411	0.0768144	1.525751	1.113556	4.08519	2.023135
6450	-6057.63	-6260.862	203.2328	0.491076	0.224307	0.241342	0.0432751	1.419825	1.115268	3.96891	2.023135
6456	-6070.682	-6273.677	202.995	0.422197	0.243577	0.301552	0.0326737	1.99097	1.157016	4.08386	1.44126
6462	-6080.166	-6282.927	202.761	0.423924	0.244573	0.302785	0.0287184	1.131368	1.249219	4.295744	2.062771
6468	-6071.166	-6272.296	201.1298	0.509115	0.207801	0.25856	0.0245237	1.25543	1.09187	4.867282	3.052417
6474	-6081.549	-6282.923	201.3739	0.478207	0.232479	0.238448	0.0508657	1.25543	1.026243	4.732889	3.158696
6480	-6071.332	-6273.884	202.5524	0.486105	0.27076	0.0870397	0.156095	1.365449	1.065311	4.286276	2.330663
6486	-6057.218	-6259.545	202.327	0.415845	0.374668	0.138463	0.0710234	1.291425	1.143119	4.549118	1.982684
6492	-6073.088	-6275.033	201.9455	0.426735	0.38448	0.082649	0.106136	1.606184	1.163542	4.684254	1.78178
6498	-6067.416	-6270.335	202.9192	0.459619	0.346046	0.0850788	0.109257	1.364756	1.189969	4.150605	1.982308
6504	-6076.277	-6278.686	202.4096	0.558511	0.301933	0.0689404	0.0706155	1.927415	1.212335	4.222281	1.845424
6510	-6074.744	-6279.241	204.4965	0.513491	0.340026	0.0892544	0.0572289	1.349307	1.202829	3.300453	1.845424
6516	-6068.729	-6272.295	203.5656	0.454725	0.251639	0.269624	0.0240125	1.294384	1.253372	3.50819	2.659199
6522	-6083.95	-6287.044	203.094	0.524874	0.15613	0.311219	0.00777642	1.438477	1.22261	3.50819	3.277622
6528	-6082.86	-6284.622	201.7612	0.551783	0.167767	0.271975	0.00847561	1.852326	1.142442	4.408976	2.461847
6534	-6080.211	-6281.645	201.4341	0.386076	0.411773	0.190298	0.0118533	1.556973	1.185857	4.388318	3.380666
6540	-6079.465	-6282.363	202.8974	0.383157	0.36056	0.196661	0.0596228	1.573908	1.215401	4.003906	2.078454
6546	-6068.537	-6270.866	202.329	0.401524	0.370069	0.165604	0.0628035	1.205809	1.095808	4.664409	1.877256
6552	-6066.443	-6269.278	202.8354	0.425104	0.391802	0.116602	0.0664918	1.334457	1.050122	4.513025	1.498539
6558	-6072.751	-6274.652	201.9004	0.307176	0.493358	0.169505	0.0299609	1.249332	1.116499	4.792988	2.058422
6564	-6072.749	-6275.336	202.5871	0.364297	0.437299	0.132993	0.065412	1.504197	1.118162	4.479348	1.604596
6570	-6063.032	-6265.451	202.4195	0.359144	0.52337	0.0392	0.0782866	1.439027	1.093649	4.645233	1.549321
6576	-6073.561	-6275.942	202.3806	0.511386	0.33497	0.0494845	0.104159	1.304773	1.093649	4.405233	2.313144
6582	-6067.948	-6270.398	202.4502	0.420335	0.452511	0.0463934	0.0807615	1.490699	1.142825	4.334278	2.0913
6588	-6078.23	-6281.31	203.0799	0.414551	0.370186	0.0158132	0.19945	1.280835	1.16385	4.071235	2.0913
6594	-6080.521	-6281.681	201.1603	0.293158	0.570712	0.0148751	0.121255	1.449099	1.093582	4.873925	2.696439
6600	-6075.7	-6276.207	200.5071	0.486312	0.24075	0.219123	0.0538157	1.132511	1.019918	5.437437	2.696439
6606	-6076.741	-6277.867	201.1264	0.535534	0.171632	0.241301	0.0515321	1.519169	1.111316	5.126861	1.975189
6612	-6077.432	-6280.172	202.7396	0.330983	0.520101	0.0883547	0.0605618	1.04188	1.113623	4.644648	1.586301
6618	-6085.494	-6288.872	203.3778	0.545062	0.392553	0.0166755	0.0457098	1.641388	1.217599	3.676947	2.119011
6624	-6083.633	-6286.058	202.4258	0.488711	0.37743	0.0137989	0.12006	1.781022	1.205858	3.864771	2.907327
6630	-6074.004	-6275.989	201.9852	0.475261	0.367043	0.0539124	0.103783	1.724312	1.180599	3.926672	3.614867
6636	-6078.847	-6281.45	202.6026	0.461549	0.356454	0.0837028	0.0982946	1.841627	1.076887	4.267049	1.75691
6642	-6071.635	-6275.473	203.8374	0.49366	0.344879	0.056328	0.105133	1.390464	1.190125	3.570192	2.074673
6648	-6067.469	-6271.87	204.4004	0.363936	0.45927	0.100431	0.0763636	1.709343	1.28295	3.217105	1.657392
6654	-6071.543	-6276.145	204.6028	0.363155	0.507493	0.0185472	0.110805	0.7137566	1.208541	3.578299	1.898508
6660	-6067.932	-6272.107	204.1751	0.418601	0.533689	0.0392847	0.00842575	1.181697	1.296713	3.40116	2.125471
6666	-6064.981	-6268.255	203.2745	0.413957	0.496672	0.0808186	0.00855321	0.9458062	1.254137	4.0977	2.081839
6672	-6071.453	-6274.568	203.1144	0.396387	0.468963	0.11784	0.0168097	1.575299	1.218685	4.0977	1.587707
6678	-6073.202	-6275.501	202.2986	0.364343	0.51504	0.102922	0.0176943	1.268586	1.187753	4.673572	1.705455
6684	-6071.589	-6274.48	202.8917	0.199693	0.648278	0.0970011	0.0550278	0.9626468	1.057207	4.78385	1.2846
6690	-6070.344	-6274.045	203.7004	0.205389	0.60602	0.174489	0.0141018	0.5951543	1.097764	4.78385	0.8123254
6696	-6080.883	-6284.834	203.9515	0.184111	0.613869	0.193606	0.00841324	0.5713139	1.109903	4.78385	0.5863968
6702	-6074.278	-6277.794	203.5166	0.252523	0.584313	0.094918	0.0682454	0.9129259	1.113115	4.843963	0.5534681
6708	-6074.867	-6278.665	203.7986	0.252523	0.584313	0.094918	0.0682454	0.9944528	1.113531	4.096554	1.537853
6714	-6080.439	-6282.59	202.1507	0.451921	0.376595	0.0778012	0.0936829	1.760879	1.088671	4.631352	1.583258
6720	-6066.909	-6268.551	201.6426	0.47665	0.223054	0.201487	0.0988092	1.760879	1.10706	4.631352	2.21686
6726	-6071.961	-6273.549	201.5888	0.486812	0.22781	0.233335	0.0520433	1.719777	1.065163	4.669182	2.303964
6732	-6076.94	-6279.479	202.5387	0.320342	0.555329	0.0686781	0.0556507	1.043316	1.123081	4.569793	1.993161
6738	-6083.751	-6288.205	204.454	0.304718	0.528243	0.0857883	0.0812506	1.043316	1.287156	3.641753	1.438752
6744	-6074.962	-6279.804	204.8423	0.319187	0.553326	0.0898619	0.0376247	0.9321328	1.247059	3.638492	1.185547
6750	-6072.577	-6276.433	203.856	0.293434	0.605589	0.0356283	0.0653493	1.173577	1.136208	4.037929	1.363955
6756	-6080.218	-6283.026	202.8084	0.293434	0.605589	0.0356283	0.0653493	1.235153	1.149287	4.303839	1.982193
6762	-6086.571	-6289.163	202.592	0.426371	0.470381	0.0174918	0.0857561	1.77954	1.110697	4.06634	2.262121
6768	-6072.018	-6275.794	203.7754	0.436459	0.409819	0.0348792	0.118843	1.060126	1.187179	4.06634	1.465255
6774	-6057.273	-6260.663	203.3898	0.377354	0.540815	0.0148227	0.0670081	1.299989	1.242181	4.10363	1.508458
6780	-6075.045	-6277.232	202.1872	0.334623	0.563441	0.0321186	0.0698176	1.506934	1.290206	4.034747	3.047355
6786	-6070.74	-6274.292	203.5523	0.384597	0.464247	0.0683032	0.0828528	1.143165	1.28279	3.851027	1.98768
6792	-6076.081	-6280.11	204.0288	0.376161	0.454063	0.12398	0.0457963	1.458873	1.250333	3.550538	1.714635
6798	-6081.143	-6287.289	206.1466	0.405703	0.404625	0.140279	0.049393	1.029479	1.404206	2.840545	0.9698625
6804	-6075.479	-6278.783	203.3035	0.343008	0.448561	0.109793	0.0986393	1.298284	1.203878	3.983131	1.924172
6810	-6069.835	-6273.165	203.3302	0.326857	0.427439	0.132412	0.113292	1.298284	1.222033	3.983131	1.866155
6816	-6079.24	-6282.052	202.8124	0.383212	0.391654	0.121327	0.103807	1.003672	1.161847	4.386684	2.063167
6822	-6063.999	-6267.061	203.0622	0.418226	0.331506	0.224401	0.0258672	1.276915	1.074194	4.445585	1.408746
6828	-6069.79	-6271.673	201.8831	0.411368	0.32607	0.220721	0.0418404	1.324331	1.04965	4.683402	2.354523
6834	-6089.804	-6290.462	200.6582	0.672742	0.106898	0.103533	0.116828	2.84925	1.245923	4.29465	3.293702
6840	-6079.903	-6281.629	201.7265	0.61457	0.150233	0.195963	0.0392329	2.542391	1.273197	3.762243	3.351506
6846	-6076.497	-6278.547	202.0505	0.545233	0.133284	0.13684	0.184643	2.34785	1.176868	3.826895	2.991137
6852	-6067.005	-6269.4	202.3949	0.479191	0.238266	0.120265	0.162278	1.576413	1.212753	4.191045	2.32269
6858	-6070.078	-6273.825	203.747	0.486593	0.268628	0.104191	0.140588	1.54692	1.230552	3.420061	2.313653
6864	-6067.359	-6270.651	203.2924	0.481108	0.207735	0.172154	0.139003	1.627479	1.247814	3.516279	2.619109
6870	-6067.137	-6269.87	202.733	0.412361	0.290903	0.241078	0.0556583	1.317768	1.15857	3.982451	2.7923
6876	-6069.475	-6273.204	203.7298	0.433539	0.426219	0.072077	0.0681652	1.467527	1.155218	3.900223	1.454652
6882	-6067.104	-6270.561	203.4576	0.304795	0.516222	0.134443	0.0445407	0.9957698	1.166488	4.14222	1.788629
6888	-6062.306	-6265.719	203.4129	0.312034	0.527755	0.137636	0.0225744	0.9933698	1.166488	4.473784	1.16896
6894	-6066.529	-6270.894	204.3651	0.246215	0.535255	0.200718	0.0178126	0.8270771	1.214942	4.081552	1.02724
6900	-6066.798	-6272.365	205.5674	0.227855	0.630696	0.132443	0.00900591	0.4006138	1.187874	3.717757	0.9218219
6906	-6076.021	-6278.817	202.7963	0.275556	0.599605	0.116277	0.00856195	1.144562	1.146957	4.519304	1.626123
6912	-6079.704	-6282.084	202.3803	0.308611	0.341096	0.333034	0.0172585	1.289505	1.053426	4.647093	1.805934
6918	-6081.51	-6284.539	203.0285	0.220622	0.52977	0.238081	0.0115262	0.8139039	1.053426	4.584755	1.720035
6924	-6086.571	-6289.467	202.8959	0.222119	0.533365	0.239697	0.00481918	0.5387258	0.9945566	4.532118	2.504496
6930	-6064.487	-6266.869	202.3824	0.476945	0.317766	0.2001	0.00518972	1.135187	1.041402	4.536863	2.27828
6936	-6064.487	-6267.31	202.8226	0.386752	0.311296	0.295594	0.00635732	1.45189	1.04202	4.566661	1.29706
6942	-6068.2	-6270.642	202.4418	0.30472	0.509973	0.172773	0.0125337	0.830439	0.9522967	5.190554	1.24005
6948	-6080.951	-6283.424	202.4728	0.30472	0.509973	0.172773	0.0125337	0.9762635	1.057711	4.697339	1.95418
6954	-6078.476	-6279.565	201.0895	0.303356	0.477214	0.211287	0.00814271	1.258034	1.079873	4.799314	3.350612
6960	-6075.141	-6276.742	201.6015	0.45116	0.277964	0.263824	0.00705265	1.333794	1.085828	4.799314	2.397493
6966	-6084.008	-6285.436	201.4273	0.386495	0.350641	0.22601	0.0368539	1.364974	1.14819	4.869532	2.336067
6972	-6079.281	-6283.153	203.8723	0.343495	0.412248	0.200686	0.043572	1.315353	1.259276	3.623366	1.904761
6978	-6081.349	-6285.184	203.8351	0.387144	0.430999	0.132748	0.0491089	0.8210654	1.181205	3.919117	2.018927
6984	-6084.2	-6287.155	202.9548	0.447437	0.394279	0.112076	0.0462077	2.134596	1.222536	3.864843	1.740422
6990	-6068.849	-6272.437	203.5879	0.460265	0.390165	0.110907	0.0386628	1.607762	1.182033	3.747259	1.767396
6996	-6079.309	-6280.956	201.6477	0.479683	0.406626	0.0725855	0.0411055	1.497693	1.033084	4.860344	2.048816
7002	-6071.084	-6273.278	202.1943	0.476783	0.193487	0.264208	0.0655227	1.497693	1.101858	4.402081	2.330908
7008	-6074.096	-6276.979	202.8833	0.48656	0.197454	0.269626	0.0463606	1.590508	1.140379	3.894383	2.457482
7014	-6086.856	-6290.279	203.4227	0.371409	0.414634	0.159604	0.0543537	1.034325	1.205505	4.06397	1.910052
7020	-6087.233	-6290.245	203.0122	0.43462	0.485201	0.0165751	0.0636043	1.456616	1.222856	4.06397	1.910052
7026	-6067.893	-6271.794	203.9008	0.43462	0.485201	0.0165751	0.0636043	1.5366	1.236033	3.504499	1.910052
7032	-6074.568	-6277.576	203.0078	0.493125	0.416464	0.0686603	0.0217499	1.300289	1.26094	3.701988	2.99962
7038	-6072.266	-6275.132	202.8663	0.50334	0.344272	0.134408	0.0179796	1.407976	1.223931	3.800161	2.853587
7044	-6081.569	-6281.416	199.847	0.61356	0.0639454	0.309862	0.0126319	2.458901	1.030512	5.192157	2.745229
7050	-6072.497	-6273.498	201.0017	0.595226	0.125294	0.268533	0.0109471	2.057257	1.103691	4.845936	2.262593
7056	-6070.281	-6272.961	202.6799	0.595226	0.125294	0.268533	0.0109471	1.52561	1.137732	4.067288	2.396549
7062	-6066.443	-6267.131	200.6878	0.441107	0.342451	0.210602	0.00584063	1.721141	1.067224	5.116807	2.441289
7068	-6071.727	-6273.541	201.8141	0.372396	0.383874	0.236077	0.00765311	0.9014685	1.012623	5.230821	1.72518
7074	-6066.966	-6268.54	201.5739	0.410831	0.458257	0.12247	0.00844298	1.335555	1.072074	4.820508	2.400189
7080	-6060.455	-6261.75	201.2949	0.304193	0.512661	0.169869	0.0132781	1.249482	0.9826516	5.288444	1.856506
7086	-6072.34	-6273.245	200.9057	0.313232	0.537646	0.137213	0.0119091	1.441446	0.9104203	5.288444	2.244692
7092	-6075.058	-6278.397	203.3391	0.288704	0.495545	0.207338	0.00841332	1.090045	1.067802	4.655919	0.918383
7098	-6068.528	-6270.949	202.4204	0.498098	0.343805	0.143582	0.0145154	0.9466134	1.154744	4.201804	3.277349
7104	-6081.401	-6283.985	202.5841	0.37453	0.366311	0.232855	0.0263039	0.7081446	1.239255	4.201804	3.277349
7110	-6081.444	-6282.538	201.0941	0.428356	0.342984	0.225355	0.00330401	1.06454	0.9453917	4.955952	3.410668
7116	-6078.037	-6279.671	201.6338	0.579277	0.111502	0.304753	0.00446809	1.808708	1.184383	3.951955	4.073792
7122	-6091.386	-6294.203	202.8173	0.52303	0.301269	0.147229	0.0284726	1.825499	1.247419	3.627074	2.815729
7128	-6083.85	-6286.972	203.1221	0.503133	0.308911	0.149922	0.0380332	1.463366	1.243162	3.819206	2.308405
7134	-6080.457	-6282.183	201.7261	0.503078	0.153444	0.322442	0.0210361	2.732374	1.202143	3.848094	3.005147
7140	-6071.217	-6273.851	202.6339	0.531265	0.106012	0.340508	0.0222147	1.547791	1.289052	3.645081	3.390902
7146	-6075.035	-6278.442	203.4072	0.575573	0.16343	0.223587	0.0374094	1.633143	1.263521	3.699246	1.974791
7152	-6069.82	-6272.02	202.2006	0.578004	0.116941	0.26133	0.0437243	1.99354	1.187157	3.924606	2.866642
7158	-6060.281	-6264.24	203.9593	0.613334	0.0792153	0.26291	0.0445407	1.641709	1.329624	3.27748	2.105555
7164	-6070.711	-6273.319	202.6079	0.630001	0.062034	0.270055	0.0379099	1.940681	1.130673	4.039644	2.102219
7170	-6073.287	-6276.007	202.7195	0.554199	0.118492	0.295197	0.0321117	1.940681	1.270914	3.580558	2.921759
7176	-6072.117	-6272.989	200.8717	0.568622	0.111934	0.286497	0.0329474	2.141108	1.20725	4.585495	2.921759
7182	-6069.795	-6270.843	201.0483	0.530995	0.146963	0.216157	0.105885	1.75382	1.124273	4.647449	3.073859
7188	-6069.111	-6270.103	200.9923	0.530995	0.146963	0.216157	0.105885	1.502735	1.077221	4.904037	2.829701
7194	-6068.381	-6271.956	203.5751	0.562627	0.155717	0.229034	0.0526219	1.692322	1.205453	3.368871	2.555126
7200	-6072.423	-6274.947	202.5236	0.49319	0.259916	0.200767	0.0461275	1.536559	1.139526	3.927041	3.009019
7206	-6064.168	-6268.204	204.0361	0.437043	0.27708	0.214026	0.0718508	1.536559	1.271206	3.45643	1.797084
7212	-6063.17	-6266.48	203.3098	0.510525	0.255627	0.216023	0.0178256	1.777874	1.185213	3.704612	2.03982
7218	-6079.559	-6281.639	202.0803	0.526822	0.193247	0.261918	0.0180137	1.777874	1.009427	4.689733	1.621289
7224	-6082.935	-6283.844	200.9083	0.493207	0.207889	0.281763	0.0171416	1.523155	1.020517	5.254007	2.076733
7230	-6083.834	-6286.676	202.8415	0.246866	0.572823	0.0992598	0.0810511	1.255465	1.061097	4.826585	0.9593136
7236	-6075.908	-6280.414	204.5051	0.221222	0.661832	0.0889491	0.0279963	0.6737896	1.142263	3.997565	1.279641
7242	-6066.69	-6269.417	202.7271	0.481878	0.227954	0.275496	0.0146718	1.163082	1.171509	4.049426	2.824241
7248	-6069.769	-6271.996	202.2265	0.370795	0.399944	0.211988	0.0172728	0.8376319	1.170189	4.70715	2.309636
7254	-6061.044	-6264.664	203.6197	0.388857	0.340391	0.257082	0.0136701	1.182921	1.129383	3.820825	2.123581
7260	-6074.087	-6276.741	202.6538	0.307895	0.477725	0.203556	0.0108239	0.9500653	1.094361	4.519358	2.123804
7266	-6071.108	-6274.046	202.9377	0.310075	0.481108	0.204997	0.00382027	0.8592533	1.11954	4.380071	2.167024
7272	-6079.881	-6283.336	203.455	0.420184	0.413786	0.15037	0.0156603	0.8074374	1.057261	4.303751	1.81402
7278	-6076.675	-6280.841	204.1668	0.314998	0.458634	0.210863	0.0155058	0.8665013	1.225222	3.708588	1.943297
7284	-6070.562	-6275.199	204.6372	0.415847	0.294619	0.278373	0.0111602	0.9674112	1.283359	3.225734	2.207248
7290	-6067.688	-6271.424	203.7365	0.415847	0.294619	0.278373	0.0111602	1.401066	1.331645	3.778326	1.55614
7296	-6066.4	-6266.931	200.5313	0.41804	0.319565	0.248653	0.0137425	1.635777	1.114446	5.306301	2.205708
7302	-6074.185	-6274.021	199.8367	0.448122	0.342561	0.127021	0.0822953	1.641865	1.029892	5.584235	2.601094
7308	-6074.431	-6276.027	201.5955	0.390938	0.41999	0.10802	0.0810526	1.266017	0.9804561	5.039073	2.035989
7314	-6065.156	-6266.863	201.7068	0.449765	0.296662	0.160324	0.0932492	1.501798	1.061948	4.834802	1.987644
7320	-6069.755	-6270.974	201.2196	0.462213	0.304873	0.164761	0.0681538	1.55178	0.998451	5.166894	1.87028
7326	-6060.55	-6262.707	202.157	0.396601	0.313787	0.209955	0.0796575	1.260735	1.051757	4.649701	2.131704
7332	-6063.103	-6265.487	202.3839	0.369144	0.410244	0.195825	0.024787	1.028644	1.048702	4.649701	2.130043
7338	-6061.524	-6264.463	202.939	0.407169	0.324908	0.223858	0.044065	1.250657	1.074247	4.23252	2.057018
7344	-6072.937	-6277.789	204.8526	0.354078	0.464936	0.135773	0.0452133	0.822295	1.361136	3.32468	1.792607
7350	-6069.744	-6273.79	204.0463	0.356467	0.468072	0.132098	0.0433634	1.129714	1.326325	3.607288	1.85399
7356	-6070.862	-6274.193	203.3313	0.409983	0.437411	0.0495461	0.10306	1.681796	1.215192	3.968417	1.499163
7362	-6083.982	-6283.618	199.6357	0.646079	0.117592	0.10348	0.132849	2.74396	0.9546576	4.739411	4.439044
7368	-6083.983	-6283.981	199.9981	0.454718	0.334759	0.166909	0.0436149	1.86125	1.114082	5.095835	3.371561
7374	-6067.622	-6270.481	202.8594	0.353457	0.392931	0.17602	0.0775919	1.400608	1.204999	3.707052	3.178299
7380	-6064.132	-6268.428	204.2965	0.362613	0.357441	0.200343	0.079602	1.134563	1.178031	3.707052	1.513397
7386	-6069.151	-6272.56	203.4096	0.422416	0.35599	0.208519	0.0130754	0.9634816	1.138367	4.156229	1.895885
7392	-6075.068	-6277.797	202.7288	0.397103	0.334658	0.196024	0.0722153	1.256332	1.056706	4.538458	1.648126
7398	-6076.819	-6278.098	201.2791	0.434098	0.310884	0.214286	0.0407324	1.256332	1.047323	5.216474	1.953898
7404	-6057.952	-6260.366	202.4134	0.492646	0.216505	0.263816	0.0270329	1.495847	1.069441	4.551974	1.726755
7410	-6072.125	-6275.601	203.4766	0.536743	0.197688	0.240886	0.0246833	1.495847	1.240748	3.876387	1.672715
7416	-6063.32	-6264.804	201.4844	0.522413	0.219987	0.234455	0.0231447	1.450701	1.057791	4.665623	2.828881
7422	-6060.161	-6260.913	200.7522	0.495267	0.195414	0.296949	0.0123701	1.954692	1.223871	4.752493	2.828881
7428	-6064.488	-6266.851	202.3626	0.533657	0.175936	0.278388	0.0120194	1.357827	1.212505	4.357526	2.221503
7434	-6067.911	-6269.406	201.4954	0.581234	0.0949212	0.303207	0.0206374	1.934383	1.097575	4.645373	2.211227
7440	-6085.332	-6286.287	200.9553	0.48581	0.1574	0.350234	0.00655577	1.462766	0.9903336	5.164144	2.354601
7446	-6076.63	-6278.8	202.1703	0.517398	0.205747	0.263391	0.0134644	1.107923	1.129043	4.492204	2.620109
7452	-6073.629	-6276.331	202.7023	0.540665	0.202399	0.225978	0.0309589	1.496859	1.046139	4.492204	1.533982
7458	-6075.494	-6276.68	201.1853	0.527415	0.269165	0.162249	0.0411714	1.482538	0.9658869	5.175785	2.014812
7464	-6095.829	-6296.817	200.9877	0.527404	0.163103	0.255016	0.0544774	1.860184	1.085396	5.047076	2.014812
7470	-6090.154	-6292.66	202.5058	0.34889	0.478593	0.157283	0.0152344	0.6974692	1.030075	4.761396	2.183964
7476	-6088.462	-6291.13	202.6674	0.410746	0.388259	0.184317	0.0166789	0.6768783	1.150172	4.436092	2.655383
7482	-6074.226	-6276.615	202.389	0.406569	0.371215	0.176831	0.0453856	1.460406	1.085653	4.650237	1.562121
7488	-6083.093	-6282.962	199.8697	0.358945	0.410817	0.162978	0.0672602	1.460406	0.9271368	5.861052	2.188888
7494	-6091.348	-6293.03	201.6812	0.440085	0.29526	0.232913	0.0317417	1.439577	1.111771	4.71771	2.31914
7500	-6097.55	-6299.774	202.2245	0.476909	0.188951	0.244684	0.0894549	1.023014	1.002716	4.72585	2.234449
7506	-6092.025	-6293.352	201.3275	0.569005	0.18499	0.227607	0.0183972	1.862477	1.044419	4.878041	2.019359
7512	-6074.358	-6275.791	201.4333	0.588763	0.114164	0.277565	0.0195075	1.773491	1.047406	4.437836	3.157841
7518	-6074.2	-6275.41	201.2093	0.513308	0.255066	0.207358	0.0242677	1.814499	1.130668	4.342705	3.656967
7524	-6071.61	-6272.951	201.3405	0.541594	0.126156	0.311321	0.0209284	1.390876	1.265227	4.393099	3.656967
7530	-6070.925	-6272.28	201.3556	0.605249	0.0452584	0.32131	0.0281826	1.632236	1.246295	4.269841	3.684143
7536	-6078.359	-6279.574	201.2148	0.382919	0.306354	0.260927	0.0497993	1.554452	1.031231	4.878074	2.556773
7542	-6072.987	-6275.198	202.211	0.483465	0.36412	0.12713	0.0252853	1.796245	1.129336	4.198509	2.4314
7548	-6076.355	-6278.533	202.1777	0.384125	0.378016	0.192803	0.0450562	1.183439	1.084929	4.612625	2.250071
7554	-6088.07	-6291.702	203.6319	0.410255	0.33601	0.233429	0.0203071	1.290918	1.110048	4.133263	1.33438
7560	-6081.346	-6284.325	202.9788	0.390985	0.320227	0.26546	0.0233273	0.9804337	1.138751	4.463577	1.73109
7566	-6070.161	-6273.709	203.5479	0.318116	0.458967	0.201956	0.0209617	1.368494	1.189831	3.724127	2.134447
7572	-6061.26	-6264.128	202.8681	0.320893	0.509543	0.14842	0.0211447	1.124068	1.107963	4.490183	1.67302
7578	-6075.031	-6278.04	203.0083	0.402092	0.385437	0.185976	0.0264952	1.517185	1.115388	4.235169	1.607869
7584	-6082.272	-6282.239	199.9668	0.416381	0.399134	0.157048	0.0274367	1.584335	1.089383	4.967877	4.36688
7590	-6077.106	-6281.328	204.2223	0.398759	0.444649	0.124694	0.031897	0.9528294	1.302268	3.619325	1.856731
7596	-6085.865	-6290.225	204.3606	0.385974	0.409612	0.17523	0.0291845	1.15774	1.272915	3.362476	2.026456
7602	-6066.777	-6270.906	204.1291	0.491397	0.275966	0.18276	0.0498774	1.486375	1.239183	3.362476	1.981437
7608	-6076.181	-6277.557	201.3763	0.545603	0.196097	0.202921	0.0553794	1.534819	1.08095	4.75002	2.610311
7614	-6083.805	-6286.575	202.7701	0.52623	0.273554	0.185395	0.0148209	1.464954	1.199844	3.820201	2.911297
7620	-6083.735	-6287.041	203.3056	0.42354	0.383902	0.146611	0.0459472	1.841321	1.229569	3.934021	1.434475
7626	-6064.575	-6267.983	203.4084	0.485274	0.294724	0.167506	0.0524956	1.841321	1.181321	3.570352	2.158298
7632	-6081.731	-6283.933	202.2019	0.549322	0.221198	0.192611	0.0368689	1.373675	1.190396	4.165299	3.001795
7638	-6077.545	-6280.876	203.3307	0.541216	0.217934	0.189768	0.0510822	1.247673	1.228528	3.65032	2.751021
7644	-6071.256	-6274.246	202.9902	0.577237	0.241871	0.158915	0.0219775	2.017403	1.275385	3.672945	2.175669
7650	-6069.616	-6270.733	201.1167	0.549844	0.230392	0.183202	0.0365614	1.656456	1.034777	4.921896	2.452192
7656	-6074.981	-6276.1	201.1197	0.549844	0.230392	0.183202	0.0365614	1.874274	1.04385	5.040162	1.897743
7662	-6072.291	-6273.35	201.0593	0.438956	0.310037	0.221818	0.029188	1.584004	0.9604492	5.292744	1.798164
7668	-6073.39	-6274.792	201.4018	0.433939	0.294752	0.242454	0.0288544	1.121365	0.9604492	5.255752	1.981451
7674	-6078.033	-6282.145	204.112	0.454275	0.270602	0.24029	0.0348335	1.121265	1.113409	3.891105	1.446857
7680	-6064.694	-6266.925	202.2301	0.476711	0.192036	0.252157	0.0790962	1.31541	1.090411	4.6341	1.951224
7686	-6062.531	-6264.558	202.0271	0.469981	0.189324	0.248597	0.0920975	1.332497	1.040421	4.846592	1.768195
7692	-6072.659	-6272.623	199.9637	0.471056	0.189758	0.249166	0.0900198	1.332497	0.9391009	5.535476	3.121145
7698	-6078.258	-6279.078	200.8201	0.554814	0.241582	0.103405	0.100199	1.724522	0.9518514	5.328741	1.883267
7704	-6072.986	-6273.753	200.7666	0.438558	0.281329	0.163429	0.116685	1.154474	0.9363608	5.233968	2.973775
7710	-6072.014	-6274.236	202.2223	0.548466	0.220841	0.139097	0.0915966	2.056207	1.171236	4.200861	2.068048
7716	-6076.173	-6278.238	202.0652	0.562105	0.12249	0.204758	0.110647	1.601761	1.115665	4.522947	2.068048
7722	-6069.459	-6271.524	202.065	0.567269	0.123615	0.206639	0.102477	1.347509	1.114315	4.522947	2.381468
7728	-6070.64	-6273.909	203.2684	0.401295	0.470853	0.0478944	0.0799576	1.151941	1.140528	3.902447	2.448648
7734	-6075.824	-6278.461	202.6368	0.363919	0.506018	0.0441336	0.0859291	0.9937304	1.316194	3.902447	3.455505
7740	-6069.411	-6272.881	203.4704	0.368057	0.527164	0.00895992	0.095819	1.608453	1.242742	3.9381	1.438213
7746	-6068.423	-6272.526	204.1039	0.377855	0.541197	0.00758941	0.0733578	1.308254	1.155187	3.747877	1.49244
7752	-6072.76	-6276.832	204.0727	0.365944	0.555661	0.00735016	0.0710452	1.308254	1.190463	3.879719	1.23296
7758	-6072.55	-6276.32	203.7699	0.349162	0.53018	0.0538682	0.0667896	1.921437	1.203056	3.668458	1.390842
7764	-6081.065	-6283.559	202.4949	0.433718	0.394674	0.0775712	0.0940364	1.401336	1.215414	3.888802	3.243989
7770	-6073.761	-6278.167	204.4055	0.385948	0.351204	0.149358	0.113491	1.024858	1.331664	3.580652	1.587204
7776	-6075.361	-6279.395	204.0335	0.304248	0.513592	0.157985	0.0241751	0.5230694	1.155306	4.213136	1.547901
7782	-6078.859	-6282.828	203.9695	0.283753	0.54746	0.147343	0.0214437	0.7801826	1.175715	4.245731	1.22954
7788	-6081.564	-6284.704	203.1408	0.456601	0.271796	0.237097	0.0345062	1.303992	1.04043	4.245731	1.745318
7794	-6090.404	-6291.41	201.0065	0.478441	0.260872	0.227567	0.0331193	1.303992	0.9625701	5.148748	2.572369
7800	-6072.483	-6273.945	201.4625	0.472683	0.259972	0.241423	0.0259218	1.601236	1.045616	4.659011	2.696744
7806	-6071.526	-6271.634	200.1079	0.522357	0.191835	0.26668	0.0191279	1.451565	1.027045	5.714885	2.101445
7812	-6065.684	-6268.603	202.9186	0.3816	0.369712	0.194819	0.0538692	1.207637	1.083924	4.528916	1.46606
7818	-6070.14	-6272.502	202.3615	0.402676	0.356416	0.205579	0.0353289	1.401319	1.076575	4.471402	2.077907
7824	-6071.422	-6272.864	201.4421	0.480602	0.23187	0.245363	0.0421657	1.329587	0.9734689	5.018705	2.226996
7830	-6081.584	-6282.767	201.1828	0.517891	0.215223	0.227747	0.0391385	2.274377	1.11045	4.66758	2.226996
7836	-6078.907	-6280.195	201.2879	0.44676	0.284926	0.234551	0.0337629	1.028564	1.11382	5.184825	2.226996
7842	-6084.124	-6286.872	202.7476	0.433066	0.290903	0.232056	0.043975	1.27204	1.093551	4.092623	2.633761
7848	-6077.053	-6278.665	201.6116	0.522381	0.329426	0.119251	0.0289421	1.391117	1.061845	4.634249	2.792399
7854	-6072.707	-6276.495	203.7875	0.389251	0.442683	0.124394	0.0436724	1.272541	1.153332	3.881228	1.633284
7860	-6077.233	-6278.674	201.442	0.385643	0.438578	0.12324	0.0525387	1.102976	1.102037	5.294291	1.683996
7866	-6075.963	-6277.325	201.3625	0.361777	0.477847	0.134275	0.0261015	1.123972	1.002195	5.282896	1.910496
7872	-6067.955	-6271.645	203.6908	0.350941	0.463534	0.109156	0.0763691	1.033358	1.121346	4.313725	1.180554
7878	-6069.666	-6272.827	203.161	0.32822	0.433523	0.166832	0.0714247	1.167282	1.082725	4.560752	1.180554
7884	-6083.679	-6287.097	203.4181	0.294362	0.483178	0.163097	0.0593635	0.7534173	1.189428	4.560752	1.237559
7890	-6076.179	-6276.99	200.8111	0.396848	0.374628	0.176447	0.0520769	1.546925	1.062783	5.195528	2.271969
7896	-6079.908	-6279.99	200.0827	0.461343	0.272994	0.205122	0.0605403	1.31555	1.013578	5.559242	2.756106
7902	-6088.358	-6290.544	202.186	0.397764	0.381279	0.19421	0.0267463	0.9065166	1.173077	4.807544	2.013944
7908	-6080.914	-6282.857	201.9434	0.398355	0.357471	0.182083	0.0620902	1.155905	1.03478	4.784646	2.254733
7914	-6074.81	-6277.628	202.8187	0.326792	0.414603	0.243904	0.0146996	1.110751	1.138715	4.504319	1.68081
7920	-6073.697	-6275.785	202.0874	0.351674	0.473279	0.100896	0.0741505	1.712754	1.143342	4.515855	1.897415
7926	-6083.919	-6286.946	203.0266	0.341591	0.459708	0.0980032	0.100698	0.8589447	1.153872	4.193495	2.464564
7932	-6073.527	-6274.508	200.9804	0.460889	0.305103	0.0718951	0.162113	1.685909	0.9942597	4.899322	2.748921
7938	-6069.655	-6271.492	201.8363	0.447789	0.438644	0.0573638	0.0562033	1.986401	0.9844621	4.684914	1.763367
7944	-6081.698	-6285.235	203.5375	0.252922	0.56676	0.171161	0.009157	0.7059712	1.205601	4.194467	1.902444
7950	-6094.795	-6298.723	203.9276	0.28012	0.503749	0.202942	0.0131896	0.8431368	1.219117	4.152283	1.33534
7956	-6079.614	-6283.122	203.5079	0.319789	0.502474	0.16689	0.0108465	1.012798	1.182399	4.152283	1.663807
7962	-6073.798	-6277.101	203.303	0.485141	0.444465	0.0436767	0.0267172	1.735721	1.218619	3.744473	1.957579
7968	-6070.522	-6274.256	203.7336	0.535557	0.229679	0.192129	0.0426355	1.39497	1.148715	3.752303	1.846362
7974	-6082.434	-6283.278	200.8435	0.425947	0.392789	0.17502	0.00624341	1.372473	0.948257	5.370346	2.156561
7980	-6073.304	-6276.869	203.5651	0.316583	0.508558	0.114513	0.060346	0.9858074	1.04105	4.317187	1.451918
7986	-6073.248	-6275.118	201.8701	0.436509	0.411195	0.101982	0.0503135	1.392935	1.22601	4.314126	3.029322
7992	-6071.864	-6272.91	201.0461	0.469088	0.365529	0.122949	0.0424334	1.512462	1.172779	4.195944	4.969453
7998	-6067.871	-6268.228	200.3567	0.427828	0.333378	0.112135	0.126659	1.772615	1.00038	4.934458	3.582667
8004	-6073.065	-6274.411	201.3465	0.440903	0.369236	0.108406	0.0814548	1.274925	1.030956	4.934458	2.579085
8010	-6075.897	-6279.462	203.5653	0.415283	0.318241	0.16725	0.0992257	0.9310592	1.157096	4.108635	1.821578
8016	-6087.509	-6291.053	203.5434	0.43603	0.335315	0.127539	0.101115	0.9748228	1.15035	4.108635	1.801754
8022	-6083.634	-6286.967	203.3334	0.440674	0.484091	0.0327795	0.0424556	1.389663	1.362576	3.208357	3.593428
8028	-6055.836	-6258.323	202.4872	0.440778	0.349302	0.169991	0.0399288	1.190006	1.125477	4.530817	1.962258
8034	-6065.325	-6267.926	202.6004	0.450385	0.356915	0.173696	0.0190037	1.502516	1.051653	4.397382	1.852176
8040	-6075.802	-6278.698	202.8959	0.445435	0.33224	0.195422	0.026903	1.110455	1.261902	4.063821	2.461857
8046	-6078.707	-6280.992	202.2853	0.44649	0.338534	0.195885	0.0190903	1.297992	1.181984	4.063821	3.297184
8052	-6076.022	-6279.66	203.6383	0.390701	0.329791	0.254686	0.0248208	1.154643	1.160553	4.115959	1.448021
8058	-6070.443	-6273.992	203.5494	0.37538	0.40888	0.172165	0.0435744	1.314293	1.143849	4.115959	1.398726
8064	-6066.705	-6269.73	203.0248	0.402163	0.42108	0.125403	0.0513534	1.049311	1.138708	4.248169	2.07722
8070	-6064.761	-6267.955	203.1944	0.394525	0.478257	0.095793	0.0314254	1.656291	1.144116	4.345982	1.029072
8076	-6066.62	-6268.955	202.3351	0.225376	0.458414	0.276131	0.0400792	0.8456743	1.053799	5.305142	1.01392
8082	-6071.669	-6275.264	203.5955	0.14283	0.654131	0.177639	0.0253999	0.5012699	1.078217	4.988013	0.6742481
8088	-6070.436	-6273.472	203.036	0.184267	0.626647	0.18036	0.00872582	0.8011796	1.053933	4.988013	0.9326145
8094	-6073.385	-6274.135	200.75	0.633181	0.0468818	0.313763	0.0061736	2.492834	1.120232	4.732804	2.454469
8100	-6075.198	-6277.339	202.1415	0.527129	0.0884688	0.379263	0.00513957	1.490397	1.163944	4.379452	2.384915
8106	-6062.777	-6265.259	202.4826	0.561202	0.0972872	0.335761	0.00574979	1.490397	1.131568	4.200996	2.394532
8112	-6058.309	-6260.277	201.9683	0.562232	0.0972885	0.31188	0.0285993	2.055912	1.170345	4.108197	2.67718
8118	-6065.599	-6266.623	201.0234	0.471645	0.203152	0.264297	0.0609062	1.797071	1.198727	4.588352	3.110142
8124	-6063.583	-6265.984	202.4018	0.42363	0.307812	0.213852	0.0547057	1.699491	1.14951	4.345839	1.886909
8130	-6088.422	-6292.657	204.2347	0.244783	0.549121	0.169383	0.0367128	0.7417602	1.21947	4.379349	0.7264896
8136	-6071.25	-6275.065	203.815	0.26433	0.55395	0.143102	0.0386176	0.9089944	1.241027	4.054512	1.557201
8142	-6069.9	-6272.365	202.465	0.277042	0.536739	0.11667	0.0695496	0.8863018	1.052026	5.029561	1.35982
8148	-6072.494	-6274.211	201.7168	0.279974	0.531835	0.117905	0.0702858	0.9233597	1.008891	5.504097	1.244448
8154	-6067.934	-6270.87	202.9362	0.217888	0.642325	0.0373238	0.102464	1.001201	1.089502	4.672535	1.376728
8160	-6060.214	-6262.556	202.3422	0.311723	0.508008	0.0274161	0.152853	1.001201	1.007991	4.845838	1.811482
8166	-6067.562	-6270.644	203.0829	0.255709	0.594071	0.0473795	0.10284	1.001201	1.155129	4.261244	2.010232
8172	-6071.043	-6274.684	203.6415	0.348498	0.556987	0.0135419	0.0809733	1.07588	1.131485	4.18869	1.418572
8178	-6072.617	-6275.927	203.3097	0.328715	0.525368	0.0462577	0.0996596	1.218999	1.086928	4.265902	1.537284
8184	-6059.869	-6262.67	202.8012	0.423348	0.488847	0.025001	0.0628038	1.533255	1.086928	4.339722	1.652538
8190	-6073.072	-6275.087	202.0148	0.385604	0.445264	0.128818	0.0403135	1.554972	1.086928	4.563399	2.131763
8196	-6070.144	-6272.657	202.5131	0.574182	0.0894021	0.316873	0.019543	1.642	1.279873	3.795011	3.02816
8202	-6068.258	-6270.237	201.9786	0.608909	0.013019	0.369366	0.00870604	2.120967	1.112008	4.308456	2.15786
8208	-6065.204	-6267.265	202.0611	0.512085	0.217548	0.264879	0.00548919	2.005011	1.121562	4.082379	2.738817
8214	-6071.273	-6273.3	202.0269	0.588577	0.13737	0.262489	0.0115633	2.005011	1.205155	4.082379	2.661254
8220	-6065.796	-6268.19	202.3934	0.5742	0.118162	0.289113	0.0185252	1.845246	1.184318	3.93424	2.717739
8226	-6069.449	-6271.471	202.0223	0.582755	0.185809	0.197425	0.0340111	1.395862	1.152806	4.334926	2.834295
8232	-6059.792	-6261.099	201.3073	0.495412	0.271622	0.167835	0.0651312	1.388037	1.082889	5.041131	2.132918
8238	-6075.407	-6277.194	201.7869	0.519662	0.163416	0.248602	0.0683193	1.753748	1.078189	4.724756	1.845926
8244	-6075.343	-6276.945	201.6018	0.479315	0.228369	0.229301	0.063015	1.534231	1.057627	4.551151	2.852517
8250	-6078.181	-6279.434	201.2529	0.542803	0.258618	0.127217	0.0713616	2.146642	1.079375	4.580479	2.529933
8256	-6092.048	-6294.566	202.5174	0.562015	0.199415	0.152837	0.0857329	1.604406	1.034768	4.205706	2.331584
8262	-6073.997	-6277.191	203.1936	0.495644	0.246079	0.138581	0.119696	1.291447	1.12035	4.205706	1.682837
8268	-6073.532	-6275.972	202.4398	0.546089	0.271124	0.114053	0.0687338	1.502515	1.130275	4.284811	2.230203
8274	-6070.699	-6273.057	202.3576	0.530972	0.154968	0.160533	0.153527	1.893463	1.141728	4.144085	2.230203
8280	-6083.602	-6284.472	200.8706	0.41231	0.485417	0.00590422	0.0963689	2.711573	1.166862	4.733504	2.015993
8286	-6085.911	-6287.556	201.6452	0.524607	0.313209	0.0395685	0.122616	2.131222	1.156223	3.79593	4.16385
8292	-6083.801	-6285.433	201.6323	0.649069	0.107575	0.207637	0.0357181	2.072165	1.0638	4.249991	2.968504
8298	-6087.067	-6288.97	201.9033	0.53082	0.233905	0.169809	0.0654658	1.49339	1.140297	4.314594	2.968504
8304	-6088.979	-6290.307	201.3277	0.427585	0.382897	0.136784	0.0527339	1.49339	1.061708	5.003744	2.099535
8310	-6067.042	-6268.425	201.3833	0.477863	0.356063	0.107139	0.0589347	1.446682	1.050558	5.001615	2.099535
8316	-6064.028	-6265.385	201.3567	0.491539	0.366253	0.121034	0.0211741	1.547606	1.150936	4.619593	2.882569
8322	-6060.513	-6262.161	201.6482	0.42269	0.438736	0.113209	0.0253645	2.011319	1.132307	4.462162	2.325706
8328	-6074.354	-6277.288	202.9342	0.533526	0.368313	0.0950374	0.00312335	1.357199	1.29045	3.780299	2.765949
8334	-6069.172	-6272.798	203.6259	0.428494	0.343163	0.219317	0.00902559	0.8960678	1.17251	4.221719	1.529989
8340	-6078.862	-6282.951	204.0886	0.353241	0.464473	0.116192	0.0660941	0.9809747	1.257614	3.747527	1.766047
8346	-6073.515	-6276.833	203.3184	0.369692	0.451732	0.115621	0.062954	1.135257	1.122961	4.332831	1.440785
8352	-6072.422	-6273.383	200.9611	0.625375	0.0831478	0.244816	0.0466614	2.477274	1.178853	4.263409	3.39768
8358	-6072.58	-6273.565	200.9857	0.567773	0.116823	0.222266	0.0931373	1.404371	1.022474	5.05957	2.620479
8364	-6072.616	-6275.017	202.4007	0.469881	0.199909	0.268737	0.0614732	1.941219	1.101646	4.114724	2.24706
8370	-6078.884	-6279.994	201.1106	0.632139	0.180589	0.0871464	0.100126	2.154871	1.15946	4.607427	2.542375
8376	-6069.526	-6270.592	201.0666	0.503378	0.289481	0.111165	0.095976	2.184429	1.026503	5.047208	1.679331
8382	-6080.228	-6282.841	202.6124	0.583444	0.168282	0.195656	0.0526182	1.554283	1.127479	4.051978	2.515653
8388	-6095.089	-6297.316	202.2275	0.504206	0.250572	0.166873	0.0783488	1.340602	1.138839	4.42423	2.373514
8394	-6082.276	-6283.292	201.0162	0.498855	0.084024	0.410833	0.00628819	1.710863	1.064059	4.909527	2.525478
8400	-6076.31	-6277.714	201.4043	0.458221	0.340518	0.191016	0.010245	1.668441	1.068344	5.07247	1.643774
8406	-6073.941	-6274.246	200.3053	0.451797	0.344556	0.193281	0.0103664	1.460446	1.073788	5.549897	2.16867
8412	-6071.202	-6272.995	201.7929	0.489579	0.262848	0.225366	0.0222074	1.552173	1.127178	4.407006	2.820506
8418	-6070.93	-6273.408	202.4786	0.439222	0.23873	0.218971	0.103077	1.421067	1.205468	4.214398	2.346497
8424	-6067.648	-6270.635	202.9865	0.429934	0.412932	0.0666234	0.0905112	1.421067	1.185271	4.347952	1.417371
8430	-6070.709	-6274.308	203.5983	0.455008	0.40902	0.0463182	0.0896538	1.416587	1.226083	3.797727	1.795498
8436	-6084.601	-6287.43	202.8291	0.293145	0.604614	0.0162197	0.086021	1.749201	1.151232	4.537499	0.9717151
8442	-6075.477	-6278.729	203.252	0.289692	0.597492	0.0206428	0.0921726	1.335421	1.167028	3.947952	2.078716
8448	-6071.339	-6275.078	203.7386	0.362238	0.458808	0.084932	0.0940221	1.140216	1.212972	3.947952	1.630254
8454	-6074.846	-6278.529	203.6827	0.330375	0.553732	0.0218631	0.0940308	1.398837	1.187181	3.857713	1.630254
8460	-6071.587	-6276.026	204.4395	0.331211	0.555133	0.0676377	0.0460191	1.185601	1.191058	3.516465	1.660367
8466	-6080.18	-6284.941	204.761	0.414812	0.442842	0.0847103	0.0576349	1.190271	1.303082	3.556813	1.094277
8472	-6077.767	-6281.07	203.3033	0.240083	0.586457	0.126609	0.0468512	1.094749	1.158971	4.487367	1.161392
8478	-6067.433	-6270.805	203.3715	0.384845	0.43968	0.128079	0.0473953	1.634965	1.183389	4.160383	1.161392
8484	-6069.754	-6272.776	203.0219	0.366705	0.359961	0.196189	0.0771455	1.059587	1.075847	4.201682	2.268649
8490	-6067.564	-6271.2	203.6361	0.265996	0.586782	0.10567	0.0415518	0.9239127	1.204415	3.964495	2.006079
8496	-6074.556	-6278.207	203.6502	0.265692	0.586111	0.106692	0.0415043	1.248795	1.226515	4.183626	1.136795
8502	-6074.373	-6278.951	204.5781	0.196796	0.626143	0.149745	0.0273157	0.8580075	1.233362	4.183626	0.6003482
8508	-6065.338	-6269.441	204.103	0.334413	0.530324	0.12683	0.00843262	0.9609726	1.25084	3.940278	1.383808
8514	-6058.738	-6263.086	204.3475	0.444456	0.338493	0.215442	0.00160895	1.202838	1.182878	3.576423	1.637242
8520	-6059.861	-6262.708	202.8466	0.410111	0.35942	0.228761	0.00170842	1.227624	1.094058	4.549835	1.472734
8526	-6074.121	-6276.853	202.7323	0.453242	0.210465	0.335933	0.000360508	1.219155	1.032379	4.549835	1.691087
8532	-6066.9	-6270.105	203.2053	0.479187	0.200405	0.319877	0.00053015	1.219155	1.140954	4.125341	1.904891
8538	-6069.799	-6270.552	200.7528	0.440281	0.265014	0.293905	0.000800496	1.220987	0.9808158	5.47003	2.178826
8544	-6068.516	-6270.244	201.7274	0.4631	0.21414	0.322589	0.00017164	1.415008	1.045494	4.70111	2.423243
8550	-6082.212	-6284.138	201.9262	0.487923	0.204239	0.307674	0.000163704	1.25445	1.188222	4.584879	2.440114
8556	-6066.272	-6267.461	201.1891	0.532727	0.0508187	0.416393	6.09705e-05	2.219845	1.049529	4.463574	2.922926
8562	-6080.682	-6282.187	201.5052	0.532655	0.0508119	0.416337	0.000195921	2.206365	1.1772	4.585406	1.961933
8568	-6080.626	-6282.441	201.8149	0.549335	0.0205476	0.429375	0.000742601	1.842808	1.092876	4.519227	2.18429
8574	-6088.442	-6290.855	202.4132	0.512092	0.0444572	0.442685	0.000765621	1.068759	1.152781	4.298866	2.799764
8580	-6089.201	-6293.57	204.3689	0.472483	0.277429	0.172823	0.0772655	1.036889	1.279354	3.320215	2.267778
8586	-6078.73	-6284.23	205.5005	0.226005	0.599387	0.120662	0.0539456	1.060484	1.440125	2.657631	1.975279
8592	-6070.877	-6274.89	204.0123	0.405586	0.456991	0.0919966	0.0454266	0.9180068	1.27121	3.502452	2.5218
8598	-6078.657	-6283.129	204.4721	0.328208	0.536961	0.0775999	0.0572314	1.179225	1.295521	3.502452	1.532854
8604	-6087.555	-6290.706	203.1512	0.435215	0.273431	0.169262	0.122092	1.422197	1.175784	3.800857	2.463922
8610	-6083.517	-6283.795	200.2777	0.593322	0.152071	0.0673877	0.187219	2.190624	1.175187	4.52973	4.194213
8616	-6087.848	-6288.057	200.2092	0.530078	0.0889609	0.294887	0.0860747	2.692563	1.022413	5.047944	2.369931
8622	-6075.821	-6277.812	201.9909	0.500669	0.219037	0.225879	0.054415	1.2228	1.038057	4.752393	2.175417
8628	-6079.206	-6280.277	201.0707	0.461993	0.319963	0.118002	0.100041	1.89021	1.170053	4.515622	3.17533
8634	-6073.397	-6274.954	201.5565	0.282715	0.566564	0.140208	0.0105135	1.463432	1.05209	4.935596	2.004195
8640	-6070.291	-6272.271	201.9797	0.469381	0.323532	0.195355	0.0117318	1.750368	1.150167	4.107438	3.077115
8646	-6082.143	-6284.595	202.4518	0.469381	0.323532	0.195355	0.0117318	1.301228	1.097299	4.109052	3.014626
8652	-6068.887	-6270.731	201.844	0.470883	0.324568	0.19278	0.0117693	1.776819	1.127541	4.515135	2.17826
8658	-6079.625	-6281.407	201.7821	0.483862	0.309654	0.191871	0.0146127	1.776819	1.068903	4.733019	1.821525
8664	-6079.313	-6283.524	204.211	0.50501	0.323189	0.123222	0.0485793	1.141219	1.276038	3.121372	2.870133
8670	-6071.418	-6275.695	204.2772	0.33838	0.462085	0.132185	0.0673498	1.17012	1.293843	3.383248	2.046939
8676	-6065.457	-6269.244	203.787	0.330251	0.475007	0.12901	0.0657319	1.071734	1.202486	3.800104	1.992157
8682	-6072.922	-6274.629	201.7071	0.544419	0.0538421	0.325821	0.0759187	1.744361	1.14628	4.266403	3.079422
8688	-6083.23	-6285.142	201.9125	0.63834	0.026841	0.271547	0.0632725	1.744361	1.121197	4.266403	2.782549
8694	-6086.595	-6288.823	202.2276	0.619995	0.0396355	0.263743	0.0766263	1.965668	1.171452	4.161509	2.250539
8700	-6091.397	-6294.724	203.3268	0.428759	0.356455	0.181311	0.0334751	1.391012	1.161524	4.206118	1.373077
8706	-6080.793	-6283.254	202.4611	0.418944	0.402558	0.0470886	0.13141	1.652846	1.275462	4.279194	1.849372
8712	-6065.517	-6268.605	203.0883	0.354313	0.507164	0.0297847	0.108738	1.179746	1.110906	4.25435	1.849372
8718	-6077.813	-6280.672	202.8595	0.410822	0.473961	0.0119929	0.103225	1.66713	1.12946	3.786931	2.698968
8724	-6070.234	-6273.947	203.7131	0.298564	0.608063	0.00810723	0.0852664	1.465435	1.203213	3.949579	1.324948
8730	-6080.069	-6284.212	204.1427	0.343691	0.566364	0.0086847	0.0812605	1.057212	1.144442	3.949579	1.333199
8736	-6093.213	-6296.015	202.8027	0.368876	0.528332	0.0155767	0.0872151	1.47236	1.298605	4.294352	1.556356
8742	-6077.121	-6281.922	204.8004	0.447494	0.463158	0.0188966	0.0704513	1.140992	1.312729	3.13693	1.918112
8748	-6073.223	-6276.768	203.5445	0.454326	0.470229	0.0191851	0.0562598	1.117596	1.243294	3.922657	1.918112
8754	-6081.11	-6283.046	201.9362	0.349926	0.584149	0.019606	0.0463193	1.210316	1.119177	5.081825	1.413634
8760	-6083.639	-6285.528	201.889	0.312699	0.558727	0.0187528	0.109821	1.246721	1.077817	5.081825	1.475839
8766	-6075.851	-6277.663	201.8124	0.363424	0.511629	0.017172	0.107775	1.099889	1.092193	5.327558	1.207802
8772	-6094.011	-6295.505	201.4938	0.349977	0.591386	0.0479489	0.0106882	0.9463569	0.944799	5.471412	1.610945
8778	-6084.392	-6285.45	201.0582	0.394638	0.392644	0.152589	0.0601285	1.51742	0.9548781	5.471412	1.483347
8784	-6081.442	-6281.794	200.3522	0.38052	0.408835	0.151102	0.0595425	1.255114	0.9548781	5.667875	2.227271
8790	-6083.433	-6284.481	201.0481	0.39239	0.421588	0.105099	0.080924	1.0339	1.091595	5.179045	2.621306
8796	-6091.003	-6294.381	203.3777	0.332462	0.454525	0.133236	0.079777	1.101236	1.169825	4.358061	1.309084
8802	-6092.567	-6295.131	202.5635	0.518843	0.294018	0.146573	0.040566	2.020971	1.268077	3.827731	2.409045
8808	-6074.373	-6277.473	203.0997	0.492953	0.329247	0.139259	0.0385418	1.549175	1.212632	4.04694	1.748146
8814	-6068.524	-6272.153	203.6291	0.337655	0.561197	0.0168681	0.08428	1.649807	1.283166	3.738262	1.570644
8820	-6073.454	-6278.862	205.4073	0.232016	0.646103	0.0137834	0.108098	0.8673001	1.24702	3.604204	0.7491455
8826	-6067.843	-6270.924	203.081	0.185641	0.678463	0.015115	0.120781	1.118858	1.105296	4.622817	1.173468
8832	-6079.408	-6281.986	202.5788	0.365904	0.563326	0.00541016	0.0653598	1.360983	1.088506	4.521389	1.71292
8838	-6078.898	-6282.109	203.2111	0.343093	0.528208	0.00507288	0.123627	1.084474	1.110302	4.521389	1.257473
8844	-6076.237	-6277.538	201.3009	0.510198	0.284522	0.101841	0.103439	1.482881	1.165751	4.754706	2.651877
8850	-6077.706	-6280.26	202.5535	0.540085	0.24261	0.107807	0.109499	1.67354	1.165751	4.266321	1.878968
8856	-6072.956	-6276.428	203.472	0.476658	0.263435	0.141009	0.118898	1.529552	1.333515	3.394158	2.659685
8862	-6071.428	-6275.3	203.872	0.354628	0.489557	0.144339	0.0114764	1.089096	1.277413	3.394158	2.751575
8868	-6062.955	-6265.61	202.6552	0.58888	0.227095	0.175525	0.00849986	1.515663	1.25178	3.857711	2.836258
8874	-6070.486	-6273.533	203.0474	0.452281	0.336884	0.204922	0.00591323	1.320774	1.294777	3.911683	2.292786
8880	-6080.602	-6283.071	202.4683	0.567423	0.383898	0.0245375	0.0241422	2.608035	1.170271	3.907867	1.916965
8886	-6067.86	-6269.345	201.4849	0.504038	0.338177	0.040235	0.11755	1.696194	1.055818	4.755144	2.273462
8892	-6073.804	-6273.975	200.1713	0.460602	0.309034	0.122944	0.10742	1.680097	0.9631559	5.551956	2.246123
8898	-6077.614	-6281.701	204.0873	0.463329	0.310864	0.123672	0.102135	1.615376	1.277712	3.542947	1.468993
8904	-6091.029	-6294.582	203.5532	0.373051	0.363101	0.181614	0.0822346	1.122483	1.242389	4.080033	1.560878
8910	-6080.062	-6280.923	200.8614	0.415528	0.34581	0.119289	0.119373	1.671804	1.045096	5.061629	2.423965
8916	-6067.944	-6270.717	202.7736	0.4905	0.306987	0.132646	0.0698662	1.660323	1.180452	3.715046	2.965466
8922	-6068.631	-6271.1	202.469	0.525823	0.286905	0.0855245	0.101747	1.682219	1.228197	3.715046	3.377754
8928	-6068.465	-6273.198	204.7326	0.398788	0.373944	0.0946539	0.132614	1.333198	1.231845	3.18947	1.766045
8934	-6066.404	-6268.499	202.0948	0.345361	0.531501	0.00789323	0.115245	1.96386	1.139607	4.64878	1.371086
8940	-6072.993	-6273.798	200.8046	0.433509	0.486924	0.00880841	0.070759	1.703806	1.150473	4.973602	2.54934
8946	-6070.109	-6272.437	202.3285	0.435799	0.512246	0.00575156	0.046203	1.162834	1.066484	4.44798	2.513446
8952	-6083.861	-6287.365	203.5039	0.416211	0.398565	0.0725693	0.112655	1.204826	1.103032	4.088039	1.676153
8958	-6073.404	-6276.084	202.6799	0.433983	0.398202	0.0503499	0.117465	1.204715	1.112497	4.525354	1.727256
8964	-6087.872	-6290.258	202.3859	0.257342	0.608513	0.079378	0.0547667	1.189165	1.040011	4.715983	1.778592
8970	-6097.782	-6297.517	199.7349	0.408809	0.405109	0.0816613	0.104421	1.78952	1.196807	5.448566	2.697287
8976	-6099.674	-6302.225	202.5504	0.414351	0.392477	0.0693086	0.123864	1.403102	1.197093	4.393661	1.849751
8982	-6091.454	-6293.677	202.2223	0.426225	0.349312	0.114223	0.110241	1.440267	1.156488	4.726663	1.534998
8988	-6075.633	-6277.856	202.2223	0.412581	0.389788	0.124137	0.0734947	1.251372	1.069246	4.629126	2.080586
8994	-6080.704	-6282.663	201.9587	0.422484	0.452921	0.0914563	0.0331392	1.316951	1.21675	4.629126	2.157105
9000	-6069.025	-6272.608	203.5835	0.393654	0.504302	0.0876033	0.0144413	1.329395	1.268116	3.787434	1.883216
9006	-6081.174	-6283.582	202.4085	0.498146	0.360685	0.115352	0.0258169	1.307988	1.245667	4.106979	2.837506
9012	-6071.74	-6275.192	203.4519	0.295749	0.57907	0.112065	0.0131156	1.099566	1.17124	4.141585	1.664547
9018	-6072.202	-6276.334	204.1328	0.331747	0.502316	0.125706	0.0402313	0.9520783	1.243786	3.767367	1.721766
9024	-6076.818	-6280.514	203.6959	0.426987	0.491671	0.0527175	0.0286247	1.231121	1.289445	3.879266	1.630178
9030	-6061.106	-6263.612	202.5059	0.356848	0.493602	0.10293	0.0466204	1.334396	1.156503	4.166474	2.621274
9036	-6058.757	-6261.454	202.6972	0.396707	0.434846	0.12417	0.0442779	1.049114	1.191948	4.54412	1.752028
9042	-6068.006	-6270.662	202.6564	0.338073	0.416647	0.192534	0.0527456	1.010425	1.076319	4.653404	1.752028
9048	-6072.998	-6276.786	203.7881	0.336086	0.414197	0.197282	0.0524355	1.081468	1.196718	4.336194	0.917222
9054	-6068.935	-6271.114	202.1795	0.359268	0.352562	0.227787	0.0603838	1.247752	1.080042	4.769237	1.798967
9060	-6064.516	-6266.519	202.0031	0.395142	0.32528	0.228333	0.0512456	1.125592	1.091327	4.769237	2.171069
9066	-6068.606	-6271.414	202.8075	0.351752	0.430642	0.17772	0.0398863	1.005247	1.096255	4.769237	1.315812
9072	-6078.115	-6282.174	204.0595	0.361535	0.431802	0.178199	0.0284639	0.8313376	0.9806495	4.255848	1.26583
9078	-6064.332	-6267.076	202.7444	0.279141	0.453611	0.216354	0.050894	1.009317	1.017249	4.872478	1.264582
9084	-6073.861	-6275.291	201.43	0.4357	0.27303	0.271288	0.0199824	1.546341	0.9919988	4.872478	2.321134
9090	-6069.512	-6270.592	201.0808	0.486885	0.297324	0.200062	0.0157284	1.899324	1.023371	4.872478	2.36751
9096	-6076.881	-6278.869	201.9884	0.609546	0.123597	0.26073	0.00612745	2.416884	1.145502	4.033606	2.493245
9102	-6072.096	-6275.11	203.0138	0.669848	0.0190575	0.265442	0.0456528	1.662063	1.170633	3.633259	2.817593
9108	-6073.973	-6277.086	203.113	0.677453	0.00792141	0.268455	0.0461711	1.776583	1.144024	3.815447	2.103306
9114	-6070.064	-6271.92	201.8563	0.637531	0.00745461	0.281001	0.0740135	2.54493	1.27437	3.815447	2.964113
9120	-6088.192	-6289.291	201.0994	0.735932	0.00939261	0.145016	0.10966	2.222867	1.289518	3.976624	4.229094
9126	-6087.592	-6289.242	201.6495	0.742985	0.0109332	0.135371	0.110711	2.547406	1.186226	4.142278	2.523674
9132	-6086.94	-6289.65	202.7093	0.713433	0.0627948	0.129986	0.0937862	2.390696	1.253958	3.512028	2.635169
9138	-6085.12	-6286.291	201.1709	0.57857	0.169281	0.105415	0.146734	2.390696	1.201752	4.429586	2.616014
9144	-6083.315	-6284.884	201.5687	0.462091	0.355442	0.0451069	0.13736	1.639349	1.029834	4.735427	2.308168
9150	-6084.529	-6284.896	200.3671	0.46486	0.357572	0.0393845	0.138183	1.660389	1.089554	5.458294	2.058415
9156	-6077.218	-6279.008	201.7901	0.428732	0.329782	0.139122	0.102364	1.695136	1.089554	4.641765	2.084855
9162	-6072.482	-6273.18	200.6974	0.450149	0.320367	0.122495	0.106988	1.565109	1.119171	5.578371	1.438997
9168	-6075.243	-6277.315	202.0715	0.475063	0.30325	0.120416	0.101272	1.753884	1.112983	4.473947	2.012669
9174	-6078.59	-6281.796	203.2065	0.481492	0.307354	0.122046	0.0891083	1.561055	1.146161	3.949071	1.901774
9180	-6069.479	-6271.545	202.0652	0.398977	0.421048	0.0948925	0.0850819	1.618517	1.098644	4.874818	1.305287
9186	-6073.018	-6273.086	200.0675	0.488713	0.374212	0.0614565	0.0756177	2.182296	1.040978	5.402654	2.124312
9192	-6062.08	-6264.214	202.1341	0.380749	0.35785	0.181758	0.079643	1.147001	1.103519	4.811536	1.851336
9198	-6071.78	-6273.632	201.8518	0.418282	0.283818	0.208143	0.0897571	1.06919	1.132497	4.994608	1.851336
9204	-6072.549	-6273.846	201.2965	0.486897	0.337002	0.0716203	0.104481	1.635584	1.018821	4.721216	2.780734
9210	-6072.972	-6274.284	201.3123	0.6027	0.179315	0.0886545	0.129331	1.635584	1.20554	4.559958	2.918866
9216	-6086.063	-6286.665	200.6015	0.606256	0.180372	0.0832784	0.130093	1.62761	1.076911	5.056267	2.848209
9222	-6083.846	-6287.423	203.5775	0.421504	0.353982	0.112275	0.112239	1.102973	1.333447	3.716104	2.258314
9228	-6093.687	-6296.463	202.7763	0.414106	0.36532	0.110304	0.110269	1.718173	1.318049	3.535378	3.172436
9234	-6071.253	-6274.735	203.4821	0.285841	0.591069	0.0362095	0.0868809	1.431164	1.188274	4.117127	1.305618
9240	-6071.382	-6274.59	203.208	0.286443	0.565548	0.0615693	0.086439	0.9933818	1.20924	4.356963	1.581206
9246	-6077.741	-6281.595	203.8542	0.336209	0.537849	0.0149315	0.111011	1.166064	1.299386	3.753566	1.767118
9252	-6088.065	-6290.881	202.8162	0.501546	0.340767	0.0511252	0.106562	1.732188	1.277397	4.163286	1.581423
9258	-6070.815	-6271.321	200.5058	0.369222	0.481683	0.0276015	0.121494	1.327821	1.016415	5.520354	2.20861
9264	-6078.611	-6280.069	201.4571	0.339603	0.515687	0.0146396	0.130071	1.327821	0.9825345	5.530361	1.085261
9270	-6078.142	-6279.778	201.6362	0.440781	0.357394	0.155195	0.0466294	1.289799	1.056996	4.771562	2.522459
9276	-6075.25	-6275.35	200.1004	0.638684	0.0405487	0.224875	0.0958927	1.765531	1.125631	5.138052	3.170149
9282	-6087.562	-6288.521	200.9592	0.488422	0.209176	0.205985	0.0964163	1.762841	0.9952938	4.79459	2.985906
9288	-6067.244	-6269.358	202.1145	0.57557	0.201099	0.159278	0.0640537	1.911521	1.088323	4.352725	2.111272
9294	-6067.673	-6270.294	202.6208	0.436765	0.307115	0.199005	0.0571149	1.650239	1.084684	4.143368	2.215191
9300	-6064.054	-6265.902	201.8486	0.441012	0.31011	0.233223	0.0156546	1.060987	1.212565	4.590675	2.790931
9306	-6085.009	-6286.665	201.6563	0.411273	0.345265	0.0809455	0.162516	1.18187	1.02834	5.054567	1.959121
9312	-6082.397	-6284.781	202.3844	0.429808	0.40831	0.00535336	0.156529	1.85045	1.185029	4.357546	1.686608
9318	-6077.385	-6278.533	201.1479	0.578712	0.237783	0.12695	0.0565552	1.949482	1.160825	4.639308	2.629243
9324	-6075.978	-6278.65	202.6715	0.393937	0.424954	0.142976	0.0381328	1.244064	1.04601	4.609866	1.590764
9330	-6071.837	-6275.109	203.2723	0.479414	0.310849	0.169527	0.0402102	1.631603	1.193594	3.8594	1.881073
9336	-6074.413	-6276.955	202.5418	0.469428	0.267027	0.223509	0.040035	1.392169	1.199145	3.912853	3.132367
9342	-6063.088	-6266.463	203.3759	0.451624	0.313468	0.215032	0.0198764	0.9159865	1.144401	4.272996	1.731324
9348	-6075.965	-6278.026	202.061	0.454693	0.329028	0.105613	0.110666	1.451517	1.010464	4.60299	2.199595
9354	-6065.251	-6267.21	201.9596	0.461744	0.33413	0.180095	0.024031	1.354889	1.047243	4.899095	1.701477
9360	-6064.516	-6265.453	200.9362	0.511724	0.322502	0.15345	0.0123243	2.083003	1.110031	4.899095	2.184735
9366	-6060.825	-6261.951	201.1262	0.513554	0.303438	0.153999	0.0290086	2.162598	1.055264	4.860438	2.015706
9372	-6071.131	-6272.336	201.2048	0.667556	0.0945572	0.200179	0.0377076	2.082036	0.9649179	4.860438	2.110901
9378	-6067.723	-6267.589	199.8661	0.605	0.0341958	0.323185	0.0376192	2.082036	1.046848	5.15212	3.248485
9384	-6074.771	-6276.621	201.8503	0.598947	0.0539889	0.319952	0.0271124	2.392533	1.046848	4.440069	1.850114
9390	-6083.699	-6286.97	203.2711	0.473834	0.412279	0.0581621	0.0557243	1.735643	1.158123	3.915797	1.696349
9396	-6077.855	-6281.535	203.6803	0.420773	0.429776	0.0833388	0.066112	1.652414	1.37282	3.274633	2.435427
9402	-6073.247	-6278.195	204.9482	0.4043	0.412951	0.0800762	0.102673	0.8565675	1.300578	3.217812	1.934297
9408	-6071.903	-6276.289	204.3862	0.495207	0.32799	0.0883731	0.0884307	1.467822	1.315517	3.196351	1.934297
9414	-6073.531	-6276.97	203.4385	0.514233	0.340592	0.0533465	0.0918284	1.512796	1.296412	3.292475	3.07891
9420	-6072.153	-6276.049	203.896	0.456108	0.302093	0.183708	0.0580907	1.394099	1.332909	3.366573	2.274862
9426	-6067.224	-6271.813	204.5893	0.486788	0.257731	0.194103	0.0613777	1.329736	1.281829	3.390876	1.472035
9432	-6072.21	-6273.827	201.6167	0.393304	0.301258	0.240123	0.0653138	0.9183439	1.132178	5.185735	1.905171
9438	-6066.141	-6268.315	202.1734	0.407585	0.383338	0.175296	0.0337819	1.308997	1.124162	4.669968	1.905171
9444	-6072.608	-6273.283	200.6752	0.400131	0.376327	0.190378	0.0331641	1.501718	1.019238	5.013981	3.125866
9450	-6062.44	-6263.602	201.162	0.386539	0.46478	0.0976499	0.0510313	1.132482	1.019238	5.08784	2.662856
9456	-6064.436	-6265.706	201.2706	0.501205	0.285671	0.139974	0.0731495	1.204872	0.9962885	5.304933	1.885475
9462	-6074.611	-6275.65	201.0394	0.459722	0.309198	0.212356	0.0187234	1.204872	0.8835147	5.304933	2.357338
9468	-6070.813	-6271.502	200.6892	0.487521	0.327895	0.127786	0.0567989	1.452881	1.14706	4.895616	3.323765
9474	-6067.06	-6270.369	203.3094	0.361562	0.54952	0.0347059	0.0542122	1.150129	1.124272	4.024068	2.112554
9480	-6061.3	-6264.805	203.5047	0.251047	0.649775	0.0714425	0.0277357	0.7782635	1.145938	4.391254	1.495834
9486	-6068.558	-6271.219	202.6608	0.31594	0.492981	0.156174	0.0349052	0.9080472	1.065865	4.889352	1.38242
9492	-6060.858	-6262.205	201.3476	0.426185	0.435635	0.0947413	0.0434388	1.366195	0.9979291	5.195875	1.847414
9498	-6070.967	-6271.054	200.0873	0.578488	0.233952	0.128598	0.0589622	1.932052	0.970371	5.45661	2.318656
9504	-6085.736	-6289.501	203.765	0.354616	0.326525	0.290012	0.0288472	1.029545	1.277275	4.064178	1.41321
9510	-6069.795	-6271.318	201.5236	0.42241	0.376833	0.144134	0.0566224	1.252777	1.093719	4.946457	2.22532
9516	-6069.436	-6270.52	201.0836	0.505611	0.278338	0.183985	0.0320667	1.294187	1.012673	5.203314	2.253242
9522	-6063.182	-6265.878	202.6958	0.503463	0.253121	0.222254	0.0211623	1.736529	1.111022	4.307649	1.615611
9528	-6069.069	-6271.581	202.5112	0.503463	0.253121	0.222254	0.0211623	1.60114	1.23366	4.284604	1.881677
9534	-6079.868	-6282.206	202.3383	0.492425	0.247571	0.217381	0.0426235	1.337373	1.251653	3.942246	3.39398
9540	-6067.786	-6269.637	201.8514	0.654876	0.0290077	0.289095	0.0270218	1.899542	1.220741	3.942246	3.481692
9546	-6076.106	-6278.014	201.9078	0.654876	0.0290077	0.289095	0.0270218	2.754236	1.17371	3.794715	2.882469
9552	-6080.005	-6282.618	202.6134	0.402377	0.436186	0.149012	0.0124254	0.9705826	1.075622	4.570998	2.05101
9558	-6087.169	-6289.605	202.4358	0.365176	0.395859	0.230559	0.00840507	0.9705826	1.232754	4.488664	2.282766
9564	-6064.698	-6267.843	203.1449	0.354782	0.441378	0.169919	0.0339213	1.109883	1.211781	3.870682	2.674242
9570	-6062.622	-6266.143	203.5204	0.418591	0.444952	0.0755759	0.0608813	0.9836114	1.271006	3.933181	2.064267
9576	-6056.169	-6260.688	204.5184	0.301871	0.596005	0.0533935	0.0487309	0.9433432	1.250668	3.771237	1.270247
9582	-6062.673	-6267.839	205.1663	0.315901	0.532364	0.0846912	0.0670438	1.095545	1.31753	3.303256	1.203157
9588	-6081.322	-6286.06	204.7382	0.327751	0.552334	0.0503564	0.0695587	1.095545	1.220546	3.723414	1.001768
9594	-6078.073	-6279.967	201.8941	0.448659	0.339842	0.105798	0.105701	1.355956	1.136836	4.442919	2.815714
9600	-6073.296	-6274.91	201.6146	0.503499	0.26746	0.114573	0.114468	2.001839	1.132209	4.442919	2.435249
9606	-6065.098	-6266.747	201.649	0.465306	0.398885	0.0317052	0.104105	2.001839	1.16455	4.461722	2.289593
9612	-6068.042	-6269.566	201.5244	0.476189	0.408214	0.033308	0.0822889	1.755929	1.118728	4.601044	2.454874
9618	-6079.207	-6281.661	202.4548	0.448337	0.423151	0.0121164	0.116396	1.755929	1.248181	3.955671	2.575078
9624	-6084.13	-6285.385	201.2547	0.468847	0.401099	0.046288	0.0837665	2.023687	1.059386	4.785653	2.156345
9630	-6081.314	-6283.41	202.0956	0.520786	0.155735	0.226496	0.0969833	1.848995	1.200026	4.309127	2.156345
9636	-6075.691	-6278.069	202.3773	0.514388	0.317696	0.0721239	0.0957919	1.625045	1.161253	4.430897	1.789078
9642	-6080.789	-6281.741	200.9516	0.500616	0.346675	0.0265538	0.126154	2.110332	1.062549	4.636396	2.915902
9648	-6084.027	-6284.188	200.161	0.651952	0.119727	0.0747611	0.15356	2.380693	1.081738	4.629687	3.989919
9654	-6083.924	-6287.703	203.7789	0.327702	0.485651	0.117148	0.0694991	1.150159	1.031034	4.371442	0.9625282
9660	-6087.932	-6290.494	202.5619	0.513764	0.302293	0.083434	0.100509	1.85647	1.266643	3.992368	2.182042
9666	-6075.767	-6278.328	202.561	0.317969	0.495409	0.0142471	0.172375	1.565795	1.138076	4.23815	2.090641
9672	-6062.611	-6264.882	202.2708	0.487026	0.376176	0.00590868	0.130889	1.877197	1.224824	4.221112	2.065212
9678	-6074.602	-6277.546	202.9439	0.492104	0.327135	0.0269298	0.153831	2.533692	1.181556	3.459007	2.383279
9684	-6088.571	-6290.029	201.4576	0.316039	0.525025	0.112168	0.0467683	1.408331	1.165388	5.015117	1.861652
9690	-6080.487	-6284.798	204.3108	0.293799	0.488079	0.174644	0.0434773	0.9945843	1.191617	3.776935	1.500072
9696	-6077.262	-6281.023	203.7616	0.209635	0.530016	0.164007	0.096341	0.8654864	1.236101	4.396591	1.013887
9702	-6064.596	-6269.975	205.379	0.308812	0.522393	0.106333	0.0624623	0.7242287	1.297203	3.531861	0.993875
9708	-6065.707	-6270.338	204.6308	0.313447	0.530233	0.114183	0.0421375	0.7197448	1.278263	3.531861	1.8672
9714	-6077.064	-6282.252	205.1888	0.387689	0.525245	0.0517334	0.0353328	0.9735704	1.345119	3.291136	1.301383
9720	-6081.221	-6285.325	204.1045	0.396196	0.517947	0.0510146	0.0348419	0.9405014	1.345119	3.893835	1.390563
9726	-6073.455	-6276.914	203.4588	0.310504	0.520139	0.0399808	0.129377	1.391318	1.33397	3.704786	2.077028
9732	-6077.324	-6280.153	202.8293	0.333733	0.369123	0.121638	0.175505	1.472076	1.180212	3.997748	2.361687
9738	-6073.067	-6276.762	203.6956	0.431928	0.320564	0.101338	0.14617	0.9898578	1.23105	4.053887	1.614775
9744	-6074.922	-6276.288	201.366	0.520735	0.250044	0.1471	0.082121	1.829004	1.069039	4.697817	2.421311
9750	-6073.885	-6274.708	200.8232	0.574986	0.157458	0.176879	0.0906764	2.436784	1.064857	4.767815	2.391229
9756	-6073.51	-6274.787	201.2767	0.530964	0.245314	0.163337	0.0603848	1.791938	1.043149	5.071282	1.711007
9762	-6060.064	-6261.761	201.697	0.530964	0.245314	0.163337	0.0603848	1.686206	1.057489	4.545816	2.519968
9768	-6062.324	-6265.009	202.6845	0.628532	0.131431	0.173241	0.0667966	1.665096	1.195266	4.051262	2.180386
9774	-6077.966	-6280.39	202.424	0.573203	0.181114	0.177315	0.0683674	1.5938	1.136715	4.266274	2.180386
9780	-6075.277	-6277.182	201.9044	0.448179	0.246558	0.236658	0.0686051	1.5938	1.228571	4.352641	2.582242
9786	-6066.371	-6268.227	201.8558	0.562744	0.11987	0.254004	0.0633813	2.241255	1.136428	4.150117	2.582242
9792	-6067.118	-6267.996	200.8782	0.389949	0.418222	0.134503	0.0573265	1.945668	1.124537	4.852419	2.51855
9798	-6072.378	-6275.977	203.5997	0.417087	0.334789	0.153061	0.0950636	1.322683	1.20135	3.786912	1.958242
9804	-6069.059	-6271.932	202.8726	0.494579	0.298343	0.0943527	0.112726	2.012885	1.223514	3.669198	2.4332
9810	-6056.571	-6260.384	203.813	0.48632	0.293361	0.0948965	0.125423	1.493379	1.266399	3.501624	2.041589
9816	-6073.781	-6277.434	203.6536	0.463392	0.372811	0.0361959	0.127602	1.323249	1.2624	3.740794	1.911866
9822	-6072.103	-6273.93	201.8267	0.445383	0.380863	0.0929469	0.0808076	1.763915	1.040602	4.637897	2.035707
9828	-6066.525	-6268.841	202.3166	0.472186	0.343603	0.0985405	0.0856707	1.763915	1.148902	4.248053	2.163765
9834	-6066.863	-6269.211	202.3481	0.50104	0.274936	0.134936	0.0890882	1.614053	1.069665	4.558759	1.6686
9840	-6066.675	-6271.2	204.5251	0.345677	0.499003	0.0908057	0.0645141	1.417879	1.229303	3.736674	0.8858269
9846	-6073.049	-6275.521	202.4722	0.357075	0.515457	0.0853704	0.042098	2.277774	1.263345	3.627623	2.803912
9852	-6063.607	-6266.775	203.1688	0.314332	0.612533	0.0515898	0.0215451	1.057283	1.126379	3.917978	2.721996
9858	-6060.822	-6263.996	203.1742	0.462688	0.347825	0.165412	0.0240751	1.30146	1.223296	3.869295	2.344861
9864	-6061.527	-6262.673	201.1461	0.526922	0.273863	0.188376	0.0108392	1.661602	1.143217	4.883482	2.344861
9870	-6060.47	-6263.296	202.8264	0.466861	0.279129	0.241026	0.0129841	1.215232	1.065644	4.20339	2.344861
9876	-6088.941	-6290.503	201.5615	0.454429	0.324626	0.1767	0.0442453	1.222961	1.08826	5.29888	1.415244
9882	-6077.579	-6278.486	200.9071	0.344961	0.457644	0.125606	0.0717887	1.348706	1.054346	5.230258	2.30535
9888	-6063.92	-6266.009	202.0891	0.40402	0.402817	0.14711	0.0460527	1.117291	1.184944	4.354534	3.040051
9894	-6070.001	-6272.955	202.9542	0.409378	0.322429	0.131224	0.136969	0.9842455	1.099438	4.478866	1.77216
9900	-6067.525	-6269.602	202.0769	0.521924	0.239733	0.0567901	0.181554	1.604314	1.135575	4.411713	2.296356
9906	-6069.195	-6270.488	201.2923	0.447526	0.361965	0.128819	0.0616905	1.405308	1.146342	4.440188	3.791857
9912	-6076.797	-6279.365	202.5685	0.394866	0.301357	0.232809	0.0709681	1.18551	1.202758	4.516101	1.796958
9918	-6079.542	-6283.417	203.8749	0.351554	0.363541	0.263578	0.0213271	1.192695	1.318336	3.492764	2.281701
9924	-6083.403	-6287.315	203.912	0.411658	0.425694	0.109637	0.0530111	1.186248	1.304991	3.684697	1.813212
9930	-6089.382	-6292.663	203.2813	0.409253	0.457528	0.092778	0.0404415	1.571774	1.233337	4.037553	1.501894
9936	-6074.612	-6278.031	203.4191	0.398335	0.512684	0.0436641	0.0453168	1.175878	1.234176	4.091434	1.645907
9942	-6064.905	-6267.549	202.6443	0.306066	0.512216	0.117856	0.0638623	1.175878	1.082248	4.873771	1.127545
9948	-6063.908	-6267.784	203.876	0.426445	0.320211	0.175744	0.0776001	1.244103	1.186456	3.888731	1.505151
9954	-6066.721	-6270.558	203.8366	0.466495	0.282171	0.224463	0.0268714	1.026877	1.115724	4.122487	1.40214
9960	-6078.004	-6280.738	202.7341	0.435594	0.437028	0.0399884	0.0873889	1.609553	1.115927	4.135006	2.082347
9966	-6089.365	-6290.199	200.834	0.503977	0.332911	0.0620042	0.101108	1.822808	1.139088	5.08352	2.10074
9972	-6066.522	-6267.453	200.9314	0.495443	0.357071	0.0480901	0.0993958	1.822808	1.024213	5.043674	2.224658
9978	-6074.453	-6275.001	200.5479	0.544196	0.237316	0.114278	0.10421	1.742775	1.050408	5.043674	2.862213
9984	-6062.301	-6264.064	201.7637	0.48448	0.40017	0.0225744	0.0927749	1.594046	1.130897	4.741096	1.939581
9990	-6063.138	-6264.578	201.4398	0.441448	0.364626	0.105572	0.0883534	1.514806	1.041754	4.781262	2.514216
9996	-6058.321	-6259.033	200.7123	0.470783	0.353577	0.113398	0.0622411	1.763446	0.9997019	5.166976	2.321985
10002	-6069.809	-6270.037	200.228	0.599284	0.0485791	0.261363	0.0907743	1.7493	1.118329	5.200993	2.802212
10008	-6075.23	-6274.589	199.3586	0.628532	0.0450334	0.242286	0.0841487	1.986971	0.9076758	5.638132	2.968046
10014	-6072.372	-6273.511	201.1392	0.561947	0.169604	0.162928	0.10552	1.392547	1.11465	4.968432	2.512205
10020	-6075.444	-6276.338	200.8941	0.359138	0.563825	0.0484755	0.0285618	1.45166	0.9405348	5.391251	1.952957
10026	-6067.843	-6269.107	201.2642	0.376508	0.478959	0.0501411	0.094392	1.132538	1.106091	5.391251	1.646724
10032	-6070.419	-6271.885	201.4657	0.342693	0.49965	0.0591871	0.0984697	1.326785	1.119781	5.172084	1.646724
10038	-6074.853	-6276.238	201.3853	0.333092	0.554752	0.016445	0.0957109	1.279361	1.054513	5.172084	1.883006
10044	-6066.204	-6269.514	203.3102	0.381636	0.562356	0.0188417	0.0371661	1.080033	1.110865	4.176867	1.863251
10050	-6067.943	-6270.077	202.1339	0.340349	0.597648	0.033977	0.0280251	1.080033	1.110865	4.536701	2.624
10056	-6071.955	-6273.894	201.9389	0.390207	0.428243	0.116315	0.0652345	1.091932	1.115325	4.529133	2.930989
10062	-6072.7	-6274.092	201.3918	0.402721	0.441977	0.115307	0.0399946	1.430726	1.014683	5.392066	1.288427
10068	-6074.194	-6275.854	201.6601	0.457034	0.337771	0.102972	0.102223	1.648088	1.114013	4.766701	1.978626
10074	-6079.642	-6281.749	202.1065	0.455426	0.353131	0.10261	0.0888329	1.159912	1.052015	4.602919	2.458997
10080	-6077.195	-6279.168	201.9731	0.518707	0.337182	0.0592897	0.0848209	1.609842	1.18692	4.330926	2.579114
10086	-6085.146	-6288.128	202.982	0.507997	0.33022	0.0923389	0.0694435	1.609842	1.233658	3.638629	2.822101
10092	-6073.292	-6276.57	203.2779	0.567301	0.122198	0.232951	0.0775503	1.733088	1.238114	3.61359	2.278317
10098	-6078.626	-6281.728	203.1024	0.567819	0.125885	0.233164	0.0731313	1.733088	1.32784	3.383983	3.021044
10104	-6089.198	-6292.449	203.2509	0.590367	0.146522	0.177491	0.0856207	1.612708	1.297804	3.350409	3.084251
10110	-6082.908	-6287.283	204.3749	0.596379	0.175727	0.154367	0.073527	1.612708	1.297804	2.984296	2.291672
10116	-6084.177	-6286.565	202.388	0.511697	0.292768	0.132448	0.0630866	1.938664	1.190248	3.802241	2.972055
10122	-6072.566	-6274.578	202.0119	0.602542	0.153406	0.169765	0.0742868	1.756713	1.089021	4.414282	2.270888
10128	-6062.655	-6263.365	200.7108	0.647454	0.0703909	0.254111	0.0280433	2.794325	1.171205	4.414282	3.025622
10134	-6062.061	-6263.533	201.472	0.613906	0.126503	0.240944	0.0186472	1.932796	1.146651	4.529867	2.473888
10140	-6077.23	-6278.381	201.1513	0.546545	0.148573	0.282981	0.0219005	1.690842	1.0679	4.967201	2.196364
10146	-6074.073	-6275.247	201.1737	0.613535	0.126624	0.241176	0.0186651	2.205213	0.982694	4.538866	2.855692
10152	-6075.77	-6275.379	199.6087	0.556399	0.143208	0.180726	0.119667	2.222261	1.074796	4.810519	4.719041
10158	-6071.54	-6273.499	201.9588	0.522136	0.219544	0.146022	0.112298	2.025211	1.158633	4.100585	2.767749
10164	-6073.885	-6276.558	202.6725	0.626807	0.149892	0.129468	0.0938322	1.572744	1.297494	3.722385	3.039708
10170	-6074.429	-6276.638	202.2095	0.522241	0.297815	0.0913972	0.0885475	2.348856	1.303569	3.688586	2.913988
10176	-6073.392	-6277.115	203.7234	0.46614	0.381276	0.0846792	0.0679047	1.365278	1.26314	3.688586	1.888238
10182	-6080.005	-6281.377	201.3722	0.605659	0.0212283	0.339499	0.0336135	1.830829	1.082322	4.692393	2.404744
10188	-6101.885	-6302.477	200.593	0.546935	0.0200862	0.33182	0.101159	1.823952	1.056076	4.702032	3.741164
10194	-6085.619	-6289.412	203.7928	0.226469	0.652209	0.10649	0.0148322	0.6820226	1.164746	4.412128	1.226417
10200	-6074.248	-6276.124	201.8753	0.475026	0.20177	0.280943	0.0422605	1.42311	1.21507	4.140268	3.532289
10206	-6072.327	-6275.661	203.3341	0.492521	0.296748	0.166914	0.0438168	1.124136	1.270545	3.511426	3.270417
10212	-6065.59	-6269.327	203.7371	0.400446	0.417105	0.146823	0.0356254	1.186516	1.233729	3.511426	2.571566
10218	-6075.304	-6277.57	202.2655	0.455835	0.279303	0.128657	0.136205	1.524958	1.252943	4.371269	2.063579
10224	-6075.042	-6277.084	202.0424	0.499916	0.306312	0.10727	0.086502	1.797023	1.176987	4.539791	1.771525
10230	-6072.096	-6274.284	202.1879	0.498668	0.308044	0.107002	0.086286	1.123269	1.132152	4.500958	2.541908
10236	-6069.598	-6271.979	202.3805	0.432453	0.426262	0.0664561	0.0748287	1.341698	1.17711	3.866038	3.692238
10242	-6065.845	-6267.812	201.967	0.471863	0.396662	0.0618415	0.0696326	1.897313	1.112262	4.499285	1.94305
10248	-6072.926	-6272.665	199.7389	0.630109	0.18664	0.0825808	0.10067	2.337518	1.046084	5.386909	2.472255
10254	-6086.2	-6287.784	201.5834	0.548019	0.228061	0.100908	0.123012	1.577625	1.01422	4.765793	2.305476
10260	-6093.143	-6294.967	201.8245	0.615773	0.106164	0.240166	0.0378973	1.950391	1.277263	3.81783	3.759489
10266	-6085.098	-6286.322	201.2245	0.616843	0.104192	0.241002	0.0379632	2.805708	1.185738	4.054018	3.196467
10272	-6080.707	-6283.341	202.6339	0.352275	0.574424	0.0159666	0.0573345	1.144706	1.093381	4.707621	1.4848
10278	-6068.813	-6272.607	203.7942	0.376888	0.541012	0.0561692	0.0259306	1.445094	1.162842	3.973106	1.255254
10284	-6084.532	-6288.283	203.7512	0.286791	0.604544	0.0942445	0.0144205	0.9370962	1.302212	4.108797	1.417018
10290	-6072.841	-6273.358	200.5177	0.546141	0.262425	0.11264	0.0787936	1.677518	0.991812	5.34823	2.242024
10296	-6071.707	-6271.256	199.5487	0.553585	0.230218	0.13633	0.0798675	1.74196	0.985242	5.529706	3.17211
10302	-6076.505	-6276.868	200.363	0.507852	0.266878	0.155054	0.0702159	1.906466	0.9930572	5.230773	2.511136
10308	-6069.534	-6270.265	200.731	0.507852	0.266878	0.155054	0.0702159	1.802051	1.029274	5.244128	2.018389
10314	-6078.046	-6277.923	199.8773	0.390739	0.416381	0.141135	0.0517441	1.673366	0.9752716	5.471027	2.909192
10320	-6073.663	-6275.672	202.0085	0.506965	0.268899	0.218242	0.00589308	1.673366	1.167348	4.353981	2.415131
10326	-6080.22	-6282.53	202.31	0.498018	0.264153	0.21439	0.023439	1.601587	1.144945	4.353981	2.103348
10332	-6060.792	-6263.012	202.2208	0.40964	0.237689	0.330063	0.0226079	1.138963	1.085994	4.738363	1.94156
10338	-6070.2	-6273.348	203.1484	0.40534	0.389513	0.179214	0.0259327	1.0017	1.293161	4.024108	2.30512
10344	-6069.907	-6273.705	203.7979	0.490505	0.392071	0.0884697	0.028954	1.260085	1.27412	3.818593	1.620469
10350	-6061.516	-6264.748	203.2315	0.285894	0.568396	0.13825	0.00746108	1.254925	1.195305	4.231406	1.533921
10356	-6046.921	-6249.981	203.0607	0.483614	0.269903	0.233861	0.0126211	1.211116	1.118878	4.173471	2.023024
10362	-6066.338	-6267.364	201.0263	0.636818	0.0491186	0.297444	0.0166193	1.764209	1.098279	4.449855	3.781548
10368	-6061.024	-6262.916	201.8915	0.523726	0.289978	0.156801	0.0294942	1.990827	1.072353	4.445281	2.13125
10374	-6072.602	-6274.4	201.7978	0.635193	0.0332802	0.250532	0.0809943	2.102349	1.058192	4.445281	2.165905
10380	-6073.978	-6273.918	199.9393	0.610879	0.0928082	0.155589	0.140724	2.089538	0.998921	5.133574	3.253143
10386	-6063.365	-6264.26	200.8949	0.615239	0.140406	0.195584	0.0487713	1.79748	1.025298	4.868929	2.779524
10392	-6075.919	-6278.434	202.5154	0.597251	0.136301	0.189865	0.0765824	1.541608	1.161699	4.258467	2.099793
10398	-6068.411	-6269.548	201.1369	0.575297	0.131291	0.219645	0.0737673	1.857961	1.045438	4.662713	2.875414
10404	-6075.431	-6276.359	200.9286	0.637278	0.0579225	0.243309	0.0614897	2.442402	1.147756	4.531224	2.742078
10410	-6069.048	-6269.661	200.6132	0.645401	0.0436468	0.245365	0.065587	2.442402	1.079482	4.661602	2.98793
10416	-6077.567	-6277.959	200.3921	0.662013	0.027545	0.243167	0.0672751	2.10902	1.08153	4.859399	3.155494
10422	-6080.736	-6281.886	201.1499	0.663064	0.0494551	0.220099	0.0673818	1.835653	1.019253	4.859399	2.379157
10428	-6081.835	-6283.076	201.2411	0.622516	0.0688963	0.212656	0.0959316	1.612909	1.151876	4.812527	2.438651
10434	-6080.063	-6283.683	203.6199	0.393011	0.303226	0.165925	0.137838	1.758942	1.176102	3.773593	1.530945
10440	-6071.516	-6274.905	203.3888	0.458174	0.260179	0.211041	0.0706061	1.876915	1.250359	3.663008	1.843111
10446	-6068.457	-6270.675	202.2174	0.494816	0.299485	0.122403	0.0832956	2.081578	1.250359	3.734021	3.178428
10452	-6067.591	-6271.142	203.5507	0.573767	0.230858	0.0997943	0.0955804	1.550663	1.291845	3.36208	2.659039
10458	-6072.841	-6276.832	203.991	0.609945	0.245415	0.0809459	0.0636941	1.403108	1.281834	3.126028	2.812846
10464	-6069.52	-6272.687	203.1667	0.426047	0.428531	0.0813833	0.0640382	1.670631	1.26077	3.387999	3.099977
10470	-6073.289	-6276.312	203.0228	0.475157	0.301527	0.196871	0.0264446	1.606002	1.205746	3.991947	1.916536
10476	-6077.415	-6279.902	202.4867	0.380228	0.377775	0.15754	0.0844566	1.342733	1.142222	4.465127	1.908855
10482	-6071.213	-6272.709	201.4957	0.496895	0.363291	0.117578	0.0222358	2.169829	1.080394	4.465127	2.446855
10488	-6071.36	-6271.285	199.9249	0.58635	0.239734	0.137974	0.035942	1.787626	1.08311	5.393453	2.736953
10494	-6078.192	-6279.547	201.3546	0.505986	0.25129	0.171457	0.071267	1.3795	1.081448	4.478556	3.710371
10500	-6078.566	-6280.287	201.7214	0.414497	0.299661	0.212032	0.073811	1.3795	1.0852	4.576422	2.761041
10506	-6070.612	-6272.795	202.1831	0.422	0.372021	0.139482	0.0664974	1.217474	1.128678	4.576422	2.226452
10512	-6073.339	-6275.333	201.9945	0.343283	0.331776	0.246905	0.0780356	0.9463756	1.165421	4.649476	2.650456
10518	-6063.986	-6265.819	201.8321	0.214374	0.602778	0.105732	0.0771152	0.7961917	1.074051	5.299564	1.610016
10524	-6066.735	-6268.31	201.5758	0.429141	0.327576	0.0895886	0.153695	1.329623	1.066944	4.657107	2.865349
10530	-6069.806	-6272.554	202.7481	0.39285	0.372199	0.0715175	0.163433	1.357835	1.170317	4.09604	2.390658
10536	-6066.892	-6269.309	202.4168	0.298396	0.532035	0.0454306	0.124139	0.9673408	0.9984114	4.83974	1.786188
10542	-6070.647	-6273.936	203.2885	0.270984	0.537578	0.016039	0.175399	0.9673408	1.176784	4.124131	2.075192
10548	-6076.985	-6280.165	203.1792	0.439592	0.449742	0.0067287	0.103937	0.9673408	1.034285	4.157046	2.347349
10554	-6081.744	-6286.488	204.7434	0.330396	0.618905	0.0122762	0.0384234	1.189154	1.316271	3.18678	1.819894
10560	-6083.236	-6286.573	203.3363	0.34914	0.507544	0.014876	0.12844	1.452977	1.174876	3.882583	1.967832
10566	-6073.388	-6275.746	202.3575	0.385142	0.444466	0.0436581	0.126734	1.3721	1.187782	4.641301	1.589808
10572	-6071.279	-6271.975	200.6954	0.407192	0.483466	0.0136451	0.095697	1.3721	1.081455	5.32706	2.2886
10578	-6083.099	-6284.802	201.7028	0.283443	0.539065	0.045034	0.132458	0.9307663	1.153757	5.128111	1.884126
10584	-6070.69	-6272.807	202.1174	0.262624	0.572921	0.0417262	0.122729	0.9307663	1.070989	5.103535	1.530659
10590	-6070.372	-6271.606	201.2337	0.399864	0.456759	0.0800476	0.0633294	1.263606	0.9782793	5.588211	1.276214
10596	-6075.893	-6277.543	201.6498	0.459704	0.277319	0.215349	0.0476284	1.402235	1.057059	4.991946	1.814735
10602	-6087.832	-6289.505	201.6737	0.676985	0.067737	0.10165	0.153628	2.38061	1.121194	3.952776	3.318998
10608	-6086.57	-6287.536	200.9659	0.580343	0.135712	0.156314	0.127631	2.152503	1.125616	4.85425	2.163255
10614	-6076.711	-6279.068	202.3566	0.624845	0.0639419	0.205568	0.105645	1.894291	1.16988	3.79852	3.127805
10620	-6084.393	-6284.908	200.5148	0.57386	0.138688	0.222414	0.0650386	1.593157	1.129928	5.346307	2.155566
10626	-6074.701	-6276.125	201.4242	0.454338	0.274677	0.219493	0.0514926	1.126408	0.9678869	5.407292	1.592671
10632	-6080.493	-6281.542	201.0494	0.441891	0.255466	0.265917	0.0367263	1.282507	1.012622	5.179407	2.380133
10638	-6074.664	-6276.556	201.8915	0.477861	0.21949	0.279207	0.0234413	1.551995	1.078619	4.510919	2.457443
10644	-6077.912	-6280.603	202.6905	0.437961	0.280975	0.259294	0.0217695	1.07865	1.11137	4.510919	1.901168
10650	-6071.26	-6273.021	201.7604	0.419069	0.334027	0.218001	0.0289031	1.282362	1.05802	4.976494	1.846062
10656	-6070.915	-6272.354	201.4394	0.455438	0.309023	0.205585	0.0299545	1.099366	1.052521	5.220938	1.921853
10662	-6080.399	-6281.371	200.9721	0.324487	0.392032	0.24548	0.0380009	1.113111	1.044419	5.4472	1.990281
10668	-6076.773	-6279.407	202.6343	0.360147	0.404745	0.192931	0.0421771	1.020552	1.040169	4.761957	1.574734
10674	-6081.113	-6282.845	201.732	0.46446	0.115023	0.343986	0.0765313	1.162709	1.035168	4.761957	2.617389
10680	-6082.357	-6283.497	201.1392	0.609769	0.100231	0.189526	0.100475	1.71453	1.064624	4.761957	2.739137
10686	-6082.975	-6283.628	200.6536	0.580029	0.232827	0.0952435	0.0919014	2.151742	1.116241	4.761957	2.899201
10692	-6091.031	-6292.232	201.2012	0.53545	0.156223	0.211699	0.0966278	1.640307	1.066867	4.739796	2.796904
10698	-6082.995	-6283.833	200.8385	0.449985	0.263732	0.262019	0.0242642	1.557376	0.9891096	5.188918	2.342879
10704	-6081.281	-6281.321	200.0395	0.556498	0.308317	0.10703	0.0281558	1.506849	0.9743111	5.42268	3.019411
10710	-6074.959	-6276.305	201.3463	0.305871	0.398768	0.232105	0.0632564	1.042527	0.9354454	5.400332	1.845514
10716	-6073.179	-6273.766	200.587	0.37882	0.376511	0.21915	0.0255189	1.038703	0.9248405	5.755445	2.011658
10722	-6083.668	-6286.903	203.2342	0.333164	0.45849	0.115572	0.0927739	1.316128	1.267117	4.237763	1.371594
10728	-6067	-6271.445	204.4446	0.304017	0.581242	0.0625785	0.0521623	1.300912	1.127376	3.660646	1.31743
10734	-6074.897	-6278.283	203.3855	0.313741	0.573121	0.0617042	0.0514335	1.193601	1.160378	4.416601	1.106595
10740	-6081.205	-6285.606	204.4012	0.386974	0.54124	0.0259697	0.0458167	1.218146	1.101482	3.845895	1.130482
10746	-6073.406	-6276.874	203.4685	0.417199	0.485437	0.0479682	0.0493954	1.405276	1.129104	4.148883	1.349556
10752	-6070.816	-6273.453	202.6369	0.405827	0.472205	0.0691845	0.0527836	1.60961	1.097144	4.452656	1.52104
10758	-6070.221	-6274.911	204.6908	0.344265	0.533349	0.0586895	0.0636963	0.9398155	1.149622	3.767347	1.20486
10764	-6073.569	-6277.427	203.858	0.402414	0.512858	0.0182983	0.0664303	1.01996	1.170137	4.088965	1.390774
10770	-6070.845	-6274.258	203.4128	0.388727	0.495414	0.025198	0.0906612	1.101648	1.145678	4.121488	1.78568
10776	-6069.404	-6270.671	201.2674	0.463265	0.394246	0.0705536	0.0719346	2.16265	1.145678	4.450363	2.745301
10782	-6069.254	-6271.167	201.9136	0.407846	0.286753	0.248475	0.0569264	1.472913	1.117039	4.479828	2.551829
10788	-6074.692	-6277.783	203.0913	0.524371	0.277542	0.158216	0.0398707	1.345997	1.249114	4.128047	1.757679
10794	-6073.433	-6276.091	202.6576	0.402291	0.450552	0.0919243	0.055233	0.9185336	1.088268	4.597398	1.982781
10800	-6078.445	-6281.462	203.017	0.388044	0.473957	0.0611907	0.0768082	1.15338	1.091716	4.597398	1.26917
10806	-6078.6	-6279.402	200.8017	0.357124	0.41934	0.152849	0.0706879	0.8975243	1.04031	5.540766	2.293138
10812	-6083.604	-6285.584	201.9799	0.418609	0.432204	0.0596309	0.0895562	1.473028	1.062259	4.720867	1.929086
10818	-6076.195	-6278.531	202.3356	0.435035	0.449164	0.0885909	0.0272095	1.408436	1.044733	4.563157	1.929086
10824	-6084.631	-6285.353	200.722	0.421294	0.434977	0.0468458	0.0968829	1.844535	1.058154	4.991099	2.596918
10830	-6079.835	-6281.211	201.3762	0.528087	0.369328	0.0391537	0.0634309	1.638783	1.058154	5.030349	1.815333
10836	-6075.388	-6276.458	201.0699	0.570526	0.238116	0.126115	0.065243	1.744032	1.06265	4.7421	2.87229
10842	-6075.84	-6277.94	202.1007	0.478026	0.349917	0.105668	0.0663884	1.820453	1.078419	4.468043	1.963445
10848	-6085.568	-6288.694	203.1266	0.577605	0.249541	0.0926354	0.080218	1.559943	1.268929	3.879742	2.005679
10854	-6079.935	-6282.408	202.4731	0.492152	0.345142	0.133628	0.0290774	1.550296	1.106294	4.348993	2.005679
10860	-6079.714	-6285.91	206.1955	0.228058	0.674969	0.0844487	0.0125241	0.7185588	1.326185	3.115355	0.864305
10866	-6069.761	-6275.996	206.2352	0.285926	0.556366	0.135684	0.022024	0.9143281	1.443192	2.439706	1.669509
10872	-6072.333	-6277.512	205.1795	0.294491	0.519021	0.164061	0.022427	0.6632527	1.254271	3.460963	1.450952
10878	-6064.312	-6267.275	202.9624	0.450974	0.376165	0.154831	0.0180298	1.992584	1.135811	4.082716	1.503982
10884	-6069.596	-6272.046	202.4507	0.447763	0.380607	0.153729	0.0179015	0.893988	1.17651	4.794885	1.7153
10890	-6071.689	-6273.819	202.13	0.439891	0.34108	0.201442	0.0175868	1.705158	1.11768	4.318559	2.363715
10896	-6078.17	-6280.85	202.68	0.528362	0.260426	0.0960222	0.115189	1.98404	1.239806	3.810779	2.363715
10902	-6096.585	-6297.777	201.1928	0.356218	0.50215	0.0488729	0.0927589	1.403586	0.9577279	5.224982	1.989436
10908	-6084.313	-6286.257	201.9443	0.486129	0.383877	0.0217873	0.108207	1.26643	1.066869	4.544029	2.691487
10914	-6086.994	-6289.716	202.7213	0.262286	0.640189	0.00797895	0.0895461	1.903324	1.232497	4.018747	1.902437
10920	-6079.532	-6283.1	203.5676	0.352218	0.565535	0.00384693	0.0784002	1.367679	1.12706	4.025565	1.523521
10926	-6069.781	-6273.973	204.192	0.317857	0.510363	0.0214411	0.150339	1.169142	1.154558	3.76551	1.506007
10932	-6074.832	-6279.2	204.3682	0.343217	0.49044	0.051273	0.11507	1.390741	1.323004	3.024907	2.444945
10938	-6074.227	-6277.683	203.4551	0.50825	0.305914	0.0797716	0.106064	2.198274	1.304166	3.447721	1.856731
10944	-6063.813	-6267.275	203.4619	0.299836	0.546651	0.0683363	0.0851772	0.9589223	1.168944	4.218815	1.659447
10950	-6082.438	-6285.753	203.3153	0.294566	0.537043	0.0317602	0.136632	1.443902	1.203692	4.119566	1.45777
10956	-6075.039	-6277.119	202.0806	0.481559	0.396884	0.0321779	0.0893795	1.751507	1.097405	4.393134	2.220838
10962	-6082.854	-6287.677	204.823	0.412519	0.446822	0.033757	0.106902	1.196594	1.233269	3.379001	1.424544
10968	-6071.542	-6273.627	202.0856	0.392898	0.425569	0.0797148	0.101818	1.444285	1.05871	4.634302	2.031839
10974	-6065.714	-6269.518	203.8037	0.366564	0.457546	0.0808958	0.0949934	1.444285	1.215318	3.753171	1.621093
10980	-6068.37	-6272.409	204.0391	0.424402	0.442629	0.0611554	0.0718128	1.196359	1.236385	3.753171	1.584268
10986	-6072.737	-6275.885	203.1476	0.517373	0.353522	0.0324922	0.0966134	1.585533	1.267472	3.57237	2.718757
10992	-6074.35	-6277.042	202.6916	0.551818	0.333056	0.0241048	0.0910205	1.585533	1.194689	4.034633	2.306049
10998	-6086.621	-6288.61	201.9892	0.433057	0.447811	0.0109472	0.108185	1.304675	1.087022	4.912734	1.642721
11004	-6088.13	-6290.362	202.2324	0.454624	0.407139	0.0246645	0.113573	1.732884	1.164766	4.478851	1.748875
11010	-6071.576	-6271.916	200.3395	0.560529	0.129919	0.219136	0.0904156	1.652753	1.05909	5.23891	2.734878
11016	-6073.154	-6272.53	199.3761	0.617834	0.142162	0.180552	0.0594515	1.987876	1.024921	5.23891	4.047412
11022	-6072.645	-6275.162	202.5167	0.573857	0.122373	0.252595	0.0511758	1.987876	1.150522	4.094113	2.021075
11028	-6077.501	-6278.852	201.3513	0.585805	0.12492	0.257854	0.0314211	1.987876	1.150522	4.272593	3.342291
11034	-6076.087	-6276.726	200.6386	0.48591	0.215704	0.290258	0.0081286	1.55526	1.122927	4.916636	3.233577
11040	-6083.014	-6286.447	203.4324	0.487528	0.191678	0.282377	0.0384174	1.83267	1.166783	3.561338	2.176097
11046	-6088.946	-6291.972	203.0263	0.478476	0.380488	0.0903736	0.0506623	1.461926	1.201753	4.09712	1.838183
11052	-6077.269	-6281.238	203.9695	0.393362	0.386702	0.178978	0.0409586	1.098399	1.23252	3.578054	2.190223
11058	-6079.215	-6281.557	202.3418	0.38073	0.374283	0.148326	0.0966611	1.728844	1.110783	3.938525	3.061004
11064	-6075.932	-6279.333	203.4011	0.421436	0.455516	0.0404129	0.0826357	1.3679	1.227488	3.894005	1.886892
11070	-6074.87	-6277.709	202.8388	0.345457	0.390006	0.196799	0.0677378	0.8604013	1.16433	4.373871	2.256713
11076	-6087.299	-6290.308	203.0093	0.426846	0.358127	0.0560921	0.158936	2.004508	1.239688	3.815632	1.879484
11082	-6079.792	-6282.204	202.4118	0.531279	0.300281	0.118255	0.0501851	2.1982	1.193279	3.60313	3.185712
11088	-6073.187	-6274.8	201.6131	0.529072	0.216099	0.175823	0.0790057	2.1982	1.171205	4.354874	2.398187
11094	-6075.383	-6277.457	202.0738	0.607996	0.0445638	0.252717	0.0947226	1.769363	1.279109	3.769418	3.709865
11100	-6071.835	-6274.116	202.2808	0.590196	0.095364	0.228714	0.0857259	1.769363	1.215033	4.076804	2.551197
11106	-6077.989	-6277.092	199.103	0.598871	0.0785563	0.23463	0.0879431	3.370179	1.116174	5.09615	3.201695
11112	-6066.312	-6268.705	202.393	0.634504	0.0199546	0.25415	0.091392	2.044628	1.200389	3.849584	2.686313
11118	-6070.143	-6273.01	202.8665	0.631582	0.0198627	0.25298	0.0955758	2.050376	1.200645	3.927365	1.819426
11124	-6068.693	-6273.224	204.5311	0.661897	0.0195675	0.28664	0.0318958	1.88865	1.37282	2.705107	2.302059
11130	-6074.821	-6275.484	200.6626	0.631456	0.0425263	0.285052	0.0409663	2.917199	1.211886	4.322376	3.186804
11136	-6071.767	-6272.405	200.6375	0.696502	0.0350645	0.200447	0.0679863	2.255373	1.113234	4.634915	3.189223
11142	-6084.104	-6285.329	201.2248	0.694561	0.0352888	0.201729	0.0684212	2.071334	1.146567	4.406885	3.048553
11148	-6074.111	-6274.271	200.1603	0.684173	0.0559698	0.198712	0.0611448	2.610982	1.01625	4.867397	3.048553
11154	-6072.017	-6273.328	201.3115	0.571166	0.0759966	0.269814	0.0830233	2.386719	1.16691	4.273695	2.890552
11160	-6080.462	-6282.157	201.6946	0.608209	0.167564	0.183373	0.0408534	2.291038	1.199584	4.065302	2.918538
11166	-6076.572	-6279.873	203.3003	0.560062	0.176598	0.220285	0.0430558	1.419249	1.163846	3.856742	2.131905
11172	-6084.121	-6287.176	203.0546	0.480804	0.19749	0.269108	0.0525985	1.602743	1.104098	4.022388	1.941683
11178	-6073.802	-6274.818	201.0165	0.499032	0.287076	0.126382	0.0875109	1.602743	1.181011	5.139287	1.905688
11184	-6074.086	-6276.866	202.7801	0.382973	0.495095	0.0969893	0.0249426	1.602743	1.156886	4.164361	1.905688
11190	-6069.425	-6273.797	204.3716	0.449487	0.34942	0.159957	0.0411359	1.602743	1.280544	3.240271	1.755695
11196	-6069.303	-6272.418	203.1143	0.527359	0.214461	0.219131	0.0390492	1.606628	1.221782	4.019799	1.717657
11202	-6077.188	-6280.99	203.8028	0.46956	0.263113	0.234807	0.0325189	1.606628	1.256462	3.675784	1.567185
11208	-6077.499	-6281.334	203.8348	0.476783	0.267161	0.194899	0.0611564	1.606628	1.256462	3.438348	2.041901
11214	-6084.818	-6285.682	200.8632	0.524395	0.182407	0.226501	0.0666978	1.546569	1.014206	5.242292	2.148821
11220	-6079.902	-6282.21	202.3084	0.443585	0.358987	0.141008	0.0564196	1.450618	1.075377	4.581467	1.834527
11226	-6084.566	-6285.08	200.5145	0.4328	0.401637	0.0641548	0.101408	1.598329	1.025071	5.272525	2.493709
11232	-6091.445	-6290.917	199.472	0.517189	0.269143	0.0985795	0.115089	1.983222	1.049164	5.565713	2.772511
11238	-6076.131	-6278.385	202.2537	0.517189	0.269143	0.0985795	0.115089	1.567649	1.184329	4.246937	2.43741
11244	-6088.304	-6290.052	201.7486	0.535995	0.27893	0.0658012	0.119274	1.454652	1.15621	4.505885	2.699175
11250	-6098.236	-6300.017	201.7809	0.377046	0.359197	0.219611	0.0441458	1.161715	1.04898	4.583788	3.030433
11256	-6087.438	-6288.536	201.0984	0.472192	0.265127	0.216089	0.046592	1.399006	1.123362	4.583788	3.728773
11262	-6090.486	-6291.376	200.8905	0.577098	0.101862	0.264097	0.0569432	1.884114	1.102598	4.155134	4.957021
11268	-6067.135	-6269.498	202.3628	0.660238	0.089532	0.232129	0.0181006	2.34643	1.22727	3.699216	2.762574
11274	-6070.553	-6272.263	201.71	0.68439	0.0707087	0.240621	0.00428107	2.34643	1.230179	4.092036	2.707443
11280	-6069.156	-6270.412	201.2566	0.545466	0.0608045	0.316257	0.0774725	2.078876	1.167582	4.489854	2.713288
11286	-6066.504	-6268.751	202.247	0.49345	0.125701	0.357287	0.0235611	1.274239	0.9262032	4.778809	1.85575
11292	-6069.494	-6269.38	199.8865	0.513515	0.145623	0.317476	0.0233853	2.314505	0.9630844	5.326762	2.563412
11298	-6061.971	-6261.722	199.7505	0.569787	0.120962	0.263712	0.0455394	1.63714	1.066039	5.228797	3.810471
11304	-6073.077	-6276.299	203.2227	0.60612	0.126551	0.215885	0.051445	1.66261	1.279119	3.447173	2.820478
11310	-6071.371	-6274.646	203.2747	0.654889	0.0876287	0.201898	0.0555844	2.366469	1.207259	3.233238	2.593249
11316	-6078.731	-6282.492	203.761	0.413417	0.358666	0.152226	0.0756904	1.348743	1.340373	3.383172	2.479133
11322	-6090.597	-6293.389	202.7924	0.411133	0.422839	0.113875	0.0521526	1.481832	1.184641	4.265334	1.759307
11328	-6085.036	-6287.751	202.7146	0.45667	0.371024	0.132163	0.0401431	1.348874	1.229539	4.024306	2.552051
11334	-6076.784	-6277.84	201.0556	0.501728	0.276775	0.189614	0.0318834	2.036391	1.120473	4.927871	1.984644
11340	-6078.373	-6280.75	202.3763	0.479118	0.324154	0.145384	0.0513451	1.309767	1.12732	4.483384	2.071923
11346	-6083.756	-6286.643	202.8871	0.497524	0.339648	0.150969	0.0118589	1.652091	1.126293	4.016849	2.094072
11352	-6070.788	-6272.431	201.6431	0.498491	0.340308	0.0951157	0.0660859	1.558194	1.126293	4.692653	2.270425
11358	-6067.724	-6270.731	203.0076	0.486961	0.332437	0.116045	0.0645573	1.719829	1.206214	3.837932	2.17187
11364	-6066.28	-6270.459	204.1784	0.418992	0.383974	0.118639	0.0783955	1.165928	1.207305	3.500063	2.032978
11370	-6082.968	-6286.554	203.5865	0.352272	0.428616	0.124395	0.0947171	1.133935	1.134314	4.096439	1.602372
11376	-6071.407	-6274.318	202.9112	0.417189	0.507602	0.0386638	0.0365455	1.529733	1.149188	4.101578	1.969552
11382	-6073.33	-6274.335	201.0051	0.441698	0.196048	0.22666	0.135594	1.212118	0.9922397	5.544127	1.670355
11388	-6075.041	-6275.132	200.0911	0.495412	0.295264	0.088469	0.120855	1.895426	0.9719969	5.464388	2.331061
11394	-6069.127	-6271.035	201.9071	0.395661	0.303458	0.235945	0.0649355	1.05546	1.071339	5.036312	1.780657
11400	-6066.092	-6267.903	201.8102	0.373293	0.453433	0.122729	0.0505449	1.05546	1.056175	4.722254	2.735855
11406	-6065.401	-6268.162	202.7616	0.292416	0.506925	0.155992	0.0446665	1.05546	1.07173	4.631013	1.623135
11412	-6082.462	-6283.781	201.3192	0.3093	0.4515	0.185171	0.0540294	1.191881	1.054146	5.47647	1.396635
11418	-6081.429	-6283.195	201.7658	0.318705	0.486051	0.0656997	0.129544	1.65556	0.8636645	5.234624	1.150545
11424	-6064.507	-6266.076	201.5691	0.266124	0.62481	0.0548602	0.0542065	1.031801	0.9909476	5.359592	1.605987
11430	-6067.701	-6268.647	200.9461	0.46296	0.317503	0.141932	0.077605	1.596635	0.9783878	5.076636	2.449617
11436	-6071.437	-6273.046	201.609	0.562444	0.184814	0.19468	0.0580622	1.712845	1.046178	4.671472	2.304404
11442	-6068.113	-6267.911	199.7981	0.573432	0.210598	0.166355	0.0496146	2.063934	0.9971639	5.551851	2.304404
11448	-6075.832	-6278.363	202.531	0.474007	0.210503	0.274478	0.0410121	1.076695	0.945751	4.848105	1.560463
11454	-6070.177	-6270.934	200.757	0.508472	0.245054	0.213481	0.0329927	1.793413	0.920964	4.896537	3.102757
11460	-6067.215	-6268.607	201.3921	0.508472	0.245054	0.213481	0.0329927	1.345374	1.013279	5.073445	2.084731
11466	-6062.16	-6264.739	202.5792	0.414649	0.384356	0.17409	0.0269049	1.025609	1.010162	4.829007	1.527654
11472	-6068.016	-6269.894	201.878	0.319852	0.500259	0.139255	0.0406333	1.176984	1.063019	4.760822	2.340322
11478	-6063.185	-6265.933	202.7481	0.414871	0.351801	0.180624	0.0527042	1.478134	1.063019	4.339679	1.806697
11484	-6073.159	-6275.714	202.5543	0.486361	0.390904	0.088572	0.0341636	1.473831	1.101017	4.378757	1.922752
11490	-6073.085	-6277.832	204.7473	0.419468	0.489224	0.0560967	0.0352115	1.246212	1.334497	3.339297	1.419409
11496	-6067.958	-6271.282	203.3232	0.393625	0.459083	0.11425	0.0330422	1.052823	1.213495	3.869988	2.486071
11502	-6076.804	-6280.664	203.86	0.370555	0.432176	0.164444	0.0328254	1.111897	1.260926	3.722711	1.944179
11508	-6077.746	-6281.585	203.8391	0.34962	0.422472	0.192278	0.0356304	0.8938126	1.042077	4.166008	1.5507
11514	-6083.385	-6284.57	201.1849	0.436773	0.271499	0.132795	0.158933	1.910217	1.068672	5.027952	1.775564
11520	-6078.03	-6280.142	202.1116	0.323561	0.520244	0.078341	0.0778536	1.072114	0.9981683	5.027952	1.617847
11526	-6081.7	-6285.398	203.6979	0.331483	0.52445	0.0457472	0.0983197	1.072114	1.164218	3.989604	1.731242
11532	-6093.964	-6296.558	202.5932	0.32625	0.51617	0.0450249	0.112555	1.515638	1.079032	4.433803	1.731242
11538	-6095.26	-6298.287	203.0275	0.387331	0.438001	0.0410409	0.133628	1.573772	1.129857	3.949022	2.149178
11544	-6073.291	-6275.585	202.2934	0.431811	0.429072	0.0159239	0.123193	1.636254	1.129857	4.39573	2.007291
11550	-6076.501	-6278.002	201.5012	0.449243	0.388344	0.0444157	0.117997	1.692303	1.087315	4.520535	2.841845
11556	-6083.957	-6285.836	201.8798	0.447887	0.32117	0.0384971	0.192446	1.590112	1.075452	4.520535	2.406513
11562	-6075.371	-6277.141	201.7703	0.432584	0.401251	0.0422642	0.123901	1.49926	1.134351	4.632956	2.301468
11568	-6076.406	-6276.412	200.0058	0.465972	0.308647	0.0455263	0.179855	1.732995	1.175861	5.355759	2.640688
11574	-6077.412	-6280.212	202.7997	0.540413	0.241391	0.0372754	0.180921	1.732995	1.206959	4.088018	1.850873
11580	-6079.639	-6281.499	201.8599	0.496596	0.316519	0.0645896	0.122296	1.864691	1.215982	4.307099	2.459569
11586	-6079.942	-6282.396	202.4535	0.47404	0.283671	0.0606518	0.181638	1.643695	1.15269	4.231632	2.144396
11592	-6074.81	-6277.46	202.65	0.426682	0.255332	0.154494	0.163492	1.237412	1.221273	4.297019	2.112054
11598	-6078.701	-6280.89	202.1884	0.50691	0.177175	0.2388	0.0771145	1.861505	1.095538	4.297019	2.188789
11604	-6069.958	-6271.756	201.7988	0.434461	0.380419	0.053076	0.132044	1.885909	1.202053	4.393976	2.320095
11610	-6066.059	-6268.593	202.5342	0.500209	0.305735	0.0821863	0.11187	1.310802	1.161412	4.125333	2.71575
11616	-6068.713	-6272.581	203.8683	0.33455	0.568032	0.0689177	0.0285001	1.482453	1.14213	3.828868	1.438598
11622	-6063.492	-6267.395	203.9027	0.42476	0.469045	0.0569078	0.0492872	1.446089	1.212489	3.553083	1.931503
11628	-6073.542	-6275.997	202.4546	0.29456	0.575209	0.0697884	0.0604429	1.513852	1.15304	4.081082	2.693703
11634	-6096.269	-6298.386	202.1176	0.391219	0.478128	0.0980361	0.0326168	1.775789	1.178107	3.970318	3.169779
11640	-6091.131	-6294.155	203.0241	0.326006	0.410217	0.207247	0.0565295	1.45173	1.079413	4.515805	1.139119
11646	-6097.758	-6300.88	203.122	0.355343	0.442219	0.171662	0.0307758	0.9695069	1.19001	4.446866	1.545623
11652	-6078.796	-6282.097	203.3002	0.341445	0.340613	0.288369	0.0295722	0.9738679	1.131654	4.197959	1.937688
11658	-6073.425	-6276.257	202.8321	0.345974	0.345131	0.27893	0.0299644	1.2761	1.134257	4.407303	1.689386
11664	-6068.797	-6271.753	202.9559	0.448656	0.344786	0.197622	0.00893505	1.274156	1.197472	3.850416	2.806015
11670	-6061.417	-6265.275	203.8576	0.489015	0.375801	0.125445	0.00973879	1.07756	1.230291	3.64273	2.222441
11676	-6058.405	-6262.594	204.1889	0.425573	0.452101	0.112127	0.0101992	1.272009	1.303442	3.434005	1.910047
11682	-6072.848	-6276.877	204.0298	0.371492	0.394649	0.179077	0.0547823	1.022212	1.215087	3.434005	2.59906
11688	-6066.892	-6271.542	204.65	0.292526	0.512293	0.121202	0.0739788	1.165521	1.341552	3.101392	2.12951
11694	-6074.239	-6280.141	205.9022	0.355207	0.382257	0.147172	0.115363	1.291346	1.426446	2.567784	1.410165
11700	-6068.204	-6273.804	205.5999	0.456424	0.312676	0.111169	0.11973	1.301891	1.426446	2.567784	1.757465
11706	-6076.921	-6281.77	204.8496	0.439622	0.301166	0.175859	0.0833522	1.214316	1.426446	2.502066	3.13587
11712	-6070.798	-6274.346	203.5474	0.345003	0.499822	0.135453	0.0197221	1.389577	1.246679	3.81338	1.829841
11718	-6071.348	-6274.837	203.4891	0.387606	0.431992	0.148921	0.0314805	1.389577	1.198796	3.7478	2.120742
11724	-6075.76	-6280.712	204.9515	0.434352	0.338165	0.205194	0.0222886	1.180084	1.288575	3.149019	1.68509
11730	-6091.14	-6295.039	203.8993	0.349861	0.333793	0.235404	0.0809422	1.037859	1.298745	3.54518	2.36113
11736	-6072.366	-6275.934	203.5682	0.468489	0.252506	0.225531	0.0534732	1.152504	1.218434	3.947688	1.820212
11742	-6075.485	-6277.671	202.1852	0.572414	0.17531	0.197191	0.0550852	1.669381	1.162354	4.160242	2.678474
11748	-6093.549	-6294.617	201.0681	0.595241	0.182301	0.147404	0.0750544	2.497541	1.238989	4.180104	3.337084
11754	-6070.021	-6273.63	203.6095	0.336706	0.474797	0.151562	0.0369355	0.9517161	1.25155	3.788907	2.36442
11760	-6064.317	-6266.897	202.5796	0.468183	0.352706	0.143033	0.0360778	1.415149	1.120503	4.421766	1.833027
11766	-6082.072	-6282.734	200.6625	0.46546	0.209311	0.276131	0.0490987	1.651297	1.156207	5.35755	1.833027
11772	-6078.47	-6278.563	200.0933	0.673967	0.0790998	0.171677	0.0752569	2.490606	1.020128	4.89536	3.206405
11778	-6065.723	-6266.908	201.1845	0.723981	0.0486241	0.184417	0.0429777	2.350855	1.161137	4.398785	2.787139
11784	-6072.269	-6274.25	201.9809	0.619878	0.0509763	0.252161	0.0769846	1.908201	1.174302	4.234925	2.481189
11790	-6082.61	-6282.877	200.2669	0.594813	0.0893515	0.241964	0.0738716	2.853763	1.143634	4.299916	4.214441
11796	-6081.007	-6283.035	202.0279	0.619093	0.0929988	0.19761	0.0902982	2.723886	1.242174	3.638669	3.049492
11802	-6083.347	-6284.429	201.0817	0.688409	0.0828118	0.128371	0.100408	2.723886	1.130391	4.078928	3.566027
11808	-6078.876	-6280.318	201.4425	0.5925	0.17615	0.129813	0.101536	2.234395	1.155231	3.87893	4.133822
11814	-6080.464	-6281.478	201.0144	0.602032	0.100327	0.176849	0.120792	2.11647	1.172775	4.198343	4.003862
11820	-6072.525	-6276.343	203.818	0.426844	0.408419	0.138501	0.0262358	1.068574	1.254137	3.64227	2.258308
11826	-6069.637	-6273.554	203.9171	0.533012	0.269313	0.171823	0.0258516	1.345107	1.220835	3.633792	1.83868
11832	-6073.934	-6277.032	203.0983	0.413615	0.241456	0.321751	0.0231776	1.002573	1.201373	4.124651	2.254597
11838	-6073.208	-6275.817	202.6089	0.418992	0.244595	0.312934	0.0234789	1.453184	1.285644	4.015859	2.50932
11844	-6064.78	-6267.363	202.5827	0.39531	0.385782	0.208397	0.0105103	1.198276	1.135969	4.468195	1.95895
11850	-6077.901	-6280.501	202.6002	0.43905	0.38733	0.112838	0.0607827	1.357754	1.188527	4.301698	2.063041
11856	-6073.852	-6276.865	203.0124	0.372723	0.38726	0.148878	0.0911387	1.163699	1.21675	4.18172	1.997334
11862	-6070.637	-6275.558	204.9213	0.344031	0.507027	0.128109	0.0208319	1.147177	1.21675	3.661077	0.8822936
11868	-6072.929	-6278.264	205.3349	0.264838	0.560367	0.11661	0.0581856	0.8352828	1.221971	3.335476	1.349201
11874	-6076.406	-6281.817	205.4108	0.340395	0.532495	0.0715222	0.0555884	0.8672646	1.337866	3.018831	1.709764
11880	-6069.839	-6273.48	203.6412	0.291253	0.424963	0.204978	0.0788057	0.9445632	1.231146	3.796897	2.338428
11886	-6082.133	-6285.7	203.5665	0.28131	0.453121	0.202452	0.0631169	0.9701495	1.196145	3.773968	2.521179
11892	-6072.222	-6276.005	203.7837	0.441781	0.356826	0.159428	0.0419644	1.551313	1.25251	3.500591	2.035258
11898	-6093.275	-6295.691	202.4162	0.469845	0.331041	0.147907	0.0512066	1.29374	1.25251	4.012352	3.110742
11904	-6090.492	-6291.562	201.0695	0.428125	0.39111	0.0744129	0.106353	1.494855	1.075304	4.809234	2.996381
11910	-6091.528	-6290.452	198.9241	0.711941	0.110672	0.0551502	0.122236	3.305097	1.085628	5.138878	3.503322
11916	-6075.596	-6274.411	198.8148	0.701179	0.0550979	0.0543165	0.189406	3.004234	1.132349	4.883243	4.937834
11922	-6080.952	-6283.612	202.6596	0.516425	0.325901	0.0287071	0.128967	1.48929	1.145237	4.151871	2.245822
11928	-6066.035	-6269.31	203.2758	0.386668	0.451371	0.0450093	0.116952	1.574293	1.12158	3.862093	2.028111
11934	-6077.149	-6280.222	203.0726	0.346292	0.535942	0.0254161	0.09235	1.574293	1.160865	4.153533	1.590454
11940	-6067.819	-6270.69	202.8712	0.346292	0.535942	0.0254161	0.09235	1.149103	1.160865	4.479696	1.598968
11946	-6062.422	-6265.951	203.5293	0.437777	0.403599	0.0321307	0.126493	1.351847	1.268889	3.71148	2.102115
11952	-6069.675	-6273.049	203.374	0.312396	0.559293	0.0679936	0.0603176	1.145833	1.180959	3.87913	2.303396
11958	-6060.053	-6263.634	203.5811	0.327486	0.454954	0.10317	0.114391	1.145833	1.162453	4.080899	1.594114
11964	-6078.559	-6281.57	203.0105	0.430989	0.371842	0.141018	0.0561512	1.213218	1.214728	4.186057	1.930592
11970	-6075.506	-6279.33	203.8242	0.314726	0.418718	0.225552	0.0410039	0.890242	1.203561	3.888075	1.980306
11976	-6065.886	-6269.974	204.0885	0.279788	0.449251	0.200513	0.0704483	0.890242	1.097267	3.905278	1.739215
11982	-6062.847	-6266.327	203.4792	0.353774	0.397599	0.198991	0.0496364	1.206657	1.211303	4.024469	1.708162
11988	-6072.169	-6275.193	203.024	0.377083	0.468607	0.101403	0.0529068	1.627563	1.146302	4.162271	1.59425
11994	-6071.473	-6275.332	203.859	0.345651	0.489082	0.108603	0.0566636	1.521716	1.285181	3.468461	1.998296
12000	-6071.599	-6275.633	204.0338	0.414433	0.475494	0.0703137	0.0397593	0.8624075	1.343523	3.860986	1.634451
12006	-6072.213	-6274.946	202.7337	0.462541	0.39017	0.0940872	0.0532021	1.317246	1.198763	3.773738	3.338633
12012	-6074.073	-6277.823	203.7497	0.257501	0.656555	0.0446549	0.0412893	1.317246	1.164636	4.186374	1.028777
12018	-6071.176	-6274.307	203.1312	0.337749	0.559219	0.0488755	0.0541567	1.317246	1.169431	4.307282	1.458579
12024	-6068.638	-6271.197	202.5587	0.350193	0.528909	0.0647469	0.056152	2.069496	1.166103	4.307282	1.413028
12030	-6083.629	-6285.345	201.7163	0.350193	0.528909	0.0647469	0.056152	1.114251	1.158344	5.001478	1.920253
12036	-6092.737	-6295.049	202.3121	0.325921	0.49225	0.0599843	0.121845	1.325433	1.159716	4.33984	2.458657
12042	-6084.845	-6286.435	201.5902	0.369918	0.464639	0.0504326	0.115011	1.379312	1.16119	4.892641	2.01571
12048	-6083.799	-6286.071	202.2715	0.361479	0.414284	0.134431	0.0898063	1.379312	1.101622	4.731663	1.594944
12054	-6071.512	-6274.154	202.6419	0.401503	0.450211	0.0973837	0.0509019	1.098702	1.098213	4.731663	1.471723
12060	-6066.986	-6268.607	201.6216	0.343734	0.486689	0.130133	0.0394441	1.098702	0.9838849	5.296935	1.608903
12066	-6072.699	-6273.541	200.8424	0.391875	0.439248	0.119079	0.0497978	1.106972	0.9689673	5.379399	2.460541
12072	-6075.835	-6277.026	201.1904	0.356251	0.400567	0.108254	0.134927	1.430428	0.9720614	5.275709	1.823909
12078	-6062.928	-6263.924	200.9959	0.419067	0.420494	0.147476	0.0129638	1.686119	1.010312	5.275709	1.74763
12084	-6074.822	-6278.014	203.1919	0.521889	0.227044	0.230781	0.0202866	1.320806	1.195025	4.099665	1.790456
12090	-6074.796	-6276.708	201.9121	0.528087	0.282215	0.155982	0.0337156	1.786922	1.195025	4.170735	2.881254
12096	-6087.577	-6289.404	201.8274	0.51982	0.178255	0.269452	0.0324732	1.682524	1.157136	4.466256	2.392618
12102	-6096.147	-6298.498	202.3506	0.599475	0.1531	0.151581	0.0958445	2.289819	1.169025	3.711997	2.904035
12108	-6092.097	-6292.775	200.6781	0.671582	0.0852667	0.205686	0.0374655	2.004377	1.093312	4.820026	2.904035
12114	-6081.465	-6282.489	201.0246	0.546987	0.221233	0.167526	0.0642539	1.795368	1.067509	4.820026	2.649611
12120	-6081.986	-6283.408	201.4218	0.450062	0.25177	0.20314	0.0950282	1.711455	1.165778	4.428163	3.089845
12126	-6075.501	-6277.872	202.3716	0.480144	0.155168	0.272456	0.0922324	1.711455	1.165778	4.337068	1.912509
12132	-6078.892	-6279.399	200.507	0.518995	0.302534	0.135167	0.0433047	2.080884	1.057891	5.224089	2.043784
12138	-6078.616	-6279.743	201.1274	0.497329	0.289904	0.155334	0.0574323	1.738999	1.161813	4.643629	2.910526
12144	-6081.766	-6282.945	201.1787	0.545953	0.26617	0.170521	0.0173563	1.737422	1.110901	4.598409	3.046076
12150	-6087.214	-6290.251	203.0369	0.449817	0.291139	0.240059	0.0189845	1.54486	1.176169	3.884123	2.264119
12156	-6075.383	-6278.332	202.9492	0.481726	0.333655	0.160579	0.0240395	1.231138	1.283074	4.079698	2.149986
12162	-6061.691	-6265.55	203.8586	0.473556	0.338915	0.163111	0.0244184	1.45722	1.265933	3.840146	1.31373
12168	-6069.365	-6272.691	203.3265	0.435853	0.326565	0.221341	0.0162414	1.180217	1.210744	4.038814	1.901693
12174	-6086.677	-6289.828	203.1508	0.505293	0.286866	0.193574	0.014267	1.638658	1.207306	3.875367	1.977954
12180	-6078.759	-6282.838	204.0788	0.172556	0.644088	0.154892	0.0284646	0.7708611	1.146726	4.567896	0.5968764
12186	-6072.898	-6276.002	203.1042	0.189696	0.608734	0.170278	0.0312921	0.895906	1.067389	4.960305	0.8065978
12192	-6090.287	-6292.521	202.2332	0.330544	0.424466	0.237389	0.00760092	1.084426	1.080085	5.024786	1.37487
12198	-6088.671	-6291.549	202.8778	0.417424	0.368919	0.206324	0.00733324	1.044578	1.175991	4.538237	1.570274
12204	-6074.22	-6276.475	202.255	0.233226	0.670325	0.0851652	0.0112835	0.753298	1.016159	4.909849	2.100381
12210	-6069.549	-6273.762	204.2126	0.34617	0.496756	0.133145	0.0239287	1.072676	1.194179	3.954412	1.17883
12216	-6074.635	-6278.098	203.4629	0.338973	0.486428	0.168234	0.00636438	0.8950413	1.152901	4.047761	2.153448
12222	-6069.285	-6272.969	203.684	0.358177	0.475576	0.163624	0.0026226	1.048624	1.222048	3.879887	1.949036
12228	-6071.563	-6275.139	203.5763	0.463254	0.368454	0.144281	0.0240115	1.342804	1.239474	3.577532	2.416935
12234	-6075.042	-6278.44	203.3982	0.459329	0.365333	0.13416	0.0411778	1.164496	1.305321	3.577532	2.846237
12240	-6064.842	-6267.657	202.8146	0.384967	0.362924	0.246425	0.0056847	1.164496	1.210203	4.050698	2.619644
12246	-6061.685	-6265.865	204.1802	0.414297	0.307393	0.2652	0.0131098	1.120607	1.311572	3.497366	1.955915
12252	-6061.616	-6265.027	203.4114	0.465072	0.296014	0.224198	0.0147165	1.882753	1.280745	3.384643	2.420523
12258	-6070.687	-6274.154	203.4673	0.486636	0.355253	0.142712	0.0153989	1.601877	1.317816	3.394064	2.596831
12264	-6071.532	-6275.758	204.2254	0.408084	0.400556	0.178447	0.0129132	1.153096	1.280408	3.485032	1.924338
12270	-6062.547	-6263.946	201.3989	0.474764	0.241554	0.190724	0.0929589	1.901515	1.04657	4.735871	2.226712
12276	-6067.417	-6268.308	200.8906	0.498664	0.253714	0.0368056	0.210817	1.998479	1.055745	4.797943	2.694059
12282	-6078.706	-6279.223	200.5176	0.538974	0.274223	0.0739231	0.112881	1.998479	1.104543	4.741959	3.409041
12288	-6062.764	-6266.12	203.3554	0.493914	0.367587	0.0751175	0.0633812	1.72459	1.217696	3.29	3.061158
12294	-6088.085	-6290.353	202.2682	0.496471	0.36949	0.07033	0.0637093	1.592898	1.2818	4.005314	2.891043
12300	-6069.6	-6272.851	203.2508	0.392684	0.500257	0.0556275	0.051432	1.287093	1.2818	3.49615	3.174051
12306	-6090.474	-6293.292	202.8177	0.564273	0.246213	0.0930529	0.0964608	1.667883	1.31404	3.49615	3.296414
12312	-6084.99	-6286.295	201.3047	0.616237	0.261731	0.11017	0.0118621	1.743738	1.108338	4.184521	4.173536
12318	-6078.815	-6279.499	200.6841	0.520184	0.220936	0.248867	0.0100132	2.078411	1.056138	4.717294	3.173453
12324	-6078.636	-6281.67	203.0338	0.495732	0.381529	0.105447	0.0172916	1.567704	1.142432	4.102815	1.776092
12330	-6072.69	-6276.424	203.7338	0.374451	0.45527	0.119396	0.0508837	0.9454834	1.092486	3.968224	1.987116
12336	-6086.884	-6289.896	203.0115	0.41743	0.448249	0.117554	0.016767	1.405712	1.077202	4.03992	2.225974
12342	-6074.233	-6277.434	203.2011	0.426424	0.436361	0.120087	0.0171282	1.564239	1.227457	3.746287	2.274947
12348	-6073.078	-6275.842	202.7635	0.417441	0.478846	0.0960825	0.00763088	1.824831	1.21322	3.599718	3.039047
12354	-6080.092	-6281.831	201.7398	0.647629	0.189215	0.149065	0.0140905	1.824831	1.268484	4.005366	3.503216
12360	-6065.543	-6269.069	203.5264	0.498378	0.224204	0.265214	0.0122036	1.814635	1.311656	3.586327	1.820175
12366	-6067.183	-6268.798	201.6148	0.491705	0.332922	0.149896	0.025477	2.100972	1.241613	4.123692	3.036994
12372	-6066.452	-6270.391	203.9383	0.533202	0.276624	0.162547	0.0276271	1.629623	1.246712	3.29669	2.218399
12378	-6063.357	-6267.349	203.9916	0.379168	0.444833	0.132408	0.0435914	1.560251	1.243196	3.291953	2.241597
12384	-6078.582	-6282.983	204.4011	0.286924	0.543568	0.116241	0.053267	1.556122	1.262497	3.553947	1.174851
12390	-6101.676	-6304.69	203.0136	0.403357	0.413936	0.13647	0.0462363	1.058646	1.087655	4.510289	1.556503
12396	-6084.904	-6287.573	202.6684	0.327203	0.475949	0.145897	0.0509517	1.310054	1.228757	4.510289	1.516461
12402	-6078.23	-6281.354	203.1239	0.271956	0.515589	0.17823	0.0342255	0.8294729	1.120624	4.510289	1.663256
12408	-6081.109	-6284.666	203.5567	0.352019	0.421015	0.192487	0.0344793	1.028457	1.120624	4.365247	1.23208
12414	-6075.692	-6279.795	204.1028	0.529872	0.239758	0.213544	0.0168254	1.349777	1.207936	3.5214	1.859631
12420	-6066.02	-6269.755	203.7343	0.43255	0.379543	0.184012	0.00389563	1.209124	1.132319	3.853296	1.859631
12426	-6078.331	-6280.62	202.2885	0.50398	0.262012	0.214399	0.0196079	1.064739	1.132319	4.387474	2.787423
12432	-6080.218	-6281.603	201.3847	0.392641	0.299773	0.245298	0.0622878	1.064739	1.10421	4.92304	2.749114
12438	-6070.712	-6273.381	202.6692	0.335268	0.503675	0.106792	0.0542655	1.48189	1.182574	4.117945	2.272979
12444	-6063.465	-6266.086	202.6212	0.381793	0.426878	0.0905088	0.10082	1.48189	1.099718	4.239409	2.156334
12450	-6064.495	-6267.143	202.6483	0.419071	0.410011	0.114388	0.0565293	1.385615	1.11793	4.239409	2.211227
12456	-6084.356	-6285.845	201.4889	0.41329	0.418242	0.110522	0.0579456	1.534867	1.01879	5.003993	1.894237
12462	-6071.711	-6274.398	202.6874	0.428884	0.390889	0.143223	0.0370041	1.231626	1.084762	4.631364	1.49521
12468	-6079.619	-6279.758	200.1388	0.582657	0.0380643	0.311524	0.0677549	1.769882	1.079192	4.848931	4.158447
12474	-6096.884	-6297.315	200.4312	0.650929	0.0425244	0.230853	0.0756939	1.790871	1.028369	5.058196	2.984199
12480	-6108.988	-6308.611	199.6234	0.506491	0.118629	0.292501	0.0823788	1.990323	0.9154945	5.303361	3.552538
12486	-6101.753	-6301.137	199.3839	0.53568	0.0678347	0.309359	0.0871263	1.759465	0.8781503	5.893837	2.515241
12492	-6082.993	-6285.719	202.7261	0.422595	0.416319	0.119975	0.0411107	1.45803	1.136115	4.227862	2.019983
12498	-6075.392	-6279.064	203.6726	0.284932	0.555756	0.118654	0.0406582	1.035652	1.148467	4.227862	1.332027
12504	-6083.711	-6285.285	201.5742	0.279805	0.516196	0.185309	0.0186899	1.035652	1.145653	4.417431	3.99966
12510	-6074.52	-6275.506	200.9855	0.290277	0.468063	0.218909	0.022752	1.035652	0.9894132	5.819397	1.312794
12516	-6078.596	-6281.41	202.8136	0.298647	0.458866	0.214607	0.0278802	1.085607	1.049182	4.761088	1.289809
12522	-6083.956	-6286.01	202.0542	0.433132	0.343293	0.17566	0.0479153	1.20146	1.118099	4.447954	2.802933
12528	-6091.534	-6293.792	202.2583	0.401127	0.345789	0.214989	0.038095	1.296859	1.170992	4.174812	3.028315
12534	-6071.321	-6274.639	203.3174	0.426738	0.286331	0.228715	0.0582162	1.280666	1.103748	4.034975	1.939397
12540	-6076.669	-6279.327	202.6585	0.453272	0.304134	0.156069	0.0865249	1.280666	1.152889	4.486013	1.702913
12546	-6071.331	-6273.298	201.9676	0.391781	0.451126	0.134897	0.0221967	1.577068	1.096953	4.758277	1.702913
12552	-6072.153	-6274.219	202.0664	0.547853	0.164939	0.272717	0.0144917	1.38555	1.113653	4.786586	1.702913
12558	-6072.009	-6274.501	202.4925	0.558742	0.14834	0.278138	0.0147798	2.123461	1.135086	3.871147	2.487609
12564	-6078.751	-6281.205	202.454	0.613201	0.0582548	0.305247	0.0232979	2.123461	1.394024	3.452808	3.306649
12570	-6069.837	-6273.065	203.2282	0.577825	0.0437347	0.355545	0.0228957	1.628647	1.267678	3.477315	2.792309
12576	-6062.107	-6263.644	201.5366	0.620262	0.071546	0.238723	0.0694686	2.119906	1.267678	4.037483	3.366194
12582	-6065.141	-6267.899	202.7583	0.490221	0.289211	0.17827	0.0422983	1.693572	1.143971	3.883638	2.539895
12588	-6069.909	-6272.794	202.8849	0.475478	0.315018	0.158208	0.0512964	1.60371	1.181936	4.139883	1.793688
12594	-6072.305	-6274.483	202.178	0.480554	0.251455	0.245395	0.0225951	2.065962	1.133388	4.18992	2.197796
12600	-6088.928	-6289.757	200.8294	0.651414	0.0304855	0.253795	0.0643053	2.721478	1.128802	4.168686	3.750137
12606	-6086.147	-6286.862	200.7152	0.620906	0.0227145	0.295086	0.0612937	1.985042	1.130686	4.519419	3.750137
12612	-6081.513	-6283.338	201.8259	0.534766	0.11217	0.300273	0.0527902	1.740532	1.267409	3.962788	3.608051
12618	-6072.298	-6275.396	203.0984	0.321067	0.46135	0.18028	0.0373029	1.289045	1.136657	4.039696	2.169031
12624	-6073.731	-6276.12	202.3882	0.584828	0.13396	0.247887	0.0333256	1.682816	1.067903	4.288362	2.169031
12630	-6065.602	-6268.754	203.1521	0.516166	0.103501	0.366916	0.0134173	1.192636	1.15475	3.952083	2.414225
12636	-6066.573	-6267.889	201.3161	0.556924	0.0591513	0.356401	0.0275237	1.965545	1.142016	4.839861	1.89189
12642	-6063.246	-6265.403	202.1571	0.496315	0.171239	0.307918	0.0245283	1.967604	1.184631	4.089735	2.516649
12648	-6062.666	-6265.471	202.8046	0.554473	0.192796	0.20467	0.0480614	1.504231	1.174103	3.939593	2.516649
12654	-6079.528	-6281.44	201.9116	0.513566	0.321399	0.120518	0.0445157	1.504231	1.079393	4.442568	2.672998
12660	-6072.862	-6275.333	202.4705	0.441609	0.280045	0.203266	0.0750798	1.417275	1.051458	4.573446	1.715979
12666	-6066.77	-6267.349	200.579	0.572276	0.117925	0.230126	0.0796724	2.045294	1.042007	5.096776	2.322674
12672	-6083.02	-6283.486	200.4665	0.597441	0.00335312	0.347178	0.0520285	2.68414	1.11492	4.557102	3.224841
12678	-6080.961	-6282.073	201.1121	0.64694	0.00949063	0.243852	0.0997169	2.68414	1.157812	4.173402	3.209138
12684	-6087.619	-6289.774	202.1554	0.647296	0.00878332	0.244149	0.0997718	1.835245	1.111121	4.055642	2.888816
12690	-6082.564	-6284.867	202.3031	0.638314	0.0016022	0.34893	0.0111544	2.392504	1.14696	4.082136	1.952502
12696	-6078.17	-6278.821	200.6509	0.629809	0.00301468	0.272634	0.0945423	2.030357	1.074042	4.656263	3.457023
12702	-6092.743	-6292.671	199.9284	0.566694	0.228892	0.140418	0.0639964	1.847918	1.129675	5.356546	2.688735
12708	-6075.451	-6277.828	202.3772	0.50294	0.26119	0.137882	0.0979884	1.947948	1.073329	4.308021	1.850961
12714	-6083.115	-6284.81	201.6945	0.615366	0.0584735	0.309981	0.0161792	2.011191	1.049759	4.363117	2.64294
12720	-6095.11	-6297.437	202.3264	0.300713	0.526084	0.137181	0.0360217	1.065924	1.186662	4.524628	2.27814
12726	-6099.85	-6304.371	204.5208	0.270668	0.560793	0.133487	0.0350517	0.8633544	1.226635	3.700446	1.52468
12732	-6085.678	-6288.473	202.7947	0.381529	0.318723	0.218453	0.0812961	1.600618	1.158388	4.209309	1.786235
12738	-6081.799	-6283.517	201.718	0.429006	0.311335	0.176404	0.0832542	1.525355	1.158388	4.363869	3.056389
12744	-6061.68	-6264.366	202.6863	0.552155	0.284471	0.0252941	0.13808	1.670132	1.107475	4.048094	2.304066
12750	-6084.399	-6285.771	201.3717	0.489506	0.306964	0.129006	0.0745236	1.603357	1.203641	3.951752	4.957737
12756	-6077.647	-6278.689	201.0422	0.687265	0.0690111	0.139093	0.104631	2.776709	1.167959	4.137042	3.323574
12762	-6079.826	-6279.932	200.1062	0.699629	0.0702526	0.141595	0.0885228	2.45978	1.150696	4.352447	4.89591
12768	-6063.093	-6262.691	199.5976	0.699629	0.0702526	0.141595	0.0885228	2.714965	1.004803	4.993601	3.544268
12774	-6071.026	-6272.064	201.0376	0.664109	0.0666859	0.185176	0.0840285	2.179163	1.087881	4.677297	2.54599
12780	-6072.691	-6275.144	202.4533	0.497861	0.303609	0.135537	0.0629935	1.693262	1.161468	3.929854	2.865047
12786	-6073.16	-6276.345	203.1854	0.428911	0.357516	0.159602	0.0539715	1.443725	1.142968	4.016329	1.911965
12792	-6085.672	-6286.781	201.1097	0.424033	0.34744	0.170418	0.0581092	1.47266	1.106051	5.123846	2.065693
12798	-6078.255	-6280.86	202.6051	0.587813	0.116093	0.220804	0.0752901	2.10537	1.19734	3.648563	2.836671
12804	-6062.989	-6264.636	201.6466	0.650067	0.0769633	0.212149	0.060821	2.10537	1.207642	4.192121	2.836671
12810	-6077.06	-6279.514	202.4543	0.650067	0.0769633	0.212149	0.060821	1.958897	1.203145	3.795382	2.836671
12816	-6074.128	-6275.495	201.3666	0.609407	0.134697	0.198879	0.0570168	2.472032	1.14843	4.262245	2.770933
12822	-6076.439	-6278.295	201.856	0.570033	0.17879	0.171293	0.0798836	2.472032	1.142998	4.262245	2.059536
12828	-6073.383	-6276.177	202.7938	0.523084	0.277421	0.148457	0.0510372	1.639659	1.162631	3.794269	2.766142
12834	-6064.609	-6265.818	201.2091	0.523084	0.277421	0.148457	0.0510372	1.661304	1.162631	4.682895	2.766142
12840	-6068.647	-6270.264	201.6172	0.54154	0.225947	0.120912	0.111602	1.661304	1.039042	4.693555	2.306714
12846	-6075.367	-6278.105	202.7383	0.478821	0.293595	0.157113	0.0704718	1.375012	1.192751	3.949136	2.739947
12852	-6067.157	-6269.475	202.3178	0.46175	0.375633	0.138917	0.0237	1.734548	1.192751	3.860833	3.185632
12858	-6066.296	-6269.512	203.2161	0.412018	0.492008	0.0655643	0.0304091	1.734548	1.206484	3.76773	2.036938
12864	-6066.853	-6269.33	202.4775	0.309561	0.516653	0.100855	0.072931	1.301453	1.173195	4.533347	1.774251
12870	-6071.104	-6274.421	203.3171	0.298052	0.497445	0.0971049	0.107398	1.301453	1.090697	4.260725	1.44652
12876	-6070.631	-6273.309	202.6778	0.353117	0.458422	0.0894875	0.0989734	1.158128	1.136183	4.658064	1.472137
12882	-6067.363	-6270.438	203.0755	0.37278	0.490176	0.0916597	0.0453842	1.509428	1.169176	4.239727	1.464452
12888	-6080.817	-6285.134	204.3171	0.292575	0.473514	0.141374	0.0925368	1.224181	1.418124	3.389335	1.754479
12894	-6088.448	-6291.243	202.7947	0.262508	0.591162	0.0672297	0.079101	1.26293	1.221333	4.288601	1.907016
12900	-6070.641	-6274.332	203.6912	0.26177	0.61779	0.05764	0.0628004	0.7968482	1.165674	4.542149	0.9677609
12906	-6083.222	-6286.297	203.0748	0.282156	0.628094	0.064865	0.0248843	0.9611503	1.149898	4.285458	2.024664
12912	-6060.684	-6263.204	202.5199	0.419602	0.366524	0.113064	0.10081	1.605499	1.109062	4.392387	1.78178
12918	-6066.284	-6268.834	202.5502	0.485824	0.41169	0.0677326	0.0347535	1.558404	1.218884	3.952993	2.732774
12924	-6063.829	-6268.071	204.2416	0.282158	0.581682	0.0915677	0.0445926	0.8494919	1.203277	3.944275	1.402083
12930	-6074.179	-6278.303	204.1236	0.27122	0.590777	0.0946398	0.0433633	0.8620635	1.273411	3.666357	2.03983
12936	-6069.176	-6273.484	204.3081	0.274133	0.597122	0.100868	0.0278774	0.8620635	1.214231	4.046606	1.111516
12942	-6059.219	-6263.563	204.3442	0.264556	0.590435	0.118106	0.0269035	0.8813556	1.156737	3.932827	1.325192
12948	-6072.309	-6275.436	203.1262	0.232508	0.518911	0.219654	0.0289277	0.8081316	1.103233	4.911868	0.9228848
12954	-6073.006	-6274.712	201.7062	0.288337	0.432271	0.247361	0.032031	1.015266	1.064453	5.355867	1.388913
12960	-6091.32	-6292.841	201.5219	0.33689	0.40278	0.230485	0.0298457	1.036055	1.000489	5.344863	1.678613
12966	-6062.569	-6265.116	202.547	0.448571	0.332832	0.204643	0.0139531	1.178283	1.108251	4.334025	2.404747
12972	-6064.228	-6267.797	203.5696	0.332956	0.496801	0.112571	0.0576729	1.011478	1.220445	4.186206	1.476709
12978	-6068.064	-6271.494	203.4308	0.403108	0.441442	0.100027	0.0554235	1.528826	1.171882	3.840695	1.858309
12984	-6076.709	-6280.401	203.6925	0.356762	0.492319	0.110612	0.0403065	1.46234	1.282239	4.00025	1.169801
12990	-6067.715	-6272.381	204.6653	0.283173	0.576734	0.0668204	0.0732727	1.0756	1.096878	3.763066	1.152336
12996	-6066.471	-6270.926	204.4544	0.403717	0.465785	0.0645369	0.0659611	0.9590624	1.364448	3.151014	2.552186
13002	-6071.975	-6276.331	204.3555	0.437235	0.432469	0.0657734	0.0645222	1.357992	1.239692	3.723237	1.12208
13008	-6066.526	-6270.29	203.7644	0.431451	0.515775	0.00839564	0.0443786	1.067965	1.131154	3.723237	2.311478
13014	-6070.405	-6273.19	202.7847	0.340298	0.532647	0.0705552	0.0564994	1.108103	1.149267	4.18692	2.476378
13020	-6072.053	-6275.712	203.6592	0.304637	0.584912	0.0613345	0.0491156	1.10519	1.149267	4.142436	1.438251
13026	-6067.521	-6271.955	204.4341	0.291357	0.559414	0.0691683	0.080061	1.088896	1.188958	3.547702	1.717739
13032	-6077.177	-6280.064	202.8867	0.536613	0.227014	0.174163	0.0622103	1.633645	1.293486	3.457267	3.379034
13038	-6085.44	-6288.49	203.0502	0.543232	0.229814	0.163977	0.0629776	2.191319	1.316163	3.460588	2.371207
13044	-6077.358	-6279.79	202.4324	0.568968	0.182456	0.171893	0.0766827	2.141911	1.337684	3.21721	4.195704
13050	-6069.075	-6270.824	201.7492	0.631046	0.033825	0.210178	0.12495	2.084424	1.155173	4.144401	2.916909
13056	-6072.132	-6271.849	199.7172	0.573205	0.0773114	0.313115	0.0363678	2.245144	1.019161	5.563264	2.173308
13062	-6066.584	-6269.279	202.6949	0.478691	0.197297	0.292383	0.0316297	1.587699	1.138189	4.117463	2.173308
13068	-6076.476	-6278.66	202.1841	0.463561	0.166872	0.31765	0.0519169	1.587699	1.073777	4.632678	1.730235
13074	-6085.649	-6287.369	201.7207	0.465452	0.244388	0.268073	0.0220859	1.289211	1.09325	4.632678	2.72009
13080	-6068.012	-6271.513	203.5008	0.47325	0.277473	0.179155	0.0701226	1.692023	1.352047	3.605102	1.88592
13086	-6069.891	-6274.125	204.2338	0.414354	0.286144	0.200999	0.0985031	1.357803	1.272319	3.391039	1.88592
13092	-6074.963	-6277.223	202.2604	0.444578	0.312831	0.20001	0.0425806	1.636156	1.182448	4.210399	2.440781
13098	-6065.746	-6268.528	202.7826	0.46769	0.329094	0.158421	0.0447942	1.300438	1.167071	4.346134	1.817289
13104	-6078.833	-6280.811	201.9782	0.377558	0.438361	0.127891	0.0561897	1.300438	1.133641	4.599733	2.342849
13110	-6085.991	-6288.317	202.3256	0.333015	0.561667	0.023111	0.0822074	0.9394156	1.124497	4.65984	2.205082
13116	-6075.152	-6278.172	203.0207	0.247493	0.574594	0.0688115	0.109102	0.8197716	1.100348	4.251951	2.460278
13122	-6069.501	-6273.179	203.6784	0.325935	0.587137	0.0328963	0.0540319	0.9952537	1.095041	4.202171	1.482093
13128	-6065.914	-6268.656	202.7416	0.390493	0.531062	0.0172885	0.0611567	1.291663	1.234992	4.155606	2.242707
13134	-6077.186	-6280.391	203.2056	0.280776	0.664975	0.00994246	0.0443063	0.9265129	1.152632	4.528631	1.376011
13140	-6065.948	-6267.897	201.9488	0.389689	0.521709	0.0123745	0.0762275	1.318581	1.092118	5.169783	1.148172
13146	-6066.405	-6270.262	203.8567	0.341674	0.51868	0.0707194	0.0689259	1.177989	1.218761	3.985224	1.369353
13152	-6066.686	-6270.386	203.7002	0.440991	0.440431	0.0600506	0.0585276	1.177989	1.11134	3.985224	1.677268
13158	-6065.433	-6270.052	204.6185	0.408639	0.409018	0.128109	0.054234	0.8437529	1.280938	3.269956	2.310929
13164	-6070.593	-6273.404	202.8112	0.420028	0.371109	0.198315	0.0105482	1.35164	1.203087	3.927121	2.702429
13170	-6081.174	-6284.738	203.5637	0.562402	0.167249	0.265536	0.00481277	1.63903	1.229707	3.306678	2.767975
13176	-6068.825	-6271.046	202.2204	0.498246	0.180367	0.316187	0.00519995	1.745892	1.156622	4.292083	2.198793
13182	-6087.515	-6290.58	203.0646	0.492526	0.388284	0.110737	0.00845235	1.38582	1.181214	3.840971	2.529579
13188	-6063.967	-6266.183	202.2157	0.492526	0.388284	0.110737	0.00845235	1.972946	1.174151	4.055103	2.529579
13194	-6072.723	-6274.122	201.3986	0.471765	0.390074	0.130029	0.00813289	1.972946	1.096183	4.603785	2.417029
13200	-6081.871	-6284.157	202.2858	0.45569	0.376782	0.144657	0.0228701	1.999606	1.197918	4.294594	1.789379
13206	-6071.289	-6274.28	202.9912	0.551622	0.267738	0.14859	0.0320494	1.396788	1.187596	3.77309	2.802651
13212	-6072.958	-6275.663	202.7056	0.461361	0.223928	0.287906	0.0268052	1.411312	1.164734	4.099812	2.381435
13218	-6076.341	-6278.2	201.8584	0.530974	0.162825	0.23498	0.0712211	1.528528	1.075085	4.8282	1.761185
13224	-6077.131	-6279.905	202.7737	0.588106	0.186769	0.128552	0.0965733	2.153688	1.247571	3.54281	2.722067
13230	-6075.772	-6278.257	202.4848	0.579474	0.154484	0.222935	0.0431071	2.08587	1.214964	3.870013	2.424137
13236	-6063.708	-6267.434	203.7261	0.542591	0.217212	0.171432	0.0687655	1.57887	1.359866	3.295983	2.424137
13242	-6080.715	-6282.762	202.0479	0.657471	0.0207876	0.213778	0.107964	2.482219	1.190023	3.71096	3.159457
13248	-6082.434	-6283.925	201.4909	0.601286	0.0148779	0.285099	0.0987376	1.903039	1.167034	3.839884	4.669392
13254	-6069.976	-6272.276	202.3002	0.603578	0.00473889	0.286185	0.105498	2.241173	1.178815	3.842276	2.662289
13260	-6080.761	-6283.954	203.1925	0.694479	0.00348346	0.220685	0.0813522	2.241173	1.26601	3.096995	3.145916
13266	-6078.358	-6281.802	203.4439	0.682575	0.00342374	0.234044	0.0799577	1.862338	1.32477	3.187918	2.842349
13272	-6081.833	-6281.695	199.8619	0.749173	0.0142041	0.153234	0.0833895	3.487428	1.255408	3.891279	5.683866
13278	-6086.818	-6288.616	201.7979	0.703798	0.0249417	0.0799892	0.191271	2.261476	1.165949	3.891279	3.356438
13284	-6071.625	-6273.427	201.8024	0.50579	0.246647	0.103532	0.14403	1.717281	1.197377	4.51375	2.209111
13290	-6064.98	-6267.157	202.1775	0.508652	0.212154	0.12973	0.149465	1.893925	1.288163	4.006851	2.635451
13296	-6073.037	-6277.063	204.0258	0.558951	0.238081	0.109344	0.0936233	2.061561	1.3675	2.968846	2.224494
13302	-6061.505	-6265.284	203.7787	0.542062	0.256632	0.100388	0.100918	2.04037	1.442721	2.612214	3.468374
13308	-6060.502	-6264.821	204.3186	0.502623	0.292198	0.153703	0.0514757	1.688534	1.454237	2.578001	3.077454
13314	-6067.554	-6272.212	204.6576	0.44547	0.272737	0.236171	0.0456224	1.516747	1.388673	2.981475	1.899572
13320	-6063.468	-6266.193	202.7245	0.623629	0.239887	0.0763409	0.0601429	2.418312	1.288855	3.482318	2.607559
13326	-6076.258	-6279.971	203.7127	0.42424	0.395354	0.124732	0.0556751	1.68315	1.317192	3.479549	1.945581
13332	-6077.6	-6281.597	203.9976	0.569433	0.193188	0.160992	0.0763865	1.509809	1.279091	3.479549	1.814789
13338	-6078.793	-6281.489	202.6963	0.513199	0.215783	0.178427	0.0925909	1.969836	1.246291	3.828263	2.302332
13344	-6079.812	-6282.252	202.4403	0.542425	0.245346	0.188588	0.0236406	1.556259	1.137295	4.307093	2.101385
13350	-6075.886	-6277.096	201.2095	0.522547	0.282155	0.181677	0.0136203	1.537918	1.132559	4.612441	3.19657
13356	-6074.276	-6274.853	200.5766	0.58469	0.150288	0.203283	0.0617397	1.902957	1.082198	5.065315	2.509226
13362	-6072.696	-6273.917	201.2217	0.527157	0.230664	0.14314	0.099039	1.764898	1.117014	4.715764	2.594527
13368	-6084.523	-6284.927	200.4035	0.536043	0.281256	0.106355	0.0763458	1.843535	1.117014	4.715764	3.913088
13374	-6072.399	-6274.193	201.794	0.583515	0.199797	0.115774	0.100914	2.054423	1.141109	4.07467	3.107557
13380	-6083.271	-6285.914	202.6428	0.45268	0.269958	0.148191	0.12917	1.394304	1.175509	4.373063	1.816004
13386	-6076.252	-6278.725	202.4729	0.619381	0.097752	0.25863	0.0242369	2.055168	1.242138	3.887331	2.390474
13392	-6085.966	-6287.639	201.6731	0.574796	0.237883	0.0985279	0.0887932	2.226618	1.165678	4.236759	2.599432
13398	-6068.991	-6271.655	202.6639	0.586849	0.165606	0.124073	0.123472	1.558571	1.19312	3.869438	2.82488
13404	-6062.047	-6263.905	201.8578	0.549159	0.15497	0.237655	0.0582164	1.800299	1.065237	4.462471	2.353883
13410	-6071.125	-6272.1	200.9755	0.614962	0.144671	0.168552	0.0718147	2.251703	1.114685	4.470461	3.113436
13416	-6067.44	-6270.069	202.6292	0.580752	0.0615813	0.311092	0.0465741	1.55367	1.122409	4.157885	2.228042
13422	-6069.164	-6272.393	203.2293	0.544941	0.19447	0.25905	0.00153816	1.995343	1.230347	3.509609	2.322563
13428	-6080.026	-6283.074	203.0482	0.502041	0.179161	0.317381	0.00141707	1.707588	1.230347	3.745094	2.322563
13434	-6072.996	-6276.438	203.4428	0.541638	0.193292	0.262429	0.00264199	1.398604	1.176005	3.726495	2.257407
13440	-6076.901	-6279.715	202.8138	0.535264	0.191017	0.25934	0.0143785	1.931834	1.176058	3.598683	2.882782
13446	-6065.964	-6269.385	203.4213	0.592843	0.0650415	0.309594	0.0325211	1.565903	1.155812	3.820136	1.896696
13452	-6063.901	-6266.936	203.0358	0.537901	0.276958	0.16003	0.0251101	1.565903	1.192383	4.092185	1.736509
13458	-6074.509	-6276.748	202.2392	0.484932	0.273769	0.221998	0.0193007	1.1304	1.273124	4.045785	3.558067
13464	-6069.039	-6272.963	203.9241	0.479368	0.282102	0.219451	0.0190792	1.424266	1.28103	3.356828	2.294274
13470	-6074.175	-6276.815	202.6402	0.47494	0.279496	0.217424	0.0281403	1.424266	1.174249	4.025392	2.645087
13476	-6075.307	-6277.975	202.6674	0.479554	0.340517	0.155577	0.0243526	1.13614	1.099344	4.285988	2.425058
13482	-6081.592	-6282.583	200.9911	0.417865	0.403566	0.0998364	0.0787322	1.791805	1.086564	4.694071	3.042181
13488	-6081.733	-6286.262	204.5294	0.362424	0.446385	0.110429	0.0807618	1.380774	1.304397	3.423379	1.3991
13494	-6078.925	-6281.236	202.3114	0.512129	0.251122	0.197203	0.0395462	1.593945	1.084256	4.437877	1.991481
13500	-6079.691	-6282.91	203.2194	0.409793	0.33849	0.226046	0.0256703	1.153299	1.159795	4.183578	1.811212
13506	-6084.931	-6286.505	201.5738	0.49059	0.258034	0.220644	0.0307316	1.513877	1.109885	4.368075	3.396672
13512	-6080	-6284.349	204.3488	0.24707	0.598912	0.083816	0.070202	0.9578042	1.190939	3.65033	1.763511
13518	-6083.392	-6287.661	204.2683	0.294935	0.617553	0.0254952	0.0620173	1.042548	1.206793	3.63869	1.763511
13524	-6095.707	-6299.163	203.4557	0.456823	0.372138	0.144196	0.026842	1.831311	1.226336	3.752911	1.640853
13530	-6067.554	-6270.617	203.0631	0.481551	0.331161	0.124733	0.0625549	1.507592	1.142048	4.058308	1.904369
13536	-6064.571	-6267.632	203.0617	0.463781	0.367042	0.0998442	0.0693327	1.567091	1.304317	3.833544	2.146773
13542	-6066.257	-6270.744	204.4868	0.487223	0.379931	0.0813681	0.0514782	1.769029	1.453762	2.761823	2.251744
13548	-6071.048	-6275.979	204.9305	0.467558	0.348214	0.136306	0.0479226	1.791706	1.435855	2.835396	1.524018
13554	-6063.398	-6267.979	204.581	0.494911	0.293973	0.0868576	0.124258	1.633199	1.519818	2.391264	3.1044
13560	-6085.908	-6291.285	205.3776	0.483459	0.287171	0.107987	0.121383	1.62705	1.499525	2.541457	1.644535
13566	-6075.87	-6280.955	205.0851	0.48539	0.357523	0.0718984	0.0851879	1.62705	1.458666	2.563644	2.02347
13572	-6071.431	-6275.271	203.8408	0.448452	0.426391	0.0900013	0.0351566	3.27024	1.474842	2.563644	2.169797
13578	-6073.487	-6277.631	204.1433	0.551514	0.280223	0.110685	0.0575779	1.935175	1.437068	3.020042	1.982109
13584	-6074.057	-6276.657	202.6005	0.662135	0.174289	0.0539767	0.109599	2.480882	1.327797	3.327711	3.104725
13590	-6080.531	-6284.596	204.0651	0.605219	0.159307	0.135296	0.100178	1.98918	1.346849	2.833765	2.605893
13596	-6071.553	-6274.077	202.5238	0.712171	0.0397317	0.15392	0.0941775	2.375788	1.279962	3.712006	2.372313
13602	-6067.984	-6270.345	202.3604	0.583756	0.0546884	0.211863	0.149693	2.161243	1.206344	3.935029	2.372313
13608	-6071.472	-6274.06	202.5878	0.584424	0.065381	0.256638	0.0935572	1.715926	1.306159	3.575177	3.408642
13614	-6072.49	-6274.572	202.0818	0.615641	0.0688732	0.270346	0.0451403	1.715926	1.180765	3.93938	3.408642
13620	-6080.447	-6279.837	199.3905	0.566871	0.0914868	0.323874	0.0177683	2.086266	1.016883	5.570726	2.817251
13626	-6080.841	-6281.717	200.8761	0.523554	0.167618	0.299125	0.00970301	1.914223	1.043508	4.811608	2.799258
13632	-6091.764	-6291.361	199.5962	0.651047	0.0299903	0.2947	0.0242621	1.617889	0.9562353	5.83652	2.411172
13638	-6083.668	-6284.725	201.0564	0.594309	0.082615	0.27509	0.0479857	1.751979	1.059113	4.542522	3.507275
13644	-6077.745	-6279.543	201.7977	0.594309	0.082615	0.27509	0.0479857	1.821202	1.109814	4.542522	2.150632
13650	-6072.909	-6274.909	202.0006	0.451689	0.341834	0.170007	0.0364702	0.9424309	1.16265	4.393353	3.415952
13656	-6069.349	-6271.776	202.4264	0.430533	0.301563	0.235731	0.0321737	1.195263	1.089989	4.378109	2.471128
13662	-6074.836	-6277.963	203.127	0.444611	0.311423	0.21074	0.0332258	1.341035	1.089989	4.303423	1.538395
13668	-6076.443	-6277.277	200.8334	0.336589	0.441071	0.0880511	0.134289	1.327367	1.034169	5.314586	2.249066
13674	-6082.494	-6284.792	202.2982	0.451746	0.364838	0.0986184	0.0847978	1.491113	1.082673	4.961528	1.027513
13680	-6078.411	-6281.881	203.4707	0.339136	0.539076	0.0581278	0.0636596	0.897492	1.171276	4.507125	1.143239
13686	-6075.049	-6279.018	203.9691	0.17689	0.716391	0.0621288	0.0445906	0.9608213	1.201288	4.172003	1.143239
13692	-6067.679	-6271.271	203.5926	0.32622	0.476968	0.114578	0.0822338	0.9608213	1.188709	4.392299	1.143239
13698	-6064.107	-6268.295	204.1881	0.378512	0.403679	0.171727	0.0460822	0.975248	1.158948	3.763153	1.738405
13704	-6066.193	-6269.743	203.5502	0.401909	0.333016	0.204227	0.0608474	1.068661	1.141981	4.085255	1.738405
13710	-6068.486	-6271.679	203.1929	0.290075	0.518609	0.1474	0.0439162	1.128802	1.190873	4.353988	1.470927
13716	-6080.278	-6283.559	203.2816	0.328394	0.469451	0.155751	0.0464044	0.8535228	1.134147	4.32035	1.838333
13722	-6065.734	-6268.951	203.2162	0.361748	0.438517	0.17529	0.0244443	1.164805	1.121474	4.274921	1.64953
13728	-6071.71	-6274.302	202.5921	0.460865	0.309559	0.102265	0.127311	1.358981	1.010707	4.587758	1.64953
13734	-6068.202	-6270.371	202.1691	0.367774	0.451259	0.149077	0.0318902	1.517297	1.153533	4.587758	1.82458
13740	-6068.477	-6272.433	203.9559	0.398256	0.390464	0.187744	0.0235359	1.265061	1.120278	3.718289	1.82458
13746	-6065.331	-6268.505	203.1737	0.442898	0.436078	0.0420826	0.0789416	1.256165	1.1953	3.905352	2.355631
13752	-6072.199	-6276.341	204.1413	0.373256	0.550153	0.0314207	0.0451702	0.9038401	1.333052	3.611137	2.006192
13758	-6066.928	-6271.123	204.1944	0.445577	0.465792	0.0570792	0.0315517	1.562088	1.333052	3.219375	2.006192
13764	-6071.395	-6276.16	204.7651	0.506959	0.283372	0.135415	0.0742537	1.244306	1.264137	3.202896	1.758809
13770	-6068.105	-6270.794	202.6892	0.459898	0.271374	0.122844	0.145884	1.737009	1.186795	4.004618	2.218208
13776	-6076.338	-6280.96	204.622	0.46534	0.41834	0.0758816	0.0404391	1.166609	1.223404	3.416142	1.630135
13782	-6078.162	-6280.381	202.2193	0.455903	0.319073	0.160117	0.0649079	1.284316	1.185371	4.241606	2.893082
13788	-6080.587	-6282.191	201.6045	0.583377	0.128679	0.204887	0.0830567	1.966772	1.149647	4.45566	2.430113
13794	-6089.634	-6292.287	202.6527	0.331416	0.457361	0.207812	0.00341088	1.138246	1.022364	4.513651	1.985293
13800	-6088.668	-6291.258	202.5902	0.36655	0.501933	0.12732	0.00419746	1.092347	1.065894	4.549323	1.985293
13806	-6093.945	-6298.22	204.2758	0.353366	0.483879	0.155906	0.00684859	0.8883204	1.126307	3.897432	1.498451
13812	-6078.676	-6281.883	203.2066	0.528946	0.398695	0.0236161	0.0487431	1.945579	1.189492	3.614125	2.210951
13818	-6071.269	-6275.666	204.3968	0.448671	0.480551	0.0150837	0.055695	1.268658	1.19612	3.577164	1.489394
13824	-6082.368	-6285.101	202.7338	0.57893	0.307084	0.0141163	0.0998701	2.502559	1.250531	3.962566	1.462226
13830	-6086.207	-6289.125	202.9181	0.55403	0.329965	0.0383125	0.0776931	1.899167	1.249237	3.506442	2.892781
13836	-6094.167	-6296.924	202.7561	0.445841	0.267023	0.27568	0.0114558	1.899167	1.192079	3.676963	2.772568
13842	-6081.497	-6284.174	202.6764	0.488121	0.197512	0.301824	0.0125422	1.628442	1.114705	3.987647	2.514404
13848	-6086.603	-6287.957	201.3542	0.526498	0.18345	0.280335	0.00971627	1.958385	1.114705	4.507057	2.736604
13854	-6084.24	-6285.135	200.8951	0.600305	0.172227	0.186543	0.0409249	2.029161	1.070584	4.837135	2.521004
13860	-6079.047	-6280.385	201.3375	0.577767	0.103458	0.245139	0.073636	2.24197	1.154359	4.40063	2.671085
13866	-6080.989	-6281.331	200.342	0.567245	0.0318779	0.240675	0.160202	1.628601	1.160197	4.888804	3.684498
13872	-6083.136	-6283.923	200.7866	0.602494	0.0338588	0.184905	0.178742	1.628601	1.073009	4.860834	3.130656
13878	-6089.524	-6289.969	200.4454	0.699134	0.0264024	0.144186	0.130278	2.725303	1.063355	4.332899	4.059086
13884	-6069.679	-6271.099	201.4202	0.456712	0.375416	0.108126	0.0597464	1.743643	1.154386	4.704847	2.298734
13890	-6075.406	-6278.41	203.0041	0.339268	0.495547	0.0661089	0.0990763	1.110985	1.154386	4.411209	1.637157
13896	-6071.181	-6273.441	202.2602	0.417716	0.436711	0.0582598	0.0873131	1.757265	1.19434	4.195349	2.318199
13902	-6060.014	-6263.841	203.8271	0.417379	0.358927	0.110238	0.113455	1.448993	1.237996	3.612979	1.859607
13908	-6063.291	-6267.254	203.9625	0.399872	0.332851	0.154447	0.11283	1.533586	1.294647	3.337751	2.133561
13914	-6070.431	-6274.927	204.4964	0.427512	0.440459	0.0114004	0.120629	1.608067	1.302842	2.908306	2.296746
13920	-6074.889	-6278.636	203.7472	0.405483	0.451847	0.0843902	0.0582802	1.611377	1.130303	3.623027	1.900078
13926	-6073.26	-6277.093	203.8331	0.429608	0.359946	0.0464648	0.163982	1.580582	1.213042	3.603788	1.760538
13932	-6078.898	-6281.884	202.9863	0.5289	0.280015	0.0188809	0.172204	1.640922	1.192423	3.811134	2.380551
13938	-6079.024	-6282.447	203.423	0.425592	0.415475	0.0203646	0.138568	1.445181	1.16994	3.864314	1.911341
13944	-6074.451	-6275.761	201.31	0.40316	0.393576	0.0720003	0.131264	1.549281	1.132215	4.778635	2.536264
13950	-6062.871	-6264.777	201.9062	0.378905	0.462015	0.0563491	0.10273	1.388554	1.148962	4.804921	1.814445
13956	-6066.422	-6268.545	202.1233	0.459139	0.424306	0.0229074	0.0936479	1.677644	1.2787	4.407359	1.962876
13962	-6072.661	-6275.421	202.7605	0.432213	0.359254	0.0841734	0.12436	1.49122	1.220255	4.167175	1.966179
13968	-6072.8	-6275.362	202.5618	0.653652	0.157052	0.0937646	0.095531	1.516226	1.214465	3.698734	3.538523
13974	-6068.332	-6269.883	201.5512	0.656359	0.0905105	0.12806	0.125071	2.140831	1.160811	4.257351	2.838845
13980	-6070.13	-6271.439	201.3087	0.630322	0.0869201	0.220156	0.0626018	2.42394	1.160811	4.176911	3.149141
13986	-6075.313	-6276.615	201.3019	0.601315	0.107253	0.271658	0.0197737	2.017035	1.12716	4.292734	3.369681
13992	-6080.738	-6282.604	201.8654	0.635236	0.0923441	0.251044	0.0213765	1.691341	1.182881	4.402213	2.455732
13998	-6063.545	-6266.255	202.7103	0.552681	0.23338	0.192668	0.0212707	1.840805	1.168943	3.86145	2.455732
14004	-6067.398	-6270.977	203.5794	0.623213	0.133395	0.217255	0.0261373	1.840805	1.216543	3.209267	2.767791
14010	-6065.463	-6267.992	202.5285	0.5985	0.145178	0.20864	0.0476827	1.604708	1.179852	3.897948	2.922711
14016	-6065.137	-6267.711	202.5744	0.503936	0.251985	0.203931	0.0401487	1.577331	1.108729	3.925589	2.922711
14022	-6064.8	-6267.186	202.3861	0.627887	0.0494537	0.286575	0.0360841	1.562546	1.214085	3.925589	3.082255
14028	-6060.379	-6262.722	202.3427	0.557195	0.0586366	0.336169	0.0479993	1.562546	1.141856	4.141316	2.655764
14034	-6073.781	-6275.581	201.7998	0.474143	0.19895	0.286062	0.0408448	1.23867	1.141856	4.686696	2.448582
14040	-6070.611	-6272.408	201.7971	0.445912	0.209631	0.30142	0.0430376	2.006758	1.062211	4.64273	1.7903
14046	-6076.376	-6278.53	202.1536	0.571592	0.10235	0.268972	0.0570864	1.579149	1.124811	4.334631	2.429902
14052	-6070.924	-6274.293	203.3691	0.471271	0.124	0.348115	0.0566142	1.334363	1.176652	3.733282	2.429902
14058	-6066.884	-6269.434	202.5498	0.507031	0.223708	0.208351	0.0609101	1.487418	1.184763	4.146186	2.36344
14064	-6074.39	-6275.616	201.2259	0.474925	0.151434	0.330551	0.0430905	1.430308	1.010457	5.060175	2.247482
14070	-6063.326	-6263.855	200.5296	0.357258	0.385805	0.223926	0.0330104	1.093888	1.050134	5.321196	3.013444
14076	-6073.382	-6274.875	201.4925	0.350449	0.378451	0.219658	0.0514419	1.204838	1.050134	5.40894	1.331026
14082	-6080.757	-6282.745	201.9875	0.585648	0.20056	0.109207	0.104585	2.251549	1.232631	3.945474	2.775388
14088	-6080.253	-6283.979	203.7256	0.565628	0.207127	0.155238	0.0720075	1.6648	1.300256	3.544723	1.825822
14094	-6083.336	-6287.556	204.2195	0.482485	0.400849	0.0796981	0.0369683	1.15562	1.257928	3.544723	1.825822
14100	-6080.216	-6282.791	202.5748	0.478309	0.397379	0.0876636	0.0366483	1.086858	1.128407	4.26617	2.646539
14106	-6090.298	-6292.581	202.2832	0.465704	0.386907	0.0853534	0.0620361	1.390265	1.245665	4.001045	3.235724
14112	-6096.788	-6301.226	204.4377	0.192836	0.736439	0.0568002	0.0139242	0.8042999	0.9999145	4.502564	0.4679796
14118	-6083.329	-6286.95	203.6208	0.188689	0.625199	0.149883	0.0362288	0.5870069	1.1484	4.384809	1.607378
14124	-6070.297	-6274.003	203.7052	0.331647	0.49301	0.167825	0.00751749	0.7378639	1.129632	4.18594	1.761836
14130	-6072.535	-6275.611	203.0755	0.343689	0.465524	0.142843	0.0479447	1.308661	1.062497	4.684771	0.9292682
14136	-6070.521	-6272.365	201.8443	0.402897	0.467282	0.071718	0.0581031	1.493778	1.021301	4.889486	1.745965
14142	-6078.672	-6280.851	202.1792	0.420946	0.446455	0.0771786	0.0554201	1.493778	1.045777	4.534544	2.104946
14148	-6069.422	-6272.169	202.7466	0.380031	0.474367	0.0951863	0.0504157	1.119583	1.091789	4.595203	1.61874
14154	-6078.464	-6281.355	202.8909	0.433884	0.415413	0.0833566	0.0673465	1.515396	1.089205	4.312202	1.61874
14160	-6076.347	-6280.288	203.941	0.45038	0.433479	0.046234	0.0699071	1.557404	1.263208	3.432197	1.960645
14166	-6076.243	-6277.468	201.2245	0.436956	0.420558	0.045482	0.0970043	1.775381	1.167488	4.626298	2.747635
14172	-6064.02	-6267.455	203.4352	0.433864	0.362595	0.113971	0.0895696	1.061114	1.105237	4.236422	1.608169
14178	-6065.301	-6268.441	203.14	0.519324	0.310945	0.0977366	0.0719945	1.009183	1.09236	4.142873	2.295498
14184	-6088.838	-6292.2	203.362	0.350058	0.433485	0.11609	0.100367	1.508422	1.38972	3.625001	2.182164
14190	-6075.1	-6278.463	203.3636	0.430298	0.401525	0.0741995	0.0939775	1.895821	1.196764	3.682174	1.882941
14196	-6081.304	-6285.14	203.8362	0.409276	0.381908	0.111184	0.0976318	1.36005	1.333107	3.309237	2.550899
14202	-6082.852	-6286.586	203.734	0.404179	0.399703	0.116284	0.0798341	1.432344	1.277502	3.604764	1.966823
14208	-6077.904	-6279.418	201.5142	0.465165	0.326458	0.116496	0.0918803	1.365722	1.16673	4.591258	2.941861
14214	-6083.173	-6285.54	202.3669	0.468131	0.328539	0.110864	0.0924661	1.685361	1.158771	4.047195	2.689939
14220	-6080.201	-6281.123	200.9224	0.493592	0.382306	0.0266076	0.0974951	1.846181	1.158771	4.610207	3.219312
14226	-6076.254	-6278.394	202.1395	0.537894	0.337446	0.0386051	0.0860549	1.866156	1.163939	4.185109	2.439678
14232	-6079.435	-6281.673	202.2378	0.438172	0.307148	0.150481	0.104199	1.430997	1.057292	4.653349	1.806204
14238	-6071.441	-6273.909	202.4684	0.507295	0.353131	0.0521967	0.0873767	1.285179	1.190836	4.133136	2.789058
14244	-6068.691	-6271.242	202.5506	0.516095	0.359257	0.0357564	0.0888923	1.460548	1.279161	3.981089	2.692468
14250	-6068.212	-6270.529	202.3165	0.514575	0.26052	0.174985	0.04992	1.751041	1.113911	4.41914	1.822036
14256	-6072.483	-6274.31	201.8267	0.490348	0.219789	0.166747	0.123116	1.41694	1.113911	4.530571	2.626702
14262	-6071.357	-6273.122	201.7646	0.553269	0.124444	0.286284	0.0360033	1.586337	1.130052	4.530571	2.4746
14268	-6077.956	-6281.392	203.4358	0.541327	0.121758	0.280105	0.0568098	1.438799	1.251283	3.363807	3.063483
14274	-6070.542	-6273.142	202.6004	0.558082	0.125527	0.257823	0.0585682	1.974252	1.139442	4.126052	1.865714
14280	-6069.855	-6271.933	202.0779	0.577227	0.150228	0.196765	0.0757797	1.701931	1.183037	4.365288	2.229867
14286	-6068.612	-6270.577	201.9644	0.486754	0.228389	0.250806	0.034051	1.275611	1.033292	4.764943	2.119752
14292	-6069.965	-6273.144	203.1787	0.450554	0.301167	0.232154	0.0161259	1.379989	1.115923	4.17963	1.664591
14298	-6061.428	-6263.98	202.552	0.460654	0.247304	0.264059	0.0279835	1.302021	1.156128	4.17963	2.560796
14304	-6076.501	-6277.626	201.125	0.383782	0.357204	0.235701	0.0233137	1.198494	1.031027	5.437885	1.728359
14310	-6072.042	-6275.974	203.9325	0.368533	0.421719	0.123191	0.0865567	1.124425	1.207007	3.893144	1.538604
14316	-6079.962	-6280.407	200.4453	0.395512	0.39425	0.0770638	0.133175	1.576771	1.136187	4.973227	3.339534
14322	-6090.342	-6292.991	202.6487	0.450015	0.372894	0.0523623	0.124729	1.729985	1.218141	4.042767	2.145665
14328	-6089.278	-6291.614	202.3356	0.511441	0.243244	0.0911627	0.154152	2.079972	1.338508	3.998796	2.145665
14334	-6080.197	-6282.424	202.2262	0.50333	0.281551	0.063412	0.151707	1.810464	1.120639	4.385794	1.945214
14340	-6068.803	-6270.501	201.6975	0.538099	0.301	0.0790498	0.0818512	1.188186	1.144438	4.783282	2.410676
14346	-6065.497	-6266.819	201.3216	0.475701	0.329295	0.119675	0.0753293	1.602421	1.089726	4.817778	2.410676
14352	-6063.254	-6265.515	202.2608	0.399927	0.467725	0.0507002	0.0816478	1.201086	1.097564	4.376585	2.708942
14358	-6071.973	-6273.671	201.6987	0.466222	0.426163	0.0184337	0.089182	1.436455	1.061118	4.721937	2.360045
14364	-6084.503	-6285.484	200.981	0.520921	0.36129	0.0346638	0.0831255	1.745964	1.157828	4.721937	2.918528
14370	-6071.609	-6272.134	200.5249	0.42553	0.447186	0.0107521	0.116531	1.813805	1.035384	5.074354	2.743766
14376	-6073.651	-6275.845	202.1946	0.371355	0.537774	0.0343452	0.0565259	1.196478	1.104615	4.673626	2.032418
14382	-6088.871	-6292.354	203.4829	0.326886	0.52374	0.0302324	0.119141	1.364344	1.192815	4.026403	1.547517
14388	-6083.889	-6288.007	204.1185	0.32172	0.519497	0.0477915	0.110991	0.8678105	1.12281	4.116593	1.27253
14394	-6080.011	-6282.467	202.4552	0.292015	0.605318	0.0309014	0.0717656	0.9748627	1.214779	4.741577	1.678971
14400	-6072.801	-6274.894	202.0923	0.491886	0.335176	0.052052	0.120886	1.575176	1.125653	4.403159	2.345703
14406	-6080.966	-6283.55	202.5843	0.489157	0.333317	0.0573114	0.120215	1.421762	1.073329	4.121543	2.629968
14412	-6069.639	-6272.967	203.3275	0.486094	0.33123	0.142351	0.0403255	1.721509	1.237813	3.792793	1.807788
14418	-6069.432	-6273.586	204.1544	0.394045	0.344822	0.207806	0.0533268	1.57198	1.237813	3.574929	1.416903
14424	-6074.384	-6279.309	204.9242	0.0700555	0.694224	0.225011	0.0107097	0.350323	1.114775	4.470111	0.3587782
14430	-6091.292	-6294.503	203.2103	0.534315	0.129369	0.28178	0.0545366	1.778035	1.156612	3.747667	2.11233
14436	-6077.468	-6282.415	204.9468	0.52894	0.128068	0.317804	0.0251885	1.417403	1.319024	2.917065	1.865935
14442	-6069.373	-6272.634	203.2614	0.555015	0.162384	0.250663	0.0319379	1.633414	1.28112	3.602089	2.386436
14448	-6070.371	-6273.431	203.0607	0.555015	0.162384	0.250663	0.0319379	1.441039	1.286138	3.560364	3.066781
14454	-6071.064	-6273.027	201.9636	0.504781	0.254176	0.232144	0.0088991	1.257788	1.243238	3.916261	4.373585
14460	-6077.366	-6280.949	203.5832	0.419334	0.21115	0.296217	0.0732991	1.590333	1.34883	3.774499	1.531784
14466	-6079.052	-6281.283	202.2307	0.513204	0.258417	0.138672	0.0897073	1.51986	1.221575	4.04112	3.052183
14472	-6078.776	-6281.975	203.1994	0.37443	0.324896	0.182569	0.118104	1.229633	1.155686	3.963849	2.264314
14478	-6071.797	-6274.707	202.9108	0.417054	0.35538	0.16051	0.0670564	1.471486	1.138682	4.253491	1.706541
14484	-6078.306	-6280.87	202.5641	0.445262	0.238715	0.264107	0.0519158	1.344321	1.123099	4.253491	2.341376
14490	-6084.657	-6287.834	203.1762	0.409407	0.381416	0.195797	0.0133795	1.513482	1.202179	3.792801	2.293261
14496	-6079.049	-6281.369	202.3209	0.554338	0.149396	0.27815	0.0181159	1.201989	1.202179	4.269283	2.747228
14502	-6087.283	-6291.48	204.1975	0.402853	0.343093	0.202139	0.0519145	1.201989	1.210444	3.693846	1.54294
14508	-6084.393	-6288.26	203.8672	0.402379	0.324617	0.216194	0.0568107	0.7879415	1.218556	3.671079	2.586303
14514	-6083.927	-6286.496	202.5688	0.625019	0.123057	0.178459	0.0734647	1.936268	1.278703	3.632231	3.016925
14520	-6091.879	-6294.439	202.5599	0.438146	0.288869	0.195129	0.0778555	1.936268	1.156953	3.924123	2.424949
14526	-6077.535	-6278.602	201.0676	0.540493	0.22476	0.151824	0.0829235	2.202282	1.08936	4.760949	2.255924
14532	-6083.635	-6287.267	203.6321	0.545571	0.136925	0.27638	0.0411243	1.292675	1.289173	3.469372	2.606261
14538	-6090.863	-6293.904	203.0408	0.574883	0.144281	0.237502	0.0433338	2.229641	1.200549	3.469372	2.493449
14544	-6095.844	-6298.511	202.6667	0.569319	0.150625	0.247945	0.0321116	1.877208	1.237661	3.563355	3.19987
14550	-6091.322	-6293.898	202.5762	0.519351	0.157648	0.226183	0.0968179	1.729339	1.109538	4.006834	2.498047
14556	-6081.291	-6283.567	202.2753	0.552787	0.252687	0.146066	0.0484597	1.729339	1.201939	4.006834	2.822439
14562	-6080.039	-6282.688	202.6497	0.408972	0.348204	0.182333	0.0604916	1.477081	1.176213	4.270873	1.945492
14568	-6074.653	-6277.817	203.1637	0.467892	0.423145	0.0493979	0.0595655	1.399177	1.28883	4.095262	1.632393
14574	-6076.357	-6279.445	203.0886	0.470951	0.425911	0.043184	0.0599548	1.445459	1.169146	4.030708	1.9695
14580	-6075.647	-6278.701	203.0541	0.408699	0.521988	0.0348111	0.0345014	1.354567	1.127811	4.300467	1.571519
14586	-6072.538	-6275.921	203.3825	0.301586	0.548844	0.118478	0.0310931	0.8261946	1.16034	4.043941	2.367883
14592	-6070.092	-6272.361	202.2688	0.348276	0.462925	0.151308	0.0374912	1.263217	1.082028	4.702014	1.817366
14598	-6074.993	-6277.857	202.8638	0.352089	0.544018	0.0659904	0.0379017	1.346454	1.114628	4.306198	1.817366
14604	-6070.648	-6273.486	202.8383	0.371373	0.472267	0.0856689	0.0706917	1.057455	1.273399	4.533612	1.497139
14610	-6073.88	-6277.668	203.7875	0.471633	0.386234	0.0942165	0.0479171	1.386684	1.313379	3.6291	1.84871
14616	-6073.197	-6277.561	204.3643	0.422385	0.345904	0.194978	0.0367331	1.265076	1.294431	3.197811	2.237032
14622	-6076.341	-6280.7	204.3584	0.389449	0.405889	0.179146	0.0255149	1.14836	1.242997	3.429656	1.929139
14628	-6069.691	-6274.35	204.6589	0.389449	0.405889	0.179146	0.0255149	1.086277	1.240267	3.429656	1.630832
14634	-6073.509	-6277.778	204.2693	0.404658	0.429962	0.135766	0.0296134	1.286956	1.30352	3.451831	1.751307
14640	-6065.605	-6270.051	204.4461	0.396985	0.421809	0.128066	0.0531404	1.290318	1.188218	3.457905	1.659087
14646	-6071.432	-6275.778	204.3466	0.297855	0.563805	0.0984693	0.0398708	1.300097	1.196412	3.505997	1.659087
14652	-6088.424	-6289.13	200.7061	0.352666	0.564172	0.0492071	0.0339556	0.9337463	0.9810005	5.572402	2.380375
14658	-6082.773	-6285.66	202.8875	0.283022	0.571568	0.0743515	0.0710582	0.953298	1.148496	4.458716	1.879791
14664	-6071.048	-6272.985	201.9375	0.553857	0.214192	0.108369	0.123582	2.329678	1.217678	3.822878	3.146398
14670	-6072.191	-6275.089	202.8983	0.532707	0.219107	0.163866	0.0843199	1.730511	1.250879	3.683414	2.648142
14676	-6063.575	-6264.991	201.4156	0.492367	0.28971	0.139989	0.0779346	2.024085	1.14438	4.402981	2.807082
14682	-6071.46	-6273.1	201.6393	0.581756	0.112114	0.250593	0.0555366	2.859274	1.135472	3.982352	2.744765
14688	-6067.316	-6269.691	202.3749	0.590718	0.113841	0.254453	0.0409876	1.755807	1.140599	4.04154	2.632391
14694	-6071.897	-6275.064	203.1666	0.532864	0.129106	0.288573	0.0494565	1.56854	1.174829	4.034866	1.718054
14700	-6077.882	-6279.005	201.1226	0.59386	0.134303	0.194079	0.0777582	2.223902	1.237436	3.820578	4.880328
14706	-6077.485	-6280.935	203.4505	0.580868	0.246153	0.0672693	0.10571	2.465863	1.366263	2.989663	2.603253
14712	-6073.521	-6275.391	201.8702	0.642168	0.166598	0.0743684	0.116866	2.516502	1.221161	3.833597	3.008376
14718	-6060.991	-6264.115	203.124	0.520357	0.248558	0.140285	0.090801	2.618674	1.193857	3.634588	1.650491
14724	-6070.737	-6273.054	202.3169	0.514016	0.247252	0.188335	0.0503967	1.646729	1.122963	4.539502	1.650491
14730	-6073.222	-6274.449	201.2274	0.556699	0.218104	0.154863	0.0703337	1.696167	1.122963	4.539502	3.178662
14736	-6065.093	-6266.983	201.8904	0.506713	0.244996	0.169286	0.0790058	1.531742	1.166263	4.563828	2.220921
14742	-6067.247	-6268.835	201.5884	0.540799	0.227101	0.180674	0.0514261	1.79194	1.189625	4.599929	2.220921
14748	-6080.28	-6283.433	203.1529	0.653883	0.102859	0.218454	0.0248044	1.947849	1.190656	3.820291	1.803174
14754	-6088.773	-6289.535	200.7624	0.647877	0.0940123	0.221017	0.0370941	1.866048	1.198554	4.506232	3.749278
14760	-6086.855	-6289.733	202.8774	0.569941	0.311226	0.11337	0.00546273	2.887988	1.242016	3.31789	2.414631
14766	-6091.595	-6293.794	202.1985	0.632358	0.241089	0.0621006	0.0644527	1.990332	1.235618	3.953602	2.71534
14772	-6072.772	-6273.864	201.0928	0.495349	0.222108	0.231541	0.0510017	1.374366	1.066336	5.109306	2.30204
14778	-6071.799	-6272.144	200.3448	0.48822	0.276277	0.192992	0.0425105	1.302392	0.9377704	5.306529	3.230602
14784	-6068.226	-6270.396	202.1697	0.509833	0.234503	0.226609	0.0290549	1.487666	1.032407	4.561272	2.078543
14790	-6085.291	-6285.129	199.8388	0.47476	0.260787	0.182853	0.0816002	1.275042	1.031166	5.756926	2.604542
14796	-6092.856	-6293.013	200.1575	0.501644	0.218929	0.193207	0.0862209	1.412821	0.9363435	5.495105	2.8068
14802	-6079.527	-6280.539	201.0126	0.441373	0.20056	0.302369	0.0556981	1.293043	0.9293143	5.174111	2.559287
14808	-6081.091	-6281.443	200.3523	0.60449	0.0843625	0.287719	0.0234286	1.821794	1.11105	4.93757	3.308594
14814	-6074.195	-6276.336	202.1411	0.625059	0.0475614	0.297509	0.02987	2.101912	1.044841	4.468175	1.68322
14820	-6084.699	-6285.484	200.7851	0.543742	0.0314927	0.337552	0.0872135	1.799999	1.049456	4.600097	3.770533
14826	-6074.514	-6276.793	202.2784	0.510608	0.0905102	0.316982	0.081899	1.655704	1.111603	4.245391	2.403742
14832	-6075.102	-6278.467	203.3653	0.358809	0.396856	0.175615	0.0687199	0.9732402	1.186527	4.05182	2.122144
14838	-6072.66	-6275.117	202.4571	0.399538	0.411985	0.126997	0.0614804	1.182157	1.110669	4.637206	1.785563
14844	-6066.427	-6270.796	204.3693	0.373847	0.4026	0.186836	0.0367175	1.191518	1.282553	3.311608	2.075018
14850	-6065.604	-6268.805	203.2013	0.461753	0.322449	0.175226	0.0405723	1.417914	1.157034	3.767468	2.509539
14856	-6058.683	-6260.858	202.1744	0.453963	0.358514	0.164626	0.0228967	1.417914	1.152493	4.596818	1.909542
14862	-6065.631	-6268.221	202.5899	0.376424	0.476334	0.124389	0.0228532	1.112171	1.102412	4.62093	1.749888
14868	-6062.978	-6267.136	204.1581	0.435675	0.302694	0.235616	0.026016	1.112171	1.317388	3.62359	1.710804
14874	-6072.662	-6276.416	203.7541	0.378324	0.393341	0.2046	0.0237345	1.095428	1.250057	3.6772	2.232
14880	-6065.054	-6268.245	203.1906	0.40325	0.419257	0.152194	0.0252983	1.469803	1.210509	3.9446	1.951075
14886	-6078.914	-6281.188	202.2737	0.384517	0.457225	0.130669	0.0275892	0.9616838	1.053993	4.796344	2.00766
14892	-6078.248	-6281.731	203.4833	0.443135	0.397742	0.150589	0.00853446	1.155915	1.156661	4.063682	1.745282
14898	-6082.129	-6284.421	202.2922	0.434214	0.374202	0.13657	0.0550148	1.68132	1.132876	4.485982	1.750601
14904	-6067.867	-6271.799	203.9322	0.536483	0.225161	0.168736	0.06962	1.68132	1.243713	3.418231	1.893848
14910	-6071.348	-6274.34	202.9924	0.635873	0.0816126	0.199996	0.082518	1.68132	1.331561	3.237222	3.73337
14916	-6071.601	-6275.485	203.8841	0.651058	0.101885	0.193693	0.0533646	1.781457	1.297174	3.241736	2.181132
14922	-6064.637	-6266.717	202.0793	0.664069	0.0765817	0.125182	0.134167	2.612654	1.273896	3.536236	3.334812
14928	-6069.214	-6273.013	203.7989	0.505198	0.258658	0.15733	0.078814	1.323611	1.220391	3.78696	1.680274
14934	-6063.581	-6268.399	204.8181	0.392589	0.394704	0.174526	0.0381814	1.076796	1.290709	3.167475	1.937944
14940	-6060.652	-6264.169	203.5169	0.437532	0.390361	0.141213	0.0308936	1.022668	1.295027	3.687306	2.594582
14946	-6062.24	-6265.557	203.3175	0.429099	0.29409	0.227123	0.0496881	1.536433	1.295027	3.669303	2.236401
14952	-6067.544	-6269.434	201.8904	0.444086	0.365267	0.156426	0.0342216	1.553089	1.163366	4.397822	2.63392
14958	-6077.749	-6279.782	202.0329	0.502599	0.230789	0.225311	0.041301	1.588478	1.163366	4.483467	2.158483
14964	-6068.803	-6270.377	201.5738	0.520737	0.25012	0.184383	0.0447604	1.702824	1.045386	4.840957	1.948211
14970	-6068.69	-6272.062	203.3722	0.455412	0.364233	0.156333	0.0240217	1.512103	1.240109	3.726367	2.128182
14976	-6063.858	-6266.575	202.7173	0.39349	0.34032	0.194581	0.0716082	1.107748	1.187358	4.254486	2.344737
14982	-6068.653	-6270.993	202.3404	0.454615	0.393186	0.024313	0.127886	1.343136	1.16264	4.357	2.344737
14988	-6081.356	-6283.474	202.1173	0.454615	0.393186	0.024313	0.127886	1.405992	1.248292	4.156672	3.023642
14994	-6083.952	-6286.471	202.5191	0.409264	0.430077	0.0207742	0.139884	1.405992	1.322763	3.875881	3.049483
15000	-6077.062	-6280.689	203.6272	0.435623	0.400399	0.0171191	0.14686	1.711859	1.22778	3.661656	1.739179
15006	-6081.301	-6283.316	202.0152	0.416684	0.409787	0.0163749	0.157155	1.650951	1.22778	4.030633	3.254012
15012	-6065.985	-6268.446	202.4606	0.49071	0.367907	0.0663527	0.0750303	1.273181	1.062709	4.273841	2.63028
15018	-6060.924	-6263.196	202.2722	0.534211	0.29337	0.102744	0.0696747	2.062923	1.214417	3.834691	2.876482
15024	-6065.628	-6267.387	201.7585	0.55304	0.297369	0.0523186	0.0972718	2.062923	1.188938	4.211899	2.682712
15030	-6061.051	-6262.972	201.9213	0.54666	0.301614	0.0530655	0.0986604	2.062923	1.135492	4.472154	1.872278
15036	-6061.066	-6262.828	201.7616	0.400094	0.503082	0.0227827	0.0740417	1.901972	1.19108	4.574645	1.928451
15042	-6061.738	-6264.156	202.4173	0.510113	0.363119	0.0675906	0.0591775	1.901972	1.11762	4.372107	1.648678
15048	-6068.249	-6270.724	202.4744	0.408851	0.432868	0.0873491	0.0709314	1.496359	1.207449	4.365877	1.892511
15054	-6058.152	-6259.364	201.2121	0.463554	0.273625	0.1824	0.0804218	1.496359	1.088657	4.75001	2.91168
15060	-6068.378	-6270.851	202.4725	0.385352	0.396164	0.151629	0.0668547	1.176643	1.122429	4.75001	1.514966
15066	-6072.142	-6275.292	203.1505	0.345462	0.355154	0.23945	0.0599341	1.130663	1.262498	3.94625	2.36034
15072	-6071.676	-6274.93	203.2534	0.433996	0.318191	0.215757	0.032056	0.8384409	1.296847	3.896751	2.72785
15078	-6071.614	-6275.127	203.5135	0.470606	0.356634	0.138	0.0347601	1.30025	1.266181	3.670128	2.293641
15084	-6068.524	-6271.026	202.5022	0.448847	0.317963	0.196221	0.0369691	1.828203	1.167225	4.277517	1.759559
15090	-6069.696	-6271.327	201.6316	0.584339	0.240852	0.141725	0.0330839	2.116962	0.955515	4.648506	2.024711
15096	-6076.947	-6278.653	201.7062	0.473133	0.321759	0.14919	0.0559174	1.776836	1.13262	4.568128	2.232068
15102	-6067.243	-6269.341	202.0977	0.488999	0.25585	0.197358	0.0577925	1.608482	1.13262	4.362784	2.391117
15108	-6071.387	-6273.6	202.2131	0.456941	0.295795	0.191258	0.0560062	1.422292	1.102438	4.654898	1.786665
15114	-6071.328	-6274.145	202.8162	0.441865	0.39112	0.112856	0.0541584	1.717574	1.257769	4.177017	1.590033
15120	-6071.455	-6274.316	202.8609	0.42612	0.265377	0.256274	0.0522286	1.376497	1.257769	3.570121	3.542086
15126	-6069.283	-6272.571	203.2878	0.416219	0.325869	0.170127	0.087785	1.164048	1.187528	3.889485	2.367222
15132	-6067.296	-6270.436	203.1402	0.535727	0.302178	0.0568334	0.105262	1.704266	1.204404	3.889485	1.892841
15138	-6063.389	-6265.716	202.3268	0.513379	0.277785	0.124749	0.0840874	1.379146	1.16718	4.228742	2.649852
15144	-6062.83	-6265.958	203.1282	0.500151	0.322327	0.133074	0.0444473	1.743702	1.267759	3.565128	2.565968
15150	-6070.217	-6272.924	202.7066	0.431856	0.289652	0.238551	0.0399415	1.37193	1.214907	3.777412	3.259379
15156	-6070.972	-6274.39	203.4182	0.468163	0.314003	0.206537	0.0112968	1.051962	1.166164	3.980529	2.14131
15162	-6063.945	-6267.296	203.3505	0.438624	0.336153	0.219105	0.00611868	1.056364	1.229453	3.980529	2.14131
15168	-6071.101	-6274.093	202.9921	0.488178	0.378359	0.124765	0.00869714	1.521039	1.213595	3.794071	2.53483
15174	-6076.332	-6280.49	204.1582	0.454943	0.3526	0.103005	0.0894515	1.40398	1.277189	3.134785	2.53483
15180	-6072.41	-6274.335	201.9249	0.384516	0.406137	0.133743	0.075604	1.154492	1.045993	4.504807	3.041401
15186	-6072.604	-6273.653	201.0484	0.477001	0.264678	0.227854	0.0304669	2.323128	1.118236	4.411555	3.076268
15192	-6062.952	-6265.276	202.3234	0.572304	0.161815	0.239424	0.0264571	1.502312	1.20782	3.996487	3.076268
15198	-6064.005	-6266.838	202.8327	0.536828	0.213773	0.224583	0.0248171	1.593681	1.241042	3.960706	2.213905
15204	-6068.499	-6271.431	202.9322	0.529076	0.210686	0.22134	0.0388979	1.593681	1.161295	4.124707	1.804292
15210	-6069.826	-6272.346	202.5199	0.557553	0.222026	0.0649435	0.155478	1.61939	1.212921	4.124707	2.259032
15216	-6074.263	-6276.709	202.4461	0.471823	0.217217	0.158849	0.152111	1.919169	1.163786	4.124707	2.096637
15222	-6077.058	-6279.394	202.3351	0.356798	0.408051	0.120123	0.115028	1.314373	1.163786	4.159019	2.932152
15228	-6070.781	-6272.316	201.5347	0.41083	0.318408	0.138314	0.132448	1.314373	1.096171	4.697894	2.789409
15234	-6069.274	-6270.024	200.75	0.481007	0.332029	0.0734045	0.11356	1.781366	1.04143	4.952306	2.766427
15240	-6067.675	-6268.943	201.2681	0.511225	0.352887	0.0767088	0.0591785	1.709556	0.9948811	5.011325	2.007321
15246	-6064.758	-6265.003	200.2451	0.578055	0.168884	0.186146	0.0669147	1.946085	1.093765	5.011325	3.126782
15252	-6068.344	-6268.528	200.1845	0.550368	0.246511	0.177231	0.0258901	1.946085	1.076469	5.252568	2.549491
15258	-6079.553	-6281.806	202.253	0.410503	0.311385	0.247477	0.0306347	1.367793	1.270383	4.640807	1.621678
15264	-6077.978	-6282.058	204.08	0.399382	0.302949	0.240773	0.0568971	1.367793	1.261228	3.471691	1.909356
15270	-6079.489	-6282.943	203.4542	0.461581	0.19439	0.278271	0.0657583	1.657006	1.329091	3.399331	2.516192
15276	-6082.48	-6286.433	203.9523	0.447737	0.256602	0.258763	0.0368983	1.476891	1.318085	3.399331	2.039167
15282	-6082.413	-6286.493	204.0808	0.455722	0.319136	0.154858	0.0702837	1.359275	1.261237	3.638509	1.562463
15288	-6075.105	-6279.444	204.3385	0.489865	0.240907	0.185182	0.0840463	1.091216	1.232185	3.530635	1.81711
15294	-6062.152	-6264.637	202.4854	0.466953	0.254912	0.191308	0.0868265	1.75367	1.144768	4.018581	2.52128
15300	-6064.089	-6265.588	201.4992	0.555648	0.268277	0.0660327	0.110043	1.663219	1.118857	4.632444	2.52128
15306	-6072.49	-6274.211	201.7208	0.574595	0.266318	0.043706	0.115382	1.663219	1.082886	4.632444	2.249797
15312	-6075.723	-6278.572	202.849	0.484238	0.358913	0.0358463	0.121002	1.611345	1.076718	4.268196	1.680345
15318	-6081.141	-6284.592	203.4507	0.425656	0.464173	0.0259005	0.084271	1.309985	1.17067	4.019606	1.686008
15324	-6080.079	-6281.147	201.0677	0.56971	0.163454	0.203553	0.063283	1.47194	1.041705	5.122337	2.217039
15330	-6078.604	-6278.665	200.0609	0.631951	0.191324	0.138886	0.0378389	1.966457	0.9474602	5.624097	1.93193
15336	-6075.056	-6276.567	201.5103	0.344667	0.463998	0.150368	0.0409671	0.9314262	1.075228	5.302913	1.825605
15342	-6070.305	-6271.804	201.4983	0.380805	0.420438	0.166134	0.0326231	0.9469996	1.017469	5.302913	1.894773
15348	-6069.457	-6271.923	202.4656	0.45091	0.31149	0.172544	0.0650562	1.107498	1.156025	4.430798	2.303178
15354	-6065.108	-6268.81	203.7022	0.36769	0.46653	0.0834817	0.0822979	1.29464	1.264149	3.979194	1.381489
15360	-6063.893	-6267.987	204.0939	0.393826	0.397393	0.0943538	0.114427	1.44615	1.319443	3.409235	1.864298
15366	-6066.578	-6270.984	204.4052	0.456971	0.325517	0.15041	0.0671022	1.44615	1.408114	3.125549	1.969263
15372	-6075.017	-6278.756	203.7384	0.426283	0.299129	0.233474	0.0411152	1.627542	1.316855	3.481024	1.969263
15378	-6068.897	-6272.782	203.8845	0.319968	0.469835	0.175245	0.0349526	0.9970025	1.174709	3.858798	1.864398
15384	-6070.172	-6273.125	202.9523	0.478381	0.406748	0.085573	0.029298	1.900316	1.154818	3.953126	1.855824
15390	-6070.871	-6273.751	202.8797	0.543531	0.293507	0.0851468	0.0778149	1.829237	1.296496	3.871317	2.024737
15396	-6073.806	-6276.674	202.8685	0.526153	0.258564	0.146732	0.0685508	1.624293	1.142426	4.016367	2.130186
15402	-6065.612	-6268.672	203.0593	0.47048	0.279503	0.18872	0.0612973	1.864322	1.087527	3.987902	1.763881
15408	-6072.447	-6274.888	202.4409	0.579932	0.251712	0.112662	0.0556941	2.079867	1.227902	3.865723	2.487868
15414	-6080.928	-6283.611	202.6824	0.494489	0.231963	0.17466	0.0988877	2.079867	1.184437	3.76807	2.445577
15420	-6078.231	-6279.824	201.5933	0.609443	0.158596	0.16435	0.0676108	2.223842	1.133313	4.331547	2.518269
15426	-6082.02	-6283.193	201.1728	0.664377	0.0416685	0.144562	0.149393	2.195202	1.126247	4.219037	3.607308
15432	-6069.018	-6270.692	201.6739	0.696054	0.0668398	0.157586	0.0795208	1.864419	1.249607	3.774624	4.404548
15438	-6073.624	-6276.445	202.8208	0.581503	0.220411	0.131652	0.066434	1.763268	1.259836	3.722231	2.609637
15444	-6082.992	-6285.177	202.1846	0.306262	0.58639	0.0572545	0.0500933	0.8865478	1.04823	5.027462	1.695999
15450	-6092.752	-6294.545	201.7933	0.360879	0.40991	0.157613	0.0715981	0.9634231	0.9503846	5.284485	1.631005
15456	-6071.645	-6273.944	202.2989	0.374197	0.382713	0.164048	0.0790417	1.20032	1.08315	4.750259	1.743656
15462	-6069.821	-6273.061	203.2402	0.385564	0.394339	0.169031	0.0510652	1.265632	1.096712	4.277195	1.533023
15468	-6078.211	-6279.174	200.963	0.532595	0.144289	0.308884	0.0142311	1.424118	1.0431	4.992141	2.787137
15474	-6078.376	-6279.031	200.6545	0.608443	0.0756299	0.303976	0.0119516	1.914896	1.08243	4.954189	2.682243
15480	-6070.554	-6270.989	200.4352	0.377873	0.302718	0.29034	0.0290697	1.154812	1.019838	5.740433	1.973495
15486	-6076.062	-6278.115	202.0531	0.402925	0.397594	0.1613	0.0381806	1.256317	1.131605	4.746841	1.936433
15492	-6073.895	-6274.997	201.1022	0.591755	0.11166	0.216696	0.0798882	1.468847	1.035156	4.991512	2.523916
15498	-6070.886	-6272.331	201.4457	0.511687	0.100313	0.279236	0.108764	1.474578	1.042613	4.839205	2.401249
15504	-6065.854	-6267.934	202.0805	0.469486	0.286174	0.231334	0.0130062	1.325104	1.072136	4.581226	2.299268
15510	-6070.261	-6273.025	202.7645	0.451962	0.280051	0.226384	0.0416031	1.53503	1.133041	4.236345	1.866805
15516	-6077.832	-6280.965	203.1333	0.439047	0.324024	0.160123	0.0768058	1.311262	1.104969	4.236345	1.687206
15522	-6064.005	-6267.045	203.04	0.412559	0.304475	0.150463	0.132504	1.348081	1.198769	4.076576	2.002887
15528	-6061.046	-6264.941	203.8951	0.399937	0.451975	0.0849718	0.0631155	1.132253	1.257063	3.476977	2.465304
15534	-6054.675	-6258.564	203.889	0.405991	0.414347	0.118031	0.0616299	1.482918	1.203659	3.803128	1.395683
15540	-6053.966	-6256.983	203.0175	0.365012	0.435155	0.125308	0.0745253	1.186828	1.095865	4.384548	1.661044
15546	-6064.196	-6266.936	202.7397	0.350086	0.483495	0.120184	0.0462348	1.951742	1.095222	4.181546	1.646758
15552	-6069.705	-6271.473	201.7684	0.496932	0.172507	0.238724	0.091837	1.763991	1.007424	4.676827	2.065326
15558	-6070.401	-6272.781	202.3799	0.416777	0.354534	0.200217	0.028472	1.932877	1.126712	4.236025	1.958218
15564	-6075.177	-6276.967	201.7897	0.416777	0.354534	0.200217	0.028472	1.181632	1.058147	4.554975	3.054667
15570	-6074.531	-6275.905	201.374	0.453738	0.297892	0.209192	0.0391782	1.2583	0.9748479	5.229391	1.89179
15576	-6081.181	-6282.889	201.7079	0.34215	0.479081	0.157745	0.0210244	1.054997	0.8935571	5.229391	1.817184
15582	-6091.302	-6293.277	201.9752	0.348847	0.441955	0.171754	0.0374448	0.8893635	0.9681472	5.229391	1.601659
15588	-6088.118	-6290.945	202.8268	0.338197	0.504232	0.113203	0.0443687	1.298649	1.096964	4.470541	1.580466
15594	-6088.726	-6291.977	203.2507	0.240694	0.527358	0.224407	0.00754089	1.091438	1.149801	4.406528	1.387443
15600	-6076.681	-6280.4	203.719	0.25134	0.550322	0.170833	0.0275047	0.7347283	1.127539	4.597646	0.9449221
15606	-6088.742	-6291.904	203.1615	0.240151	0.62917	0.112557	0.0181221	1.017292	1.029645	5.012006	0.5835153
15612	-6081.294	-6285.534	204.2397	0.204438	0.671839	0.105373	0.0183506	1.012835	1.050684	4.419646	0.5489168
15618	-6078.374	-6281.429	203.0553	0.164129	0.695641	0.12123	0.0190007	0.4262036	1.029113	5.214	0.9162501
15624	-6067.271	-6269.888	202.6168	0.445822	0.402995	0.0645648	0.0866182	1.66367	1.220087	3.941564	2.522993
15630	-6070.637	-6273.449	202.8125	0.417386	0.446852	0.053611	0.0821514	2.167842	1.065099	3.989437	1.813422
15636	-6068.636	-6270.385	201.7485	0.497401	0.323914	0.152641	0.0260433	2.07144	1.161554	4.340858	2.38505
15642	-6081.135	-6283.94	202.8049	0.527807	0.259403	0.185155	0.0276352	2.21803	1.310244	3.526712	2.548076
15648	-6073.014	-6275.388	202.3744	0.644732	0.0519674	0.171713	0.131587	2.035722	1.369311	3.326042	4.033233
15654	-6072.372	-6274.835	202.4633	0.716252	0.0931404	0.0142848	0.176323	2.142155	1.254408	3.326042	3.929443
15660	-6079.651	-6283.201	203.5505	0.532081	0.242256	0.101796	0.123867	1.939849	1.170797	3.529594	1.971867
15666	-6079.606	-6279.727	200.1213	0.574686	0.166076	0.109947	0.149291	2.283829	1.018092	5.131023	2.695811
15672	-6092.04	-6295.115	203.0749	0.682167	0.119516	0.143847	0.0544696	1.901807	1.225488	3.463518	2.793069
15678	-6090.85	-6294.481	203.6311	0.304794	0.5621	0.108769	0.0243372	1.411055	1.276222	3.83048	1.629253
15684	-6077.912	-6281.311	203.3992	0.46577	0.128658	0.30702	0.0985524	1.848903	1.298093	3.284991	2.711025
15690	-6072.508	-6275.65	203.1424	0.512312	0.133887	0.264196	0.0896057	1.390541	1.23065	3.768983	2.520009
15696	-6075.046	-6277.137	202.0906	0.6334	0.143754	0.185332	0.0375134	1.737777	1.099336	4.303867	2.447935
15702	-6074.545	-6277.242	202.6968	0.568464	0.200081	0.156796	0.0746588	1.848834	1.192328	3.651767	3.003922
15708	-6068.77	-6270.913	202.1429	0.534686	0.188192	0.14748	0.129642	1.36733	1.228884	4.453006	2.257487
15714	-6072.598	-6274.126	201.5277	0.534686	0.188192	0.14748	0.129642	1.652245	1.09974	4.28987	3.539247
15720	-6088.616	-6290.647	202.0306	0.504284	0.266027	0.135437	0.0942521	1.652245	1.191811	4.426829	2.188054
15726	-6085.502	-6287.513	202.0109	0.467516	0.264163	0.174729	0.0935917	1.148806	1.1069	4.67263	2.351644
15732	-6081.026	-6286.036	205.0102	0.354525	0.462056	0.122354	0.0610652	0.6282018	1.186459	3.597588	1.496556
15738	-6090.678	-6294.534	203.8561	0.300782	0.513481	0.117875	0.0678616	1.295501	1.186459	3.935049	1.381649
15744	-6088.012	-6289.268	201.2556	0.665254	0.0501122	0.269657	0.0149763	2.299088	1.082877	4.566534	2.396275
15750	-6089.078	-6290.952	201.8741	0.554565	0.0499836	0.362324	0.033127	2.030642	1.07219	4.566534	1.829535
15756	-6089.899	-6291.26	201.3607	0.541392	0.0272636	0.372698	0.0586467	2.873945	1.241548	3.922674	3.188771
15762	-6084.801	-6287.273	202.4714	0.415859	0.285762	0.241352	0.0570271	0.8642751	1.124903	4.581286	2.30578
15768	-6077.482	-6278.796	201.3137	0.415644	0.285868	0.241441	0.0570481	1.378955	1.105108	4.581286	3.40457
15774	-6088.93	-6292.513	203.5826	0.321049	0.499077	0.145556	0.0343186	1.156416	1.173826	3.910424	1.938143
15780	-6074.621	-6277.654	203.0324	0.424149	0.366662	0.103675	0.105514	1.359354	1.241396	4.46388	1.143137
15786	-6079.551	-6282.676	203.1251	0.407174	0.351988	0.184025	0.0568126	1.392668	1.225628	4.46388	1.033758
15792	-6089.629	-6290.571	200.9421	0.490857	0.21557	0.221846	0.0717273	1.688543	0.9892151	5.261614	1.87223
15798	-6064.124	-6263.815	199.691	0.597234	0.129663	0.239768	0.0333344	2.357757	0.9672772	5.261614	3.00981
15804	-6077.511	-6276.43	198.919	0.698997	0.073636	0.133388	0.0939785	2.66582	0.9166192	5.45254	3.485795
15810	-6082.811	-6282.244	199.4322	0.572656	0.119988	0.167594	0.139762	2.566388	1.08458	4.97188	3.966963
15816	-6073.819	-6275.999	202.1797	0.528437	0.208646	0.154653	0.108264	2.215523	1.133625	4.211292	1.995871
15822	-6082.407	-6283.218	200.8102	0.570899	0.21632	0.108379	0.104402	2.803455	1.085031	4.920407	1.69496
15828	-6074.63	-6274.444	199.8138	0.533761	0.286723	0.0819058	0.0976104	1.791208	0.9760299	5.355466	3.208798
15834	-6086.99	-6288.676	201.6855	0.426555	0.373235	0.122205	0.0780053	1.595513	1.151889	4.557148	2.477985
15840	-6085.168	-6286.475	201.3069	0.446953	0.414664	0.0566472	0.0817355	1.641227	1.050803	4.557148	3.189619
15846	-6080.071	-6281.198	201.1268	0.431178	0.400029	0.0546479	0.114146	1.562254	1.054107	4.888075	2.618797
15852	-6083.021	-6284.471	201.4497	0.444647	0.412525	0.0747672	0.0680607	1.638796	1.065933	4.86544	2.098566
15858	-6081.507	-6282.675	201.1683	0.46657	0.371022	0.052452	0.109956	1.923932	1.124799	4.86544	2.09227
15864	-6083.804	-6284.577	200.7728	0.56345	0.163721	0.150889	0.121939	1.542636	1.001611	5.286191	2.186173
15870	-6068.586	-6269.326	200.7396	0.63116	0.194709	0.0911124	0.0830182	2.256234	1.018336	4.794719	2.704578
15876	-6088.302	-6288.838	200.5365	0.531519	0.297659	0.0896391	0.0811836	2.256234	1.099869	4.960603	2.435849
15882	-6077.217	-6278.344	201.1261	0.50066	0.226346	0.170672	0.102323	1.504974	1.124267	4.797018	2.844448
15888	-6067.077	-6269.152	202.0748	0.471	0.229516	0.255309	0.0441751	1.504974	1.00154	4.658445	1.994661
15894	-6074.702	-6276.228	201.5265	0.384441	0.319324	0.253884	0.0423508	1.504974	1.04428	4.796304	2.354728
15900	-6065.584	-6267.158	201.5745	0.380237	0.381819	0.191958	0.0459867	1.615374	1.083973	4.565053	2.705277
15906	-6077.044	-6279.138	202.0933	0.420374	0.412875	0.136691	0.0300604	2.174691	1.114642	4.032745	2.640531
15912	-6067.804	-6270.24	202.4359	0.525442	0.222801	0.186876	0.0648805	1.809547	1.230622	3.77259	3.078658
15918	-6069.447	-6271.418	201.9703	0.485972	0.272967	0.228952	0.0121095	1.464407	1.114048	4.446439	2.571592
15924	-6077.654	-6281.31	203.6565	0.501535	0.20639	0.278246	0.0138292	1.464407	1.211439	3.607036	2.116954
15930	-6062.327	-6264.747	202.4197	0.547669	0.13339	0.30384	0.0151013	2.153635	1.155465	3.993806	2.221017
15936	-6066.204	-6268.858	202.6538	0.603523	0.155731	0.220706	0.0200391	1.636322	1.142271	3.918984	2.680997
15942	-6085.536	-6286.906	201.3698	0.399553	0.456683	0.01338	0.130384	1.629465	1.077911	4.808173	2.349595
15948	-6078.006	-6278.845	200.8393	0.471872	0.337681	0.0386904	0.151757	1.432717	1.017816	5.229597	2.349595
15954	-6079.556	-6280.562	201.0067	0.386104	0.486405	0.095207	0.0322845	1.497562	0.9572612	5.229597	2.119068
15960	-6075.588	-6277.211	201.6228	0.515834	0.284132	0.157138	0.0428962	1.780698	1.003302	4.789945	1.977041
15966	-6082.352	-6282.864	200.5119	0.433746	0.378163	0.13889	0.0492011	1.543417	1.099171	4.789945	3.955842
15972	-6070.978	-6272.217	201.2396	0.512774	0.293259	0.107707	0.0862591	1.895235	1.107159	4.789945	2.236199
15978	-6076.687	-6278.745	202.0587	0.538608	0.308034	0.0261531	0.127205	1.442761	1.143107	4.519485	2.236199
15984	-6074.82	-6277.924	203.104	0.464104	0.357001	0.0599288	0.118966	1.977213	1.187525	3.936476	1.591307
15990	-6077.935	-6280.169	202.2336	0.499956	0.384579	0.0896444	0.025821	1.977213	1.130114	4.039023	2.607539
15996	-6073.023	-6275.329	202.3062	0.614325	0.20859	0.158427	0.0186576	1.977213	1.196033	3.883039	2.818617
16002	-6072.507	-6276.141	203.6338	0.469202	0.315835	0.193349	0.0216138	1.624471	1.265408	3.36859	2.461339
16008	-6069.008	-6270.742	201.7344	0.471708	0.440522	0.0769808	0.0107889	1.546464	1.181434	4.542637	2.461339
16014	-6070.566	-6272.04	201.4749	0.42077	0.500214	0.0686679	0.0103481	1.7173	1.209166	4.542637	2.597308
16020	-6066.118	-6269.725	203.607	0.439355	0.484131	0.0561269	0.020388	1.044985	1.322112	3.68539	2.390652
16026	-6070.02	-6274.938	204.918	0.325564	0.478162	0.175753	0.0205203	0.9857595	1.351133	3.425995	1.326628
16032	-6071.93	-6276.852	204.9214	0.327794	0.481439	0.176958	0.0138093	1.180696	1.351133	3.411231	1.145978
16038	-6065.077	-6270.421	205.344	0.332346	0.488124	0.116822	0.0627071	1.06038	1.393175	3.190009	1.174243
16044	-6070.645	-6275.44	204.7949	0.457068	0.320541	0.207608	0.0147833	1.353553	1.49816	2.64481	2.530913
16050	-6064.33	-6267.762	203.432	0.500876	0.289323	0.156563	0.053238	1.353553	1.327145	3.676826	2.237487
16056	-6070.581	-6273.983	203.4021	0.500876	0.289323	0.156563	0.053238	1.559135	1.322171	3.575428	2.280212
16062	-6074.307	-6278.233	203.9255	0.469068	0.289243	0.23153	0.0101592	1.458623	1.27434	3.53139	1.85603
16068	-6072.038	-6275.395	203.3579	0.288277	0.451479	0.256203	0.00404221	0.8897564	1.215735	4.523606	1.192603
16074	-6076.351	-6279.331	202.98	0.317385	0.437425	0.243175	0.0020148	1.072413	1.192181	4.523606	1.431336
16080	-6079.717	-6283.178	203.4605	0.449479	0.361121	0.13654	0.05286	1.217343	1.218172	3.584822	2.785614
16086	-6085.051	-6288.759	203.7082	0.454432	0.347809	0.150649	0.0471099	1.21804	1.091597	4.167155	1.279846
16092	-6069.231	-6272.755	203.5241	0.548235	0.126091	0.318336	0.00733741	1.500317	1.29569	3.593006	2.173864
16098	-6073.681	-6276.746	203.065	0.619916	0.0982424	0.248028	0.0338138	1.9097	1.249422	3.482777	2.708807
16104	-6066.98	-6269.891	202.9109	0.381365	0.408514	0.16631	0.0438113	1.131096	1.314028	3.893943	2.785925
16110	-6076.527	-6280.916	204.3888	0.418708	0.299287	0.274699	0.00730592	1.130714	1.320461	3.313547	2.071394
16116	-6079.238	-6284.372	205.1331	0.282524	0.598704	0.0935063	0.0252663	0.9098484	1.23507	3.342498	1.461657
16122	-6073.123	-6277.824	204.7006	0.36566	0.548664	0.0625214	0.0231545	1.064879	1.279915	3.306966	1.814364
16128	-6067.465	-6271.039	203.5742	0.371508	0.533573	0.0608017	0.0341174	1.403673	1.252253	3.687577	2.056932
16134	-6064.145	-6267.756	203.6106	0.340107	0.546092	0.0509299	0.0628711	0.9836273	1.252253	3.879529	2.094302
16140	-6079.906	-6283.685	203.7786	0.391493	0.464372	0.0981915	0.045943	1.532216	1.31186	3.475	2.043174
16146	-6070.642	-6274.219	203.5777	0.39958	0.415939	0.1087	0.0757815	1.164914	1.195287	3.867183	2.005194
16152	-6083.651	-6286.856	203.2047	0.400634	0.477834	0.0482672	0.0732646	1.53531	1.057511	4.396877	1.118539
16158	-6076.011	-6279.883	203.8725	0.361039	0.465324	0.116932	0.0567046	1.53531	1.2023	3.584214	1.815191
16164	-6073.101	-6276.778	203.6768	0.295447	0.591815	0.076794	0.0359444	0.9846814	1.237568	4.091559	1.556995
16170	-6066.058	-6268.76	202.7016	0.360259	0.506301	0.10269	0.0307506	1.138686	1.05084	4.630732	1.623676
16176	-6087.232	-6290.984	203.7522	0.280849	0.569147	0.115436	0.0345677	1.153411	1.122193	4.332426	0.9639845
16182	-6076.977	-6279.42	202.4431	0.41523	0.366635	0.176607	0.0415281	1.616601	1.144425	4.533308	1.517938
16188	-6071.032	-6272.697	201.6648	0.402038	0.354988	0.200295	0.0426785	1.543611	1.127774	4.613436	2.460638
16194	-6068.153	-6270.231	202.0777	0.444941	0.286157	0.221669	0.0472327	1.341939	1.16061	4.596525	2.119294
16200	-6063.113	-6266.727	203.6135	0.456242	0.327455	0.167871	0.0484324	1.60483	1.232384	3.577484	2.052986
16206	-6062.634	-6267.626	204.9918	0.316062	0.57855	0.0967087	0.00867889	1.10279	1.343207	3.268111	1.423958
16212	-6063.036	-6268.326	205.29	0.2806	0.600253	0.111441	0.00770513	0.8790325	1.346808	3.268111	1.337105
16218	-6076.253	-6280.48	204.2273	0.369614	0.552042	0.0703077	0.00803577	1.199846	1.346808	3.132726	2.613653
16224	-6067.795	-6269.261	201.4668	0.493548	0.366287	0.0387499	0.101415	1.751728	1.10396	4.548448	2.714235
16230	-6075.897	-6277.237	201.3402	0.478616	0.25509	0.167947	0.098347	1.666469	1.015297	4.739422	2.62643
16236	-6075.109	-6277.295	202.1863	0.421532	0.317432	0.194175	0.0668607	1.44625	1.173777	4.443141	2.199996
16242	-6080.257	-6282.126	201.8695	0.402293	0.348585	0.185313	0.0638091	1.254306	1.054054	5.061549	1.56062
16248	-6083.437	-6284.889	201.4513	0.446616	0.229675	0.26383	0.0598792	1.767622	1.054054	4.818104	2.085345
16254	-6077.234	-6278.306	201.0728	0.514543	0.146725	0.303957	0.0347753	1.822144	1.109203	4.694114	2.830604
16260	-6068.47	-6270.199	201.7289	0.48124	0.150774	0.332251	0.035735	1.744281	1.110026	4.679723	1.994993
16266	-6063.763	-6265.783	202.0197	0.398978	0.410593	0.161207	0.0292228	1.589199	1.074816	4.416725	2.474567
16272	-6067.155	-6270.443	203.2873	0.401467	0.402908	0.162213	0.0334117	1.369324	1.143999	4.248897	1.37413
16278	-6071.387	-6275.232	203.8456	0.408675	0.410142	0.147172	0.0340116	1.398572	1.186408	3.917857	1.323393
16284	-6079.526	-6281.785	202.2593	0.37483	0.451331	0.161952	0.0118872	1.410938	1.108071	4.600006	1.857996
16290	-6071.643	-6273.967	202.3234	0.458066	0.312914	0.208973	0.0200459	1.181766	1.061199	4.600006	2.113658
16296	-6075.465	-6277.195	201.7308	0.414961	0.432488	0.136252	0.0162992	1.309198	1.0598	4.519546	3.057341
16302	-6079.569	-6283.198	203.6291	0.440962	0.442052	0.0996655	0.0173204	1.825452	1.204593	3.50539	1.995431
16308	-6070.19	-6272.293	202.1031	0.469801	0.402706	0.0907944	0.0366983	2.083103	1.277319	4.120053	2.256054
16314	-6070.054	-6273.206	203.1521	0.50259	0.223701	0.181208	0.0925012	1.95407	1.163775	3.895385	1.66943
16320	-6068.462	-6269.128	200.6656	0.556073	0.219919	0.178143	0.0458652	1.95407	1.1431	4.684771	3.318264
16326	-6080.094	-6281.317	201.2236	0.615232	0.188629	0.156799	0.0393397	1.678969	1.143261	4.20439	4.305603
16332	-6073.188	-6276.18	202.9921	0.361526	0.522952	0.0875319	0.0279902	1.174111	1.152784	4.196218	2.062832
16338	-6071.706	-6273.794	202.0875	0.391672	0.451934	0.12607	0.0303242	1.792266	1.157819	4.196218	2.585262
16344	-6065.906	-6268.553	202.6474	0.610321	0.209307	0.13312	0.0472525	1.792266	1.218057	3.908957	2.410255
16350	-6068.119	-6269.928	201.8086	0.554447	0.23335	0.164812	0.0473905	1.710788	1.089835	4.459339	2.504562
16356	-6069.071	-6270.856	201.7851	0.597421	0.175697	0.177586	0.0492963	2.201267	1.162254	4.493021	1.836285
16362	-6071.217	-6273.47	202.2536	0.533009	0.18233	0.188194	0.0964674	2.052269	1.237501	4.0625	2.274624
16368	-6063.25	-6264.65	201.3997	0.538709	0.18428	0.190207	0.0868041	2.175739	1.172613	3.978579	3.9201
16374	-6061.228	-6262.945	201.7174	0.488833	0.138545	0.317644	0.0549772	2.02821	1.147737	3.918398	3.764977
16380	-6059.189	-6261.93	202.7404	0.554539	0.206076	0.196929	0.0424556	2.191675	1.156633	3.918398	1.926028
16386	-6076.431	-6278.728	202.2964	0.454122	0.268384	0.21994	0.0575536	2.275935	1.228595	3.918398	2.356718
16392	-6075.185	-6276.118	200.9323	0.522352	0.266829	0.207762	0.0030576	1.782492	1.098068	4.806792	2.800628
16398	-6068.885	-6271.554	202.6683	0.414764	0.413694	0.164969	0.00657193	1.511052	1.154007	4.508241	1.402303
16404	-6072.568	-6275.133	202.5645	0.475658	0.253192	0.248633	0.0225164	1.392071	1.196131	4.116036	2.527612
16410	-6075.915	-6277.496	201.5818	0.407703	0.342436	0.229112	0.0207486	1.49798	1.110355	4.620851	2.652811
16416	-6082.811	-6285.424	202.6132	0.441371	0.370714	0.165453	0.022462	1.314057	1.116809	4.217599	2.411521
16422	-6087.559	-6289.202	201.6434	0.462444	0.388414	0.132515	0.0166262	1.412485	1.08526	5.044729	1.658521
16428	-6088.994	-6290.467	201.4728	0.458918	0.382183	0.120068	0.0388299	1.847474	1.003811	4.655136	2.451119
16434	-6088.223	-6291.513	203.2904	0.421936	0.423606	0.110393	0.0440657	1.171656	1.160986	4.142105	1.790046
16440	-6088.752	-6292.291	203.5386	0.476015	0.401461	0.0728104	0.0497136	1.568331	1.214776	3.62201	2.116358
16446	-6091.046	-6292.949	201.9032	0.541482	0.298483	0.0543031	0.105732	2.305553	1.088022	4.196768	2.393112
16452	-6083.141	-6283.929	200.7878	0.535354	0.295105	0.0650045	0.104536	2.202727	1.132329	4.666978	2.87124
16458	-6078.844	-6281.457	202.6129	0.521772	0.312989	0.0633553	0.101884	1.905882	1.200237	3.704144	2.906497
16464	-6070.997	-6273.846	202.8493	0.565815	0.277892	0.065609	0.0906844	2.279556	1.160796	3.885697	1.774748
16470	-6067.839	-6269.929	202.0894	0.549737	0.283857	0.0762461	0.0901599	1.666207	1.171732	4.238799	2.602021
16476	-6078.969	-6281.794	202.825	0.489121	0.23089	0.206653	0.0733362	1.355364	1.290219	3.83292	2.797403
16482	-6091.758	-6294.723	202.9647	0.459108	0.283265	0.217495	0.0401318	1.623731	1.241603	3.651373	2.783333
16488	-6071.386	-6274.555	203.169	0.431927	0.325699	0.204618	0.0377558	1.567889	1.241084	3.651373	2.538939
16494	-6072.623	-6276.394	203.7703	0.422128	0.331317	0.208148	0.0384071	1.197418	1.187381	3.831883	1.805118
16500	-6071.017	-6274.266	203.2489	0.452079	0.31855	0.179791	0.0495801	1.197418	1.103494	4.228532	1.693701
