Iteration	Posterior	Likelihood	Prior	matrix_probs[1]	matrix_probs[2]	matrix_probs[3]	matrix_probs[4]	neo_beta	rate_log_sd	tree_length	two_beta
0	-6089.427	-6291.017	201.59	0.534974	0.292592	0.0974673	0.0749667	2.24936	1.154028	4.204495	2.812486
6	-6080.184	-6282.846	202.6624	0.480605	0.342277	0.109771	0.0673479	1.531615	1.272414	3.842341	2.812486
12	-6084.703	-6285.454	200.7511	0.504589	0.309454	0.115249	0.0707088	1.735721	1.17993	5.236318	1.882298
18	-6099.771	-6301.132	201.3614	0.51961	0.246668	0.151864	0.0818578	2.04822	0.9935494	4.860537	1.89724
24	-6085.098	-6286.426	201.3279	0.391771	0.262705	0.295258	0.0502658	1.251207	1.145251	4.523814	3.709182
30	-6072.182	-6272.514	200.3326	0.459501	0.245451	0.273737	0.0213111	1.382682	1.166308	5.026997	3.621592
36	-6068.754	-6269.878	201.1242	0.413529	0.307269	0.24635	0.0328519	1.695149	1.068051	4.741894	2.840267
42	-6080.907	-6282.94	202.0338	0.419856	0.192445	0.342081	0.0456182	1.112617	1.027314	4.730542	2.334275
48	-6080.269	-6282.804	202.5348	0.486169	0.331811	0.121213	0.0608069	0.9874733	1.159538	4.396729	2.458403
54	-6067.246	-6270.009	202.763	0.328974	0.428141	0.171742	0.0711429	0.9984859	1.106383	4.784664	1.330661
60	-6078.551	-6280.73	202.1795	0.252433	0.513361	0.165605	0.0686008	0.638229	1.048	5.203181	1.634054
66	-6062.763	-6265.214	202.4505	0.259748	0.528236	0.141428	0.0705884	0.7500291	1.039588	5.203181	1.20328
72	-6076.903	-6277.209	200.3057	0.521582	0.194392	0.199505	0.0845211	1.566557	0.9765338	5.147276	3.329213
78	-6072.323	-6273.391	201.0688	0.512924	0.207765	0.196193	0.083118	1.438866	0.9547974	5.048157	2.581705
84	-6076.551	-6277.922	201.3711	0.443225	0.256306	0.207022	0.0934471	1.396895	1.153452	4.622658	3.063146
90	-6082.023	-6284.391	202.3678	0.466906	0.409113	0.0566755	0.0673053	1.29656	1.079785	4.343211	2.525565
96	-6073.826	-6276.342	202.5165	0.397297	0.418833	0.0319105	0.15196	1.29656	1.151193	4.298756	2.316861
102	-6066.749	-6268.418	201.6688	0.391143	0.455154	0.0846256	0.0690782	1.29656	1.122798	4.791034	2.316861
108	-6072.681	-6275.208	202.5275	0.371173	0.431916	0.080305	0.116607	0.8453458	1.058687	4.704682	2.040979
114	-6071.493	-6273.211	201.7176	0.342506	0.398558	0.161204	0.0977322	0.8453458	1.060039	4.663927	3.423232
120	-6071.05	-6274.1	203.0493	0.314793	0.492185	0.120168	0.0728537	1.051714	1.063937	4.663927	1.242748
126	-6074.896	-6277.726	202.83	0.319244	0.499144	0.121867	0.0597445	1.051714	1.039481	4.786677	1.268851
132	-6075.989	-6278.288	202.2993	0.372185	0.494337	0.0721813	0.0612968	1.019173	0.9927352	4.904339	1.73045
138	-6072.269	-6275.461	203.1918	0.369004	0.540183	0.0328285	0.057985	1.179574	1.081498	4.411275	1.425808
144	-6073.981	-6275.919	201.9379	0.303552	0.520375	0.128673	0.0473998	1.170599	1.059436	4.897479	1.933681
150	-6067.197	-6269.972	202.7752	0.350798	0.481896	0.133408	0.0338978	1.310383	1.135797	4.322129	1.909833
156	-6070.683	-6274.457	203.7735	0.356929	0.465758	0.144961	0.0323522	0.958574	1.111228	4.234901	1.333156
162	-6071.901	-6274.819	202.9181	0.356265	0.438015	0.163242	0.0424779	1.126605	1.279146	4.043309	2.433559
168	-6071.017	-6273.67	202.6535	0.419613	0.382201	0.151339	0.0468474	1.003741	1.255425	4.12721	2.838417
174	-6080.895	-6283.74	202.8452	0.362542	0.430835	0.17035	0.0362723	1.293758	1.243088	4.12721	2.153566
180	-6083.672	-6284.736	201.0631	0.445771	0.404749	0.0896774	0.0598019	1.227075	1.221528	4.987545	2.643441
186	-6072.415	-6274.891	202.4761	0.352605	0.526861	0.0732316	0.0473032	1.306173	1.109659	4.62577	1.646122
192	-6079.9	-6283.243	203.3425	0.326322	0.48759	0.14231	0.0437773	1.365699	1.065562	4.346597	1.214794
198	-6066.167	-6269.739	203.5724	0.358684	0.402112	0.191085	0.0481187	0.9729721	1.201485	4.011903	1.919016
204	-6069.481	-6271.866	202.3852	0.532158	0.227607	0.117971	0.122263	1.696257	1.158096	4.011903	2.745616
210	-6074.381	-6277.034	202.6536	0.459426	0.316405	0.157124	0.0670457	1.585777	1.139776	4.041639	2.423284
216	-6075.043	-6277.443	202.4002	0.631147	0.0977454	0.245729	0.0253791	2.251351	1.139844	3.672021	3.029675
222	-6089.395	-6292.388	202.9925	0.685008	0.0844477	0.212299	0.0182451	2.416469	1.18958	3.466459	2.396646
228	-6086.594	-6289.28	202.6854	0.508541	0.259052	0.109964	0.122443	2.400694	1.259848	3.842282	1.846644
234	-6065.12	-6267.794	202.6736	0.401148	0.493581	0.0205195	0.084751	1.996635	1.188356	4.055387	1.846644
240	-6062.118	-6264.73	202.6122	0.435109	0.499989	0.0231051	0.0417969	1.619744	1.168999	4.270688	1.846644
246	-6060.865	-6265.29	204.4249	0.397476	0.43157	0.0138984	0.157055	1.44434	1.268782	3.212331	1.936394
252	-6066.409	-6270.568	204.1591	0.464625	0.471535	0.010629	0.0532115	1.44434	1.384708	2.999593	2.661317
258	-6061.145	-6265.264	204.119	0.51295	0.415879	0.00846929	0.0627019	1.44434	1.302336	2.966027	2.947386
264	-6076.249	-6279.51	203.2613	0.528613	0.404836	0.0565911	0.00996037	1.600004	1.36947	3.047606	3.886925
270	-6068.265	-6272.918	204.6525	0.4209	0.526272	0.0484718	0.00435629	1.020159	1.36947	2.983214	2.577302
276	-6059.535	-6263.247	203.7122	0.356398	0.498255	0.0682344	0.0771123	1.325926	1.356144	3.485913	2.300601
282	-6083.587	-6286.273	202.6857	0.532665	0.372338	0.0361094	0.0588873	1.61557	1.219	3.801675	2.860768
288	-6091.855	-6294.536	202.6804	0.551385	0.337852	0.0646705	0.0460929	1.248328	1.147672	4.291625	2.170713
294	-6072.06	-6275.474	203.4144	0.430654	0.393537	0.0872682	0.0885408	1.092201	1.223516	3.740356	2.61583
300	-6080.203	-6285.135	204.9314	0.416156	0.380289	0.117995	0.0855601	1.143539	1.488219	2.883214	2.069881
306	-6084.657	-6289.982	205.3253	0.306599	0.512308	0.175763	0.00533006	0.8808772	1.34492	2.976218	1.880509
312	-6081.545	-6284.392	202.8465	0.549492	0.209214	0.191754	0.0495402	1.950366	1.22784	3.456625	3.125439
318	-6067.349	-6269.164	201.8148	0.474543	0.200942	0.311216	0.0132996	2.004755	1.076892	4.56951	1.917966
324	-6082.384	-6284.373	201.9896	0.552915	0.0319639	0.362614	0.0525067	1.805113	1.109237	4.441017	2.153101
330	-6081.67	-6283.696	202.0261	0.611956	0.106088	0.262265	0.0196917	1.6656	1.071078	4.441017	2.314248
336	-6087.283	-6289.385	202.1022	0.617444	0.104588	0.258556	0.0194132	1.540251	1.185231	4.33129	2.474389
342	-6077.523	-6281.1	203.5769	0.271041	0.627896	0.0849575	0.0161052	1.071847	1.204797	3.788843	2.306172
348	-6068.888	-6273.539	204.6507	0.245165	0.673886	0.0406462	0.0403034	1.083324	1.242721	3.560143	1.381203
354	-6062.017	-6263.887	201.8702	0.436813	0.373223	0.0715208	0.118443	1.948162	1.131473	4.201644	2.761345
360	-6066.033	-6268.302	202.2686	0.460744	0.38088	0.062546	0.0958306	2.143893	1.155339	4.201644	1.940204
366	-6073.608	-6276.602	202.9946	0.37094	0.538154	0.0384981	0.0524081	1.445427	1.135734	4.218444	1.711131
372	-6063.125	-6267.105	203.9801	0.323684	0.469596	0.160988	0.0457316	1.035688	1.201524	3.628337	2.183662
378	-6065.211	-6269.535	204.3235	0.53808	0.17933	0.267619	0.0149709	1.313518	1.190609	3.412004	1.881138
384	-6087.81	-6291.131	203.3215	0.555946	0.185284	0.236241	0.0225284	1.979629	1.261751	3.47373	2.250676
390	-6076.167	-6279.061	202.8935	0.529475	0.190627	0.243054	0.0368442	1.377041	1.209592	3.98461	2.380911
396	-6072.739	-6275.165	202.426	0.53277	0.170257	0.239655	0.0573188	1.751145	1.30048	3.875312	2.763072
402	-6072.988	-6275.918	202.9296	0.434827	0.295035	0.250016	0.0201221	1.350987	1.237532	3.817659	2.763072
408	-6088.395	-6292.043	203.6479	0.493223	0.240406	0.175698	0.0906726	1.661524	1.25895	3.423804	2.268497
414	-6071.794	-6274.791	202.997	0.482143	0.235005	0.171751	0.111101	1.661524	1.30874	3.750535	2.324107
420	-6078.919	-6282.42	203.5004	0.456532	0.28898	0.162584	0.0919028	1.4957	1.195516	3.709334	2.073588
426	-6069.503	-6272.629	203.1252	0.483142	0.357417	0.0604309	0.0990097	1.625455	1.155285	3.751208	2.402543
432	-6079.694	-6281.06	201.366	0.498851	0.311908	0.102838	0.0864031	1.469591	1.127122	4.830186	2.424384
438	-6083.944	-6286.664	202.7198	0.449392	0.418774	0.0630455	0.0687878	1.076507	1.12188	4.553011	1.757854
444	-6078.335	-6281.828	203.4936	0.33054	0.452611	0.132395	0.0844532	0.6640319	1.079192	4.531093	1.438674
450	-6072.436	-6275.406	202.9702	0.315868	0.431523	0.172091	0.0805183	1.0165	1.111868	4.601636	1.438674
456	-6076.037	-6277.946	201.9096	0.46711	0.291044	0.200493	0.0413532	1.45664	1.09224	4.52759	2.488463
462	-6058.809	-6261.023	202.2138	0.452888	0.277605	0.191235	0.078272	1.534766	1.169041	4.364982	2.255326
468	-6063.154	-6265.036	201.8827	0.47053	0.288419	0.15973	0.0813211	1.912609	1.076864	4.291573	2.621396
474	-6076.247	-6278.961	202.7141	0.499868	0.282752	0.144481	0.0728998	1.529314	1.201116	3.882379	2.735663
480	-6074.941	-6276.376	201.4352	0.515283	0.291471	0.118098	0.0751479	1.78984	1.018996	4.589177	2.735663
486	-6079.085	-6279.121	200.0361	0.516381	0.280411	0.0814824	0.121725	2.04538	1.109885	5.214761	2.717763
492	-6063.865	-6265.242	201.3774	0.503608	0.346574	0.101394	0.0484227	1.613927	1.049106	4.695177	2.706897
498	-6058.819	-6260.679	201.8591	0.517106	0.25188	0.116908	0.114106	1.801685	1.088839	4.540664	2.120769
504	-6072.172	-6274.149	201.9771	0.518111	0.25237	0.117135	0.112384	2.006377	1.206174	4.319123	2.120769
510	-6071.184	-6274.847	203.6626	0.391573	0.425736	0.0977552	0.0849364	1.179949	1.182663	3.949505	1.710145
516	-6077.926	-6281.627	203.7002	0.256814	0.615003	0.0921534	0.0360304	0.9671424	1.206541	3.966312	1.857923
522	-6073.891	-6275.827	201.9365	0.379044	0.518222	0.0389587	0.0637758	1.961113	1.121731	4.657036	1.558718
528	-6072.57	-6273.045	200.4752	0.570323	0.292837	0.0518922	0.0849482	1.972278	1.107753	4.657036	3.802664
534	-6088.115	-6289.595	201.4799	0.400028	0.422188	0.0440521	0.133732	1.387956	1.062576	4.620039	3.054167
540	-6086.67	-6288.968	202.2981	0.353208	0.46286	0.0652622	0.11867	1.313975	1.062576	4.620039	1.933205
546	-6086.418	-6289.186	202.7676	0.521498	0.248965	0.0862028	0.143335	1.313975	1.080004	3.991015	2.844548
552	-6080.573	-6282.962	202.3896	0.404478	0.36676	0.112326	0.116436	1.787643	1.09441	4.062009	2.586603
558	-6074.423	-6277.781	203.3584	0.393332	0.440495	0.0642625	0.10191	1.355905	1.050397	4.073125	1.7816
564	-6080.738	-6282.962	202.224	0.362088	0.405504	0.186179	0.0462281	1.355905	1.103115	4.683802	1.7816
570	-6071.702	-6273.494	201.7921	0.43815	0.395401	0.133751	0.0326989	1.021843	0.9924908	4.64434	3.155633
576	-6072.472	-6274.141	201.6692	0.424353	0.172818	0.378183	0.024647	1.153032	1.137142	4.64434	2.904057
582	-6067.552	-6270.434	202.8823	0.349186	0.322386	0.311194	0.0172336	1.127	1.160349	4.237504	2.165092
588	-6066.615	-6270.598	203.9829	0.375079	0.278984	0.33427	0.0116674	1.089974	1.308015	3.274451	2.849731
594	-6071.377	-6274.868	203.4911	0.426064	0.174003	0.379708	0.0202257	1.771728	1.347347	3.180166	2.866202
600	-6068.146	-6272.657	204.5111	0.408487	0.337347	0.240958	0.0132085	1.336209	1.367444	3.174878	1.903373
606	-6072.343	-6276.663	204.3197	0.355195	0.293336	0.330593	0.0208749	0.8626279	1.349647	3.573537	1.890779
612	-6073.648	-6276.379	202.7309	0.357306	0.398721	0.221795	0.0221782	0.9558938	1.14308	4.441344	2.133383
618	-6081.227	-6284.143	202.9166	0.423148	0.288796	0.232285	0.0557705	1.230885	1.121031	4.380381	1.711937
624	-6089.65	-6290.101	200.4512	0.596885	0.187077	0.125455	0.0905837	2.243525	1.014493	4.887535	2.921208
630	-6097.247	-6299.706	202.4587	0.495868	0.308951	0.117014	0.0781666	2.17828	1.069358	4.224846	1.724006
636	-6099.248	-6301.71	202.4626	0.333532	0.520755	0.0568757	0.0888374	1.338146	1.093865	4.550701	1.811928
642	-6081.565	-6283.957	202.3915	0.498717	0.384569	0.059552	0.0571619	2.270347	1.179252	4.01344	2.064938
648	-6076.746	-6279.416	202.6706	0.607536	0.229815	0.0641644	0.0984841	2.104067	1.255295	3.736232	2.413592
654	-6077.362	-6280.935	203.573	0.384043	0.532998	0.0130382	0.0699208	1.375636	1.194424	4.019954	1.442734
660	-6083.734	-6287.094	203.3598	0.332487	0.587288	0.0196907	0.0605342	1.093821	1.180523	4.276538	1.487453
666	-6069.986	-6271.716	201.7293	0.351874	0.620962	0.00720914	0.0199548	1.448232	1.098826	4.713962	2.267449
672	-6080.452	-6283.804	203.3525	0.273323	0.682971	0.00792904	0.0357774	1.969379	1.197436	4.06693	1.062526
678	-6079.41	-6279.893	200.4833	0.350776	0.538974	0.00838847	0.101862	1.685336	1.028865	5.395061	2.111245
684	-6084.163	-6285.646	201.4834	0.496918	0.345134	0.0417999	0.116147	1.955784	1.068471	4.708298	2.090099
690	-6085.935	-6288.416	202.4818	0.411507	0.380891	0.0576011	0.150001	1.955784	1.072534	4.462165	1.391834
696	-6073.715	-6276.4	202.6852	0.538595	0.321071	0.0138915	0.126443	1.955784	1.145184	3.973098	2.120234
702	-6081.728	-6284.016	202.2884	0.477934	0.371777	0.0380865	0.112202	1.970282	1.209061	3.973098	2.587518
708	-6073.649	-6276.703	203.0536	0.526882	0.341716	0.0282719	0.10313	1.601166	1.21929	3.820964	2.267709
714	-6090.933	-6294.08	203.147	0.526882	0.341716	0.0282719	0.10313	1.422455	1.231952	3.746331	2.527657
720	-6077.649	-6280.591	202.9421	0.525087	0.340553	0.0315815	0.102779	1.8043	1.285143	3.6496	2.527657
726	-6065.862	-6269.418	203.5562	0.498873	0.292458	0.111022	0.0976477	1.770793	1.30199	3.457525	2.13189
732	-6087.078	-6289.447	202.3691	0.441008	0.367347	0.0981442	0.0935004	1.488574	1.147101	4.491026	1.82887
738	-6083.422	-6285.31	201.888	0.430301	0.399526	0.0992706	0.0709023	1.363975	1.137007	4.811078	1.866838
744	-6086.858	-6290.153	203.2954	0.384511	0.466481	0.0695668	0.0794414	1.128331	1.090437	4.361623	1.453669
750	-6081.888	-6284.188	202.2996	0.265811	0.585179	0.0746822	0.0743276	0.9952795	1.075568	4.612303	2.352548
756	-6086.909	-6291.109	204.1994	0.23061	0.507686	0.118118	0.143586	0.9269286	1.064747	3.996572	1.412895
762	-6075.415	-6277.151	201.7357	0.239381	0.526994	0.12261	0.111015	1.097359	1.081864	5.212552	1.540023
768	-6073.631	-6276.304	202.673	0.262154	0.549142	0.0990346	0.0896691	1.117692	1.028473	4.54447	1.904781
774	-6065.987	-6269.693	203.706	0.225209	0.631308	0.0828029	0.0606803	1.268188	1.162633	3.994523	1.489755
780	-6068.394	-6270.824	202.4309	0.431589	0.366772	0.131201	0.0704379	1.142099	1.216396	4.312558	2.524722
786	-6063.513	-6267.873	204.3599	0.418886	0.37456	0.127339	0.0792141	1.135456	1.361169	3.17101	2.388201
792	-6070.589	-6273.352	202.7637	0.434991	0.343778	0.160076	0.0611555	1.135456	1.309128	3.845316	3.172669
798	-6078.735	-6282.277	203.5415	0.502856	0.241397	0.18505	0.0706967	1.463321	1.32305	2.946186	3.98972
804	-6076.538	-6278.896	202.3583	0.494614	0.272597	0.190769	0.0420198	1.793949	1.252643	4.161491	2.140403
810	-6074.989	-6277.128	202.1382	0.400101	0.439106	0.126803	0.0339904	1.532456	1.285812	4.161491	2.735143
816	-6084.615	-6288.533	203.9181	0.328531	0.559799	0.0651306	0.04654	1.526678	1.26726	3.356209	2.197851
822	-6065.32	-6270.561	205.2408	0.25702	0.489207	0.233089	0.0206841	0.7435368	1.26536	3.472579	1.254231
828	-6085.081	-6289.324	204.2428	0.280466	0.533834	0.163128	0.022571	0.9446509	1.199369	3.966732	1.254231
834	-6070.411	-6275.474	205.0624	0.312067	0.55221	0.105178	0.0305443	1.054324	1.265171	3.48384	1.087053
840	-6080.784	-6284.541	203.7561	0.328414	0.581136	0.0583053	0.0321442	0.8734516	1.384935	3.728788	2.227357
846	-6067.663	-6270.819	203.156	0.349647	0.434816	0.0849485	0.130589	1.211367	1.215863	4.096482	1.94714
852	-6062.029	-6265.713	203.6841	0.390559	0.457487	0.0673801	0.0845742	1.121679	1.144904	4.0296	1.627304
858	-6062.337	-6266.117	203.7791	0.421972	0.43581	0.0727995	0.069419	1.121679	1.126472	4.076397	1.44166
864	-6065.579	-6268.394	202.8143	0.468335	0.376882	0.0822914	0.0724914	1.223357	1.170265	4.265568	2.051408
870	-6075.977	-6279.412	203.4352	0.3348	0.545993	0.0861118	0.0330953	1.401322	1.302974	3.787966	1.945683
876	-6068.777	-6270.903	202.126	0.318929	0.526128	0.0829673	0.0719754	1.422523	1.17259	4.325602	2.627905
882	-6066.216	-6270.047	203.8309	0.28541	0.444596	0.194097	0.0758962	0.710098	1.192527	4.135834	1.674171
888	-6067.007	-6270.647	203.6402	0.281001	0.519442	0.152442	0.0471156	1.137015	1.236977	4.175892	1.262765
894	-6072.881	-6276.576	203.695	0.320535	0.500683	0.155547	0.0232348	0.7798584	1.093557	4.245925	1.634519
900	-6069.382	-6272.267	202.8854	0.310066	0.531057	0.150467	0.00841039	1.080148	1.093557	4.626706	1.433701
906	-6063.729	-6267.45	203.7213	0.326807	0.507099	0.15859	0.00750392	0.7946276	1.165838	4.252739	1.485781
912	-6077.79	-6280.398	202.6081	0.33053	0.512877	0.141148	0.0154443	0.9642441	1.094254	4.783731	1.562362
918	-6069.848	-6272.489	202.6408	0.326932	0.479562	0.15928	0.0342258	1.18238	1.122768	4.758977	1.300573
924	-6067.028	-6270.653	203.6252	0.329213	0.499827	0.136496	0.0344646	1.013945	1.187358	4.173326	1.474098
930	-6069.647	-6274.097	204.45	0.366972	0.527768	0.0483862	0.0568734	1.083393	1.172325	3.633558	1.547088
936	-6075.59	-6278.228	202.6382	0.337934	0.533523	0.0411399	0.0874023	1.155071	1.193451	4.553861	1.674601
942	-6071.12	-6273.641	202.5214	0.392927	0.489439	0.0160089	0.101625	0.9659787	1.106823	4.65004	1.950431
948	-6067.177	-6270.116	202.9384	0.322079	0.540761	0.0169706	0.12019	1.080822	1.105783	4.371843	1.904269
954	-6073.31	-6276.523	203.2137	0.27529	0.607476	0.0145052	0.10273	1.137142	1.168942	4.371843	1.426988
960	-6072.61	-6275.704	203.0949	0.239015	0.658666	0.0131255	0.089193	1.165569	1.260567	4.371843	1.426988
966	-6070.627	-6274.378	203.7502	0.239015	0.658666	0.0131255	0.089193	1.070818	1.260567	3.681998	2.244862
972	-6084.275	-6289.03	204.7546	0.243171	0.644179	0.0254183	0.0872312	1.09089	1.152318	3.422857	1.630014
978	-6084.499	-6287.668	203.1688	0.253396	0.671266	0.0275	0.0478381	1.61763	1.269499	4.216522	1.195247
984	-6081.755	-6283.195	201.4398	0.280693	0.557746	0.111389	0.0501723	0.9524021	1.054148	5.349913	1.806606
990	-6080.254	-6282.758	202.5042	0.27983	0.556032	0.0893415	0.0747969	1.033901	0.9319585	4.779275	1.812464
996	-6074.142	-6275.916	201.7744	0.466203	0.419177	0.0565325	0.058088	1.531187	0.8844228	4.957197	1.812464
1002	-6065.67	-6268.039	202.3698	0.370793	0.550923	0.0268543	0.0514295	1.611685	1.178773	4.4	1.860152
1008	-6073.04	-6274.076	201.0355	0.433356	0.475152	0.0313853	0.0601069	1.901084	1.083807	4.967824	2.102411
1014	-6074.424	-6277.542	203.1179	0.591713	0.204538	0.0600106	0.143739	2.003359	1.245044	3.48093	2.529167
1020	-6079.993	-6282.217	202.2237	0.519186	0.30959	0.0526551	0.118569	1.96551	1.181651	4.026879	2.589994
1026	-6088.772	-6290.686	201.914	0.550976	0.264939	0.0663994	0.117686	1.983889	1.211886	4.026879	3.015801
1032	-6091.612	-6292.253	200.6418	0.558937	0.260242	0.0652222	0.115599	1.983889	1.174117	4.840551	2.797194
1038	-6096.69	-6297.817	201.1271	0.545943	0.260786	0.0774296	0.115841	2.212544	1.14495	4.49128	2.797194
1044	-6078.114	-6279.948	201.8341	0.562665	0.268774	0.0416921	0.126869	2.092779	1.308412	4.199665	2.386808
1050	-6069.822	-6271.239	201.4172	0.523539	0.254031	0.101347	0.121083	1.961543	1.113106	4.503563	2.646349
1056	-6074.74	-6276.457	201.7174	0.391821	0.465773	0.0484016	0.0940046	1.970506	1.147978	4.776642	1.525656
1062	-6076.186	-6278.342	202.1562	0.347569	0.480794	0.0365602	0.135077	1.247747	1.105533	4.709591	1.933253
1068	-6078.582	-6281.239	202.6572	0.373419	0.442506	0.0389522	0.145123	1.363573	1.207387	4.079564	2.505781
1074	-6086.493	-6287.722	201.2291	0.416565	0.378944	0.154865	0.0496266	0.9062587	1.01361	5.539996	1.747721
1080	-6080.607	-6281.089	200.4822	0.433895	0.394709	0.119706	0.0516911	1.679532	1.049622	5.539996	1.747721
1086	-6076.317	-6278.086	201.7696	0.43587	0.384852	0.116717	0.062561	1.764319	1.08858	4.516703	2.349602
1092	-6082.904	-6284.491	201.5874	0.479304	0.397311	0.0430271	0.0803582	1.650765	1.129276	4.424636	2.966858
1098	-6098.978	-6300.629	201.6503	0.428675	0.452055	0.0489557	0.0703143	1.032946	1.237594	4.350955	3.905526
1104	-6085.826	-6288.428	202.6018	0.38418	0.404402	0.178708	0.0327095	1.459488	1.091893	4.048552	2.72215
1110	-6078.981	-6281.115	202.1348	0.41546	0.360287	0.186116	0.0381371	1.278385	1.035012	4.718892	1.995086
1116	-6076.583	-6277.49	200.9063	0.41546	0.360287	0.186116	0.0381371	1.499735	0.9761891	5.245014	2.190602
1122	-6092.587	-6293.505	200.9171	0.519543	0.166064	0.222905	0.0914887	1.631573	1.124355	4.957139	2.553324
1128	-6091.672	-6295.536	203.8633	0.462378	0.353275	0.11256	0.0717876	1.21346	1.316409	3.450638	2.377202
1134	-6082.126	-6284.804	202.6777	0.452425	0.367195	0.110137	0.0702424	1.445255	1.233798	4.111856	2.248766
1140	-6077.772	-6280.923	203.1508	0.439098	0.369963	0.122766	0.0681732	1.427093	1.199928	4.111856	1.69064
1146	-6071.167	-6273.953	202.7863	0.422203	0.355729	0.208542	0.0135263	1.022157	1.114489	4.344213	2.24341
1152	-6068.57	-6270.857	202.287	0.444892	0.334194	0.195917	0.0249971	1.335216	1.082433	4.344213	2.588341
1158	-6068.134	-6270.731	202.5978	0.424231	0.368566	0.178341	0.0288623	1.453467	1.238853	4.344213	1.791399
1164	-6092.174	-6296.149	203.9745	0.448134	0.324755	0.18308	0.0440318	1.705736	1.185538	3.617595	1.471447
1170	-6087.574	-6291.086	203.5124	0.364576	0.381177	0.201591	0.0526556	1.530444	1.217971	3.617595	2.203425
1176	-6073.966	-6276.842	202.8755	0.482159	0.263867	0.210978	0.0429957	1.379743	1.078467	4.341484	1.732334
1182	-6071.189	-6273.84	202.6505	0.400242	0.344667	0.175134	0.0799568	1.29885	1.138915	4.392375	1.919913
1188	-6074.939	-6278.441	203.5017	0.500675	0.349945	0.0765454	0.0728347	1.29885	1.230104	3.854752	1.92297
1194	-6067.904	-6271.466	203.5623	0.335367	0.518166	0.0512725	0.0951941	1.339512	1.135985	3.995157	1.612186
1200	-6069.33	-6272.554	203.2242	0.475969	0.321658	0.125122	0.0772514	2.214803	1.193716	3.753719	1.612186
1206	-6070.797	-6273.68	202.8828	0.537077	0.196488	0.21553	0.0509049	1.719373	1.136837	3.967497	2.128497
1212	-6065.715	-6268.502	202.7874	0.544955	0.19937	0.218692	0.0369839	1.868012	1.169505	3.967497	2.053178
1218	-6069.857	-6272.24	202.3828	0.536162	0.196153	0.224347	0.0433388	1.585031	1.275541	4.085513	2.51085
1224	-6073.376	-6274.515	201.139	0.40494	0.3937	0.114735	0.0866256	1.597637	0.8914883	5.175568	2.045656
1230	-6070.395	-6272.542	202.1468	0.370099	0.402877	0.138379	0.0886448	1.492596	1.086245	4.282658	2.75361
1236	-6067.441	-6270.243	202.8019	0.415811	0.361529	0.155471	0.0671885	1.178038	1.113474	4.282156	2.164531
1242	-6062.322	-6265.059	202.7365	0.458266	0.306378	0.171345	0.0640111	1.533637	1.178	4.282156	1.744645
1248	-6069.06	-6272.726	203.6656	0.462966	0.266324	0.21073	0.05998	1.405024	1.208516	3.798362	1.744645
1254	-6062.151	-6264.624	202.4731	0.466469	0.26834	0.212324	0.0528671	0.9723558	1.113467	4.61948	2.07033
1260	-6062.519	-6263.031	200.5121	0.415218	0.368856	0.17288	0.0430459	1.51279	1.067051	5.011372	3.318559
1266	-6074.453	-6274.077	199.6239	0.492651	0.19057	0.253628	0.0631514	1.056586	0.9952181	5.721904	3.483415
1272	-6073.813	-6273.02	199.2072	0.506591	0.0957623	0.300313	0.097334	1.622545	0.8877282	5.72815	3.483415
1278	-6074.352	-6274.417	200.0656	0.450247	0.335494	0.134767	0.0794927	1.622545	0.9467956	5.72815	2.03699
1284	-6074.849	-6274.863	200.0141	0.452428	0.335162	0.134633	0.0777761	1.158089	0.9775907	5.825604	2.397979
1290	-6070.199	-6272.139	201.9396	0.368054	0.272658	0.234948	0.12434	0.984371	1.084302	4.797211	2.398849
1296	-6072.336	-6273.108	200.7721	0.409781	0.315656	0.261584	0.0129792	0.9726893	0.9274906	5.533438	2.408327
1302	-6075.191	-6276.926	201.7346	0.394933	0.304218	0.290324	0.0105251	0.8505122	0.8964266	5.369786	1.720956
1308	-6070.746	-6271.892	201.1459	0.366165	0.389643	0.234208	0.00998439	0.9535685	1.002273	5.459269	1.996233
1314	-6072.845	-6275.559	202.714	0.360173	0.383267	0.230376	0.0261839	1.219848	1.103976	4.384896	1.996233
1320	-6072.45	-6274.462	202.0117	0.496563	0.261304	0.224281	0.0178516	1.287577	1.085407	4.806327	1.874356
1326	-6072.333	-6274.712	202.379	0.509829	0.300039	0.163847	0.0262856	1.515304	1.25536	4.123022	2.537085
1332	-6065.622	-6268.264	202.6416	0.473897	0.254946	0.255618	0.0155391	1.307046	1.121677	4.423941	1.871663
1338	-6066.615	-6269.894	203.2792	0.442775	0.244323	0.288183	0.0247195	1.34266	1.130568	4.031653	1.888236
1344	-6070.609	-6273.2	202.5903	0.469817	0.263184	0.24077	0.0262292	1.591116	1.191039	4.206542	2.026005
1350	-6069.381	-6270.592	201.2108	0.432127	0.33731	0.209695	0.020868	1.655108	1.015016	4.916683	2.358373
1356	-6067.057	-6268.108	201.0518	0.59948	0.0907238	0.273514	0.0362823	1.923484	1.15522	4.520711	3.173673
1362	-6074.587	-6275.538	200.9515	0.627407	0.0803092	0.221944	0.0703404	3.243419	1.243448	3.936927	3.480142
1368	-6084.719	-6286.626	201.9067	0.68083	0.0149292	0.241241	0.0629997	2.575521	1.242944	3.621764	3.480142
1374	-6081.637	-6284.034	202.3965	0.525658	0.0334496	0.413431	0.0274616	1.438845	1.151053	4.206837	2.545738
1380	-6083.996	-6287.17	203.1742	0.545971	0.138639	0.271648	0.0437414	1.423675	1.259353	3.972863	1.897018
1386	-6076.057	-6277.219	201.1619	0.522264	0.196054	0.259356	0.0223259	2.212389	1.171802	4.207753	3.556896
1392	-6084.455	-6286.35	201.8948	0.590145	0.259085	0.12474	0.0260305	1.407425	1.216267	4.324636	2.951862
1398	-6080.679	-6282.539	201.8603	0.738161	0.0731696	0.159882	0.0287875	2.210522	1.183272	3.938229	3.136513
1404	-6076.787	-6278.415	201.6286	0.553242	0.141686	0.219684	0.0853885	2.682478	1.202849	3.969005	2.869359
1410	-6083.981	-6285.026	201.0449	0.606904	0.0749222	0.302789	0.0153846	2.682478	1.212396	4.394046	2.594037
1416	-6069.068	-6271.156	202.088	0.600489	0.0853662	0.299588	0.0145565	2.203412	1.249676	3.964032	2.594037
1422	-6069.439	-6272.637	203.1977	0.279769	0.485308	0.163216	0.0717073	0.8848859	1.1123	4.380573	1.796152
1428	-6079.475	-6283.227	203.752	0.300547	0.52135	0.141457	0.0366461	0.867226	1.072095	4.488054	1.023357
1434	-6071.644	-6275.172	203.5281	0.484183	0.306173	0.184302	0.0253411	0.9853173	1.193621	3.980358	2.044832
1440	-6069.039	-6271.197	202.1588	0.49421	0.266465	0.158045	0.0812801	1.923346	1.118551	4.347563	2.010559
1446	-6075.142	-6276.89	201.7478	0.491373	0.327388	0.100425	0.0808136	1.689652	1.202304	4.61864	2.051366
1452	-6075.625	-6277.828	202.2032	0.412458	0.419754	0.0819992	0.0857892	1.208093	1.16908	4.61864	2.051366
1458	-6081.771	-6282.919	201.1482	0.515973	0.204694	0.129385	0.149948	1.724306	1.116003	4.317336	4.031699
1464	-6085.891	-6286.802	200.9114	0.644218	0.0816359	0.104064	0.170082	2.792644	1.212459	4.057833	3.720233
1470	-6077.163	-6276.78	199.6167	0.701493	0.064258	0.0889193	0.14533	2.222879	1.107038	4.649899	5.288155
1476	-6066.611	-6266.344	199.7329	0.644167	0.0307234	0.218385	0.106725	3.033177	1.019253	4.666298	4.008912
1482	-6067.23	-6266.99	199.76	0.700964	0.0299147	0.152986	0.116135	2.058564	1.003075	5.230058	3.294777
1488	-6076.431	-6275.479	199.0473	0.712879	0.0394515	0.0945114	0.153158	2.365717	1.166751	5.212734	3.972851
1494	-6081.824	-6281.474	199.6498	0.648134	0.0697244	0.142894	0.139248	2.257233	0.9836791	5.000906	4.049291
1500	-6086.135	-6287.242	201.107	0.597737	0.0871889	0.140015	0.175059	2.247937	1.352124	3.97679	4.049291
1506	-6080.673	-6280.123	199.4503	0.646256	0.0942845	0.0599489	0.199511	2.057419	1.151966	4.890962	4.845494
1512	-6069.135	-6270.383	201.2484	0.463379	0.375613	0.0179551	0.143054	1.244613	0.9200939	5.363408	1.828039
1518	-6068.119	-6269.182	201.0629	0.438776	0.331882	0.098645	0.130697	1.244613	1.047598	5.21412	2.270289
1524	-6067.662	-6269.052	201.3903	0.446617	0.337813	0.154078	0.0614922	1.512779	1.069704	4.913989	2.201947
1530	-6059.494	-6260.441	200.9467	0.376433	0.380656	0.17362	0.069291	1.542327	0.9644363	5.33715	1.879058
1536	-6073.538	-6274.897	201.359	0.475318	0.368961	0.113326	0.0423963	1.448438	1.144684	5.33715	1.27409
1542	-6071.304	-6273.529	202.2254	0.476951	0.28371	0.156092	0.0832468	1.544312	1.174274	4.535447	1.815666
1548	-6085.043	-6285.524	200.4815	0.48826	0.217435	0.235037	0.059267	1.98661	1.061886	5.117016	2.447153
1554	-6075.979	-6277.235	201.2552	0.391472	0.269277	0.293278	0.0459723	1.507338	0.9883251	5.187272	1.839191
1560	-6078.301	-6279.465	201.1639	0.406298	0.2396	0.326652	0.0274508	1.165453	1.00309	5.187272	2.366294
1566	-6086.866	-6286.738	199.8723	0.431349	0.254373	0.285134	0.0291434	1.022933	0.7783105	6.095522	2.366294
1572	-6078.471	-6278.028	199.5567	0.438024	0.258309	0.289546	0.0141205	1.164101	1.089003	6.095522	2.177363
1578	-6077.944	-6278.326	200.3815	0.435341	0.256727	0.287773	0.0201595	1.071623	0.9494998	5.679536	2.414395
1584	-6069.093	-6270.628	201.535	0.435341	0.256727	0.287773	0.0201595	1.071623	1.074258	4.962844	2.444249
1590	-6080.401	-6282.29	201.8891	0.244169	0.47753	0.245837	0.0324639	0.7210362	1.090807	5.243472	1.740469
1596	-6082.9	-6284.992	202.0923	0.244169	0.47753	0.245837	0.0324639	1.139805	1.027885	5.102045	1.375145
1602	-6083.988	-6287.104	203.1161	0.203154	0.623741	0.140182	0.0329232	0.5012754	1.074493	4.918355	1.281715
1608	-6079.368	-6284.38	205.0123	0.207582	0.556345	0.211268	0.0248043	0.9103634	1.326255	3.253997	1.673581
1614	-6073.68	-6278.966	205.286	0.348367	0.464241	0.128518	0.0588738	1.194659	1.320517	2.856079	1.819572
1620	-6073.584	-6277.857	204.2729	0.309819	0.481155	0.143355	0.0656704	1.017853	1.187627	3.865731	1.346273
1626	-6074.838	-6277.339	202.5005	0.424797	0.407244	0.123428	0.0445305	1.015136	1.128948	4.085112	3.423913
1632	-6073.911	-6277.776	203.8645	0.331449	0.43729	0.183445	0.0478159	0.6798069	1.003096	4.568957	1.032872
1638	-6076.667	-6278.534	201.867	0.246004	0.569919	0.136154	0.0479222	0.7855448	0.9980428	5.528018	1.201807
1644	-6070.499	-6273.763	203.264	0.255943	0.521907	0.172292	0.0498582	0.6675959	1.081745	4.688714	1.373601
1650	-6068.178	-6270.74	202.5623	0.289378	0.590087	0.0641631	0.0563715	0.8967273	1.085103	4.688714	1.927274
1656	-6074.266	-6276.152	201.8858	0.338961	0.399903	0.179083	0.0820526	1.12825	0.9786719	5.251233	1.372108
1662	-6079.385	-6280.798	201.4129	0.363835	0.429249	0.192225	0.0146919	0.7483988	0.9404255	5.631504	1.610028
1668	-6070.652	-6271.434	200.7827	0.356067	0.420084	0.201434	0.0224153	1.007241	0.9784195	5.765044	1.709521
1674	-6087.482	-6288.87	201.3874	0.318301	0.500176	0.17411	0.0074129	0.7986854	0.9784195	5.752703	1.283231
1680	-6087.837	-6290.955	203.118	0.213885	0.656291	0.0970394	0.0327847	0.9320873	1.233908	4.373557	1.699298
1686	-6083.518	-6288.265	204.7478	0.222937	0.66551	0.0850731	0.0264801	0.684504	1.26625	3.627443	1.580411
1692	-6072.687	-6276.47	203.7828	0.494895	0.344824	0.13421	0.0260711	1.272311	1.109264	3.879252	1.697054
1698	-6072.215	-6276.387	204.1724	0.383552	0.488943	0.104016	0.0234886	0.9780917	1.199014	3.766801	1.697054
1704	-6071.045	-6275.923	204.8779	0.355139	0.535794	0.0963102	0.0127566	1.098224	1.234779	3.020686	2.239255
1710	-6072.305	-6276.88	204.5748	0.354555	0.534913	0.0961519	0.0143793	0.7882019	1.367014	3.35625	2.126849
1716	-6071.255	-6276.165	204.9104	0.392575	0.384241	0.204224	0.0189602	1.034405	1.358988	3.05785	2.02435
1722	-6074.983	-6278.533	203.5501	0.414444	0.427793	0.1399	0.0178632	1.463849	1.311062	3.223459	3.135131
1728	-6073.575	-6279.106	205.5312	0.347014	0.545744	0.0922855	0.0149568	1.048561	1.357973	3.085152	1.212277
1734	-6080.531	-6285.818	205.2865	0.341989	0.549943	0.0929957	0.0150719	0.7938561	1.239031	3.517679	1.096779
1740	-6073.406	-6277.79	204.3839	0.363307	0.51767	0.0875381	0.031485	1.470658	1.327969	3.188983	1.93409
1746	-6078.385	-6280.692	202.3073	0.392124	0.475968	0.0663058	0.0656026	1.266817	1.124152	4.683402	1.753613
1752	-6076.539	-6279.1	202.5602	0.2905	0.539273	0.117647	0.0525805	0.9363039	1.039123	4.996383	1.278844
1758	-6090.01	-6293.417	203.4077	0.21648	0.662436	0.0840315	0.0370529	0.6251867	1.153504	4.773956	1.03097
1764	-6083.433	-6287.525	204.092	0.148782	0.600504	0.212321	0.038393	0.4758984	1.136899	4.557483	0.9039829
1770	-6078.58	-6282.816	204.2357	0.259777	0.574417	0.129165	0.0366416	0.8675385	1.131983	4.138139	1.099447
1776	-6074.311	-6278.228	203.917	0.258531	0.571662	0.128545	0.0412623	0.9656084	1.141475	4.151659	1.295595
1782	-6079.634	-6282.791	203.157	0.316853	0.488934	0.143643	0.0505707	1.081618	1.181202	4.151659	2.028212
1788	-6079.897	-6281.536	201.6388	0.316853	0.488934	0.143643	0.0505707	0.9238357	1.077679	5.268024	1.749985
1794	-6067.387	-6269.787	202.4006	0.341985	0.447231	0.169306	0.0414782	1.019918	1.028981	4.965595	1.435599
1800	-6080.294	-6283.328	203.0338	0.373028	0.477472	0.0560209	0.093479	1.075883	1.024911	4.490698	1.62851
1806	-6078.895	-6281.369	202.4741	0.413464	0.422065	0.0616308	0.10284	1.238044	1.077358	4.695161	1.61401
1812	-6066.288	-6267.31	201.0228	0.431479	0.345521	0.095849	0.127151	1.525469	1.012423	5.394214	1.61401
1818	-6066.736	-6268.026	201.2901	0.49991	0.241723	0.11105	0.147316	1.63617	1.109903	4.585354	3.038707
1824	-6068.165	-6269.021	200.8561	0.483364	0.2776	0.0965961	0.14244	1.63617	0.97828	5.093504	2.489366
1830	-6084.41	-6284.17	199.7597	0.59244	0.169185	0.0337863	0.204588	2.445985	0.9902975	5.093504	3.270677
1836	-6079.599	-6279.43	199.8315	0.595712	0.10836	0.0517841	0.244143	2.178545	0.9708421	5.16751	3.270677
1842	-6081.066	-6280.973	199.9071	0.599013	0.10896	0.0465298	0.245496	3.093588	1.015531	4.896979	2.88735
1848	-6082.378	-6281.7	199.3224	0.611708	0.119195	0.0658582	0.203238	2.623188	1.073361	5.181365	3.410786
1854	-6068.517	-6268.888	200.371	0.606558	0.147607	0.10089	0.144945	2.623188	1.030937	4.900043	2.579472
1860	-6062.898	-6262.964	200.0652	0.606558	0.147607	0.10089	0.144945	2.227908	1.037598	5.149922	2.761851
1866	-6069.04	-6270.668	201.6287	0.415825	0.401687	0.0831207	0.0993671	1.31426	1.113473	4.725433	2.539526
1872	-6076.311	-6277.884	201.5733	0.497134	0.316189	0.0907954	0.0958824	1.721516	1.059599	4.521722	2.729631
1878	-6063.892	-6266.381	202.489	0.458508	0.353342	0.0522189	0.135932	1.516751	1.120348	4.168804	2.451818
1884	-6067.655	-6269.978	202.3233	0.498501	0.25893	0.0610979	0.181471	1.516751	1.12978	4.121256	2.823243
1890	-6078.9	-6281.341	202.441	0.492312	0.288478	0.0483386	0.170871	1.742145	1.196952	4.004089	2.561976
1896	-6071.109	-6273.815	202.7059	0.471523	0.343022	0.0278396	0.157616	1.60839	1.148753	4.233407	1.848947
1902	-6076.295	-6278.359	202.0633	0.380878	0.47917	0.0076656	0.132287	1.224797	1.116258	4.567831	2.429533
1908	-6070.463	-6272.997	202.534	0.342827	0.531224	0.0177181	0.10823	1.455007	1.105481	4.567831	1.546571
1914	-6090.034	-6292.509	202.4742	0.35823	0.555091	0.0185141	0.0681652	1.295223	1.110176	4.744071	1.412339
1920	-6082.37	-6286.041	203.6705	0.30524	0.537967	0.017943	0.13885	1.314637	1.094687	4.15495	1.243896
1926	-6100.288	-6304.088	203.8003	0.259031	0.639341	0.0599253	0.0417031	1.234583	1.138984	4.202903	1.051216
1932	-6075.436	-6278.214	202.7777	0.592312	0.168661	0.199084	0.039943	1.654918	1.119746	3.984462	2.333239
1938	-6074.745	-6275.913	201.1684	0.574375	0.171871	0.221509	0.032244	1.418742	1.043404	4.861673	2.841054
1944	-6079.882	-6282.388	202.5059	0.483632	0.312217	0.186514	0.0176368	1.288141	1.082689	4.613176	1.690097
1950	-6085.558	-6285.915	200.3574	0.384564	0.358371	0.195497	0.0615689	1.296195	1.042963	5.319383	2.999222
1956	-6093.564	-6293.371	199.8076	0.476396	0.205153	0.24218	0.0762713	1.293324	1.102611	5.449053	3.448221
1962	-6070.377	-6272.486	202.109	0.372107	0.406984	0.189164	0.0317447	1.376579	1.06191	4.704338	1.910655
1968	-6079.841	-6281.51	201.6685	0.366122	0.400438	0.202205	0.0312342	1.233778	1.060013	4.861195	2.310233
1974	-6076.569	-6279.815	203.2466	0.403535	0.402841	0.0916309	0.101994	1.309206	1.12751	4.030658	1.976873
1980	-6076.779	-6277.313	200.5335	0.399519	0.389779	0.104359	0.106342	1.908411	1.018398	5.333225	1.970624
1986	-6063.065	-6264.332	201.2667	0.424468	0.36015	0.14508	0.0703019	1.418824	1.079699	5.177846	1.828097
1992	-6078.337	-6280.125	201.7884	0.464243	0.39662	0.0434031	0.0957335	1.888775	1.207407	4.126046	3.064134
1998	-6068.237	-6270.185	201.9484	0.626261	0.169057	0.0638497	0.140832	1.932509	1.220381	4.126046	2.726416
2004	-6067.323	-6269.09	201.7675	0.651877	0.120461	0.0805527	0.147109	2.084455	1.178568	4.187862	2.726416
2010	-6075.636	-6277.662	202.0259	0.455059	0.368514	0.0737334	0.102693	2.084455	1.124481	4.187862	2.414674
2016	-6073.891	-6276.983	203.0922	0.464761	0.375058	0.0973814	0.0627992	1.461866	1.19195	4.158918	1.63399
2022	-6061.826	-6262.982	201.1557	0.479626	0.426263	0.057138	0.0369733	1.767073	1.143506	4.941501	2.065124
2028	-6075.013	-6277.919	202.9058	0.427211	0.502541	0.0373159	0.0329327	1.125633	1.065278	4.509269	1.636102
2034	-6066.062	-6268.459	202.3966	0.279472	0.555689	0.128366	0.0364731	0.9304485	1.107773	4.726332	1.981621
2040	-6066.274	-6268.67	202.3962	0.424019	0.306562	0.253815	0.0156033	0.9304485	1.078295	4.726332	2.021313
2046	-6056.302	-6259.219	202.9167	0.454738	0.319035	0.213125	0.0131019	1.191654	1.058784	4.435451	1.713696
2052	-6062.423	-6264.354	201.931	0.549629	0.102241	0.332294	0.0158359	1.585797	1.090871	4.435451	2.53813
2058	-6069.944	-6271.788	201.8432	0.476421	0.0744327	0.344058	0.105088	1.666562	1.177044	4.124203	3.334852
2064	-6070.092	-6272.137	202.0446	0.503229	0.0876959	0.313362	0.0957125	1.693531	1.154272	4.337418	2.400053
2070	-6071.694	-6274.862	203.1686	0.52195	0.134904	0.32502	0.0181263	1.546694	1.225127	3.624603	2.66267
2076	-6076.653	-6279.493	202.8407	0.470495	0.224408	0.292979	0.0121178	1.581891	1.171653	3.956158	2.326632
2082	-6069.823	-6272.371	202.5478	0.470495	0.224408	0.292979	0.0121178	1.402586	1.184568	3.972455	2.955866
2088	-6075.681	-6277.083	201.4016	0.45909	0.24043	0.285877	0.0146028	1.49952	1.079164	4.79822	2.489462
2094	-6081.846	-6282.532	200.6852	0.539046	0.0995612	0.352065	0.00932751	1.851347	1.072885	4.79822	3.189731
2100	-6066.582	-6267.1	200.5177	0.59213	0.0386597	0.356608	0.0126025	1.681713	1.084202	4.962749	3.183747
2106	-6069.43	-6269.553	200.1227	0.524019	0.0767376	0.383361	0.0158824	1.681713	0.9788842	5.224329	3.233363
2112	-6073.309	-6274.382	201.0723	0.606327	0.0460366	0.344381	0.00325528	1.681713	1.092577	4.590412	3.366387
2118	-6068.882	-6269.354	200.4715	0.57096	0.130288	0.295955	0.00279754	1.88856	1.155769	4.799163	3.366387
2124	-6084.977	-6287.039	202.0615	0.544341	0.160218	0.292774	0.00266711	1.832656	1.226278	3.767971	3.743267
2130	-6074.896	-6275.22	200.3232	0.579251	0.093742	0.31155	0.0154575	2.387774	0.9911478	5.143963	2.290706
2136	-6069.888	-6270.172	200.2836	0.590949	0.192108	0.178176	0.0387669	2.718186	1.126952	4.882092	2.522917
2142	-6068.065	-6269.15	201.0842	0.51994	0.286289	0.156766	0.0370058	1.990951	1.161101	4.165211	4.192833
2148	-6070.268	-6270.995	200.7265	0.544829	0.164577	0.251816	0.0387772	1.491249	1.081363	4.945219	3.159216
2154	-6072.127	-6271.919	199.7924	0.60059	0.142058	0.21736	0.0399919	2.054371	1.10233	5.215617	3.116751
2160	-6075.712	-6277.293	201.5805	0.663503	0.138148	0.173172	0.0251771	2.193375	1.195601	3.719689	4.398606
2166	-6075.933	-6277.834	201.9005	0.65521	0.135115	0.116603	0.0930714	2.099989	1.270336	3.77808	3.548961
2172	-6082.197	-6285.187	202.99	0.576805	0.241938	0.10265	0.0786068	2.03684	1.307423	3.210713	3.352592
2178	-6077.883	-6281.334	203.451	0.552375	0.242189	0.155972	0.0494641	1.697611	1.243025	3.608849	2.081807
2184	-6067.294	-6271.592	204.2983	0.439875	0.378885	0.124206	0.0570348	1.174088	1.311625	3.343095	2.081807
2190	-6081.067	-6284.705	203.6382	0.569535	0.234862	0.160818	0.0347858	1.399139	1.34786	2.988084	3.727036
2196	-6077.798	-6281.879	204.0815	0.457522	0.373178	0.114028	0.0552721	1.323701	1.328326	3.51055	1.787318
2202	-6090.152	-6294.563	204.4109	0.413649	0.433285	0.103094	0.049972	1.323701	1.416003	3.265927	1.787318
2208	-6081.777	-6286.475	204.6984	0.327676	0.472295	0.154284	0.0457446	1.103056	1.213064	3.618751	1.230089
2214	-6081.405	-6283.882	202.4762	0.542374	0.176305	0.219477	0.061844	1.471865	1.031817	4.482761	1.876658
2220	-6084.732	-6286.828	202.0951	0.492416	0.160066	0.230318	0.1172	1.438271	1.149524	4.177567	3.118015
2226	-6075.117	-6277.717	202.6002	0.588141	0.191182	0.0806928	0.139984	2.192729	1.158797	3.74357	2.548251
2232	-6076.929	-6278.783	201.8542	0.568043	0.237783	0.0863854	0.107789	1.862462	1.165084	4.014428	3.40083
2238	-6064.437	-6265.6	201.163	0.485374	0.208471	0.211751	0.0944042	1.536418	1.097257	4.748147	2.927104
2244	-6073.539	-6273.657	200.1186	0.523835	0.269257	0.161251	0.0456568	1.536418	1.048005	5.138928	3.614583
2250	-6077.193	-6279.758	202.5649	0.339331	0.554548	0.0765458	0.0295756	1.178201	1.2033	4.395519	2.09086
2256	-6074.281	-6277.139	202.8577	0.348869	0.453998	0.17292	0.024213	1.299524	1.17745	4.306105	1.799788
2262	-6069.882	-6273.476	203.594	0.380821	0.420469	0.188757	0.0099525	1.591684	1.185317	3.441363	2.495944
2268	-6072.124	-6274.471	202.3468	0.361424	0.444182	0.183881	0.0105138	2.045724	1.253428	3.737147	2.989283
2274	-6079.776	-6281.901	202.1244	0.505251	0.213833	0.257056	0.0238599	1.366463	1.248614	4.23469	2.842949
2280	-6070.737	-6272.157	201.4204	0.428903	0.307088	0.249702	0.014307	1.065425	1.119087	5.004704	2.445037
2286	-6065.554	-6266.84	201.2867	0.493377	0.353251	0.136913	0.0164577	1.857257	1.088321	4.994313	1.750798
2292	-6082.903	-6284.237	201.3343	0.430958	0.285412	0.277298	0.00633182	1.521745	1.039181	5.062822	1.945688
2298	-6080.125	-6281.041	200.9159	0.502389	0.247606	0.240566	0.00943952	1.290259	1.124546	5.062822	2.721683
2304	-6077.545	-6280.92	203.3741	0.448582	0.229537	0.308909	0.0129722	1.045161	1.075971	4.249972	1.707846
2310	-6072.254	-6274.073	201.8188	0.307396	0.456399	0.211684	0.0245208	1.5352	1.193011	4.470318	2.524669
2316	-6084.428	-6286.716	202.2879	0.467004	0.258127	0.240862	0.0340064	1.865878	1.29685	4.105179	2.236235
2322	-6071.623	-6274.727	203.1031	0.522151	0.237088	0.22123	0.0195312	1.952851	1.24704	3.700502	2.061065
2328	-6071.958	-6274.83	202.8717	0.541884	0.133475	0.26073	0.0639109	1.416729	1.155756	4.06771	2.229819
2334	-6072.342	-6273.854	201.5117	0.53188	0.248296	0.189822	0.0300024	1.596876	1.142404	4.479056	2.984799
2340	-6073.542	-6276.121	202.5791	0.473409	0.303445	0.202776	0.0203699	1.263151	1.09771	4.273368	2.413679
2346	-6081.358	-6283.196	201.8387	0.376778	0.396411	0.210599	0.0162121	1.362695	1.099819	4.712095	2.22328
2352	-6081.443	-6282.955	201.5123	0.495484	0.206248	0.276948	0.0213198	1.411013	1.054176	5.097046	1.74352
2358	-6094.048	-6294.825	200.7773	0.481434	0.197102	0.264667	0.0567972	1.411013	0.9867481	5.097046	2.891595
2364	-6087.812	-6289.8	201.9881	0.60833	0.0622675	0.282717	0.0466857	1.533315	1.13998	4.366407	2.631127
2370	-6080.902	-6282.331	201.4299	0.637775	0.0378407	0.275439	0.0489454	1.573956	1.185627	4.184237	4.047473
2376	-6074.67	-6275.373	200.7033	0.457104	0.18067	0.336575	0.0256514	1.568171	1.10234	4.842954	3.370281
2382	-6081.122	-6280.489	199.3667	0.47856	0.249836	0.25237	0.0192339	1.569231	1.064032	5.194814	4.868061
2388	-6072.885	-6275.037	202.1519	0.492165	0.22851	0.259544	0.0197807	1.510587	1.03998	4.599869	1.973508
2394	-6065.691	-6267.291	201.5999	0.525738	0.244098	0.209034	0.02113	1.510587	1.12023	4.523153	2.867805
2400	-6072.553	-6274.715	202.1623	0.445448	0.311018	0.17711	0.0664239	1.233861	1.207762	4.451011	2.442487
2406	-6095.147	-6297.269	202.1219	0.527973	0.240028	0.209922	0.0220758	1.98485	1.35994	3.711396	3.349083
2412	-6090.718	-6293.538	202.8203	0.422232	0.377999	0.18076	0.019009	1.269993	1.258135	3.899425	2.795541
2418	-6080.616	-6285.886	205.2707	0.5384	0.328896	0.124245	0.0084589	1.269993	1.375007	2.756481	1.889019
2424	-6077.945	-6281.928	203.9836	0.507577	0.366593	0.115213	0.0106162	1.229482	1.356375	3.194077	2.775044
2430	-6084.865	-6288.121	203.256	0.449498	0.324646	0.2047	0.0211557	1.68763	1.382598	3.230776	3.171879
2436	-6099.322	-6302.762	203.4399	0.703431	0.161441	0.109925	0.0252025	2.061309	1.315929	2.987903	3.171879
2442	-6090.095	-6292.362	202.267	0.658794	0.185464	0.126283	0.02946	2.339226	1.29524	3.298358	4.055154
2448	-6077.316	-6279.5	202.1834	0.653249	0.0702372	0.245476	0.0310381	2.674874	1.305772	3.532911	3.039665
2454	-6077.001	-6279.193	202.192	0.41568	0.251386	0.286523	0.0464113	1.592555	1.244674	4.460284	1.887222
2460	-6068.207	-6270.926	202.7196	0.618858	0.232924	0.0791215	0.0690966	2.164434	1.188827	3.824991	2.155909
2466	-6070.746	-6274.464	203.7178	0.428645	0.345442	0.117343	0.108571	1.429683	1.249345	3.546187	2.166502
2472	-6067.445	-6269.934	202.4893	0.362207	0.495089	0.057735	0.0849686	1.26451	1.119929	4.341008	2.336051
2478	-6073.121	-6274.205	201.0841	0.494982	0.386	0.072692	0.0463258	2.058146	1.104824	4.643547	2.676932
2484	-6079.163	-6280.796	201.6324	0.438032	0.341589	0.214247	0.00613269	1.309128	1.082825	4.688385	2.690327
2490	-6081.056	-6282.507	201.452	0.427979	0.333749	0.20933	0.0289421	1.309128	1.159113	4.617277	3.066729
2496	-6069.822	-6272.724	202.9012	0.378844	0.414327	0.176735	0.0300942	0.8968472	1.157216	4.364578	2.149691
2502	-6069.127	-6271.872	202.7448	0.376569	0.411839	0.178889	0.0327031	1.280419	1.08446	4.445196	1.770959
2508	-6069.665	-6273.195	203.5294	0.432522	0.336021	0.195684	0.0357734	1.199752	1.143407	4.019053	1.749914
2514	-6062.671	-6266.062	203.3918	0.399824	0.341935	0.250865	0.00737528	1.199752	1.104084	4.019053	1.977101
2520	-6082.712	-6286.711	203.9987	0.394443	0.310313	0.281059	0.0141846	1.199752	1.310466	3.744006	1.559393
2526	-6080.47	-6283.478	203.0081	0.551073	0.265909	0.174225	0.00879287	1.609289	1.119281	4.11992	1.755888
2532	-6080.466	-6281.39	200.9248	0.451924	0.218846	0.312785	0.0164454	1.727282	1.128167	5.060664	2.152363
2538	-6077.38	-6279.905	202.525	0.453413	0.320154	0.21212	0.0143136	1.471249	1.163709	4.332752	1.988963
2544	-6064.448	-6267.397	202.9491	0.425167	0.310076	0.228902	0.0358554	0.9405893	1.113985	4.332752	2.159307
2550	-6074.755	-6275.878	201.1229	0.416608	0.314693	0.23231	0.0363893	1.328913	0.9490202	5.487399	1.575032
2556	-6069.673	-6271.407	201.7344	0.434409	0.264192	0.264614	0.0367851	1.437132	0.9658763	4.950053	1.880164
2562	-6082.614	-6285.682	203.0674	0.430201	0.229222	0.277746	0.0628315	1.211127	1.175603	4.09735	2.118364
2568	-6075.056	-6277.187	202.131	0.457652	0.178449	0.314984	0.0489144	1.530432	1.160141	4.35835	2.410243
2574	-6072.766	-6274.703	201.9369	0.397418	0.286579	0.273527	0.0424764	1.272235	1.114588	4.968852	1.587085
2580	-6065.979	-6267.685	201.7054	0.296654	0.476414	0.207756	0.0191761	1.08652	0.9760932	5.271568	1.587085
2586	-6062.308	-6263.944	201.6358	0.397591	0.392974	0.205231	0.00420392	0.988992	1.008145	4.80981	2.948916
2592	-6069.279	-6271.121	201.8421	0.486293	0.357282	0.0795493	0.0768756	2.122348	1.070695	4.531172	1.866474
2598	-6065.241	-6267.994	202.7527	0.37917	0.405422	0.097115	0.118293	1.378941	1.090358	4.344525	1.866474
2604	-6075.457	-6279.262	203.8054	0.362232	0.481738	0.0927766	0.0632539	1.609232	1.25995	3.894032	1.137918
2610	-6076.876	-6279.91	203.0346	0.391913	0.393083	0.146567	0.068437	1.175585	1.139182	4.309661	1.762994
2616	-6072.539	-6273.49	200.951	0.45853	0.28992	0.17148	0.0800697	1.420061	0.9702308	5.232478	2.265972
2622	-6090.779	-6293.011	202.2312	0.483176	0.305503	0.170443	0.0408773	1.314924	1.020869	4.450452	2.508499
2628	-6063.066	-6267.165	204.099	0.331133	0.40448	0.213245	0.0511423	0.9680704	1.175405	3.998793	1.350379
2634	-6060.149	-6263.229	203.0801	0.338787	0.413829	0.218174	0.0292107	0.9518904	1.165838	4.190268	2.239491
2640	-6070.773	-6273.653	202.8807	0.264234	0.552212	0.168703	0.0148506	1.051496	1.070821	4.499383	1.770527
2646	-6073.622	-6276.507	202.8847	0.334749	0.48435	0.142571	0.0383293	0.895509	1.060912	4.499383	1.980556
2652	-6076.463	-6279.127	202.664	0.429127	0.40941	0.152633	0.00883056	1.141501	1.051091	4.499383	1.961807
2658	-6083.458	-6287.065	203.6066	0.452046	0.149472	0.381922	0.0165604	0.9869002	1.121698	4.011511	1.961304
2664	-6079.034	-6282.631	203.5973	0.443701	0.167791	0.374872	0.0136356	0.9869002	1.169479	4.011511	1.910867
2670	-6074.217	-6277.47	203.2531	0.329175	0.482424	0.184099	0.0043026	0.7619729	1.136432	4.337708	1.956678
2676	-6075.383	-6278.637	203.2542	0.295226	0.43267	0.26435	0.00775516	0.9131611	1.078887	4.441335	1.599976
2682	-6072.487	-6275.617	203.1304	0.324266	0.403797	0.246709	0.0252272	0.9131611	1.158755	4.42056	1.697837
2688	-6072.033	-6272.9	200.8666	0.441081	0.207792	0.335585	0.0155425	1.340096	1.087436	5.167947	2.493031
2694	-6083.909	-6284.702	200.7933	0.510109	0.25986	0.212056	0.0179749	1.340096	1.157835	5.155631	2.530855
2700	-6075.668	-6276.87	201.2022	0.570137	0.29044	0.052061	0.087362	1.725407	1.100194	4.826861	2.398054
2706	-6065.033	-6266.638	201.6053	0.45183	0.366996	0.0717701	0.109404	1.255128	1.100999	4.838705	2.372037
2712	-6077.34	-6278.739	201.399	0.437674	0.386829	0.0695215	0.105976	1.255128	1.062699	5.067297	2.136018
2718	-6088.158	-6289.868	201.71	0.415229	0.377632	0.0767823	0.130356	1.43711	1.105805	4.4475	3.037569
2724	-6088.867	-6291.275	202.4079	0.415229	0.377632	0.0767823	0.130356	1.43711	1.057512	4.423545	2.113458
2730	-6075.931	-6278.573	202.6418	0.398028	0.361989	0.115026	0.124956	1.472422	1.126664	4.185967	2.233063
2736	-6078.916	-6281.992	203.076	0.452015	0.267812	0.138268	0.141905	1.349527	1.146021	4.185967	1.774297
2742	-6082.977	-6287.312	204.3345	0.472525	0.336652	0.173809	0.0170132	1.491958	1.278539	3.306297	1.782612
2748	-6074.644	-6276.593	201.9481	0.581084	0.0346267	0.363367	0.0209219	2.892375	1.314795	3.814636	2.414475
2754	-6079.349	-6281.339	201.9894	0.658142	0.0375908	0.276178	0.028089	2.861441	1.225549	3.826294	2.483718
2760	-6083.451	-6285.118	201.6668	0.588191	0.0167528	0.388423	0.00663397	2.00062	1.142194	4.495371	2.21262
2766	-6081.958	-6283.807	201.8492	0.696288	0.0313789	0.257684	0.0146498	1.777354	1.170268	4.174716	3.027404
2772	-6089.446	-6291.586	202.1402	0.591441	0.201555	0.0711605	0.135843	2.130542	1.120469	4.205258	2.164952
2778	-6079.597	-6281.607	202.0093	0.562211	0.244055	0.0473826	0.146351	1.852967	1.156744	3.911133	3.475388
2784	-6085.786	-6288.164	202.3778	0.610599	0.233862	0.0454037	0.110135	2.092009	1.147793	4.147468	1.981704
2790	-6080.978	-6281.176	200.1981	0.57603	0.216128	0.103943	0.1039	2.687799	1.115005	4.481964	3.969353
2796	-6082.591	-6284.404	201.8129	0.507267	0.155604	0.268362	0.0687675	2.229641	1.247203	4.075567	2.69274
2802	-6074.752	-6276.472	201.7197	0.600587	0.150566	0.148575	0.100272	2.131714	1.141377	4.228663	2.69274
2808	-6067.226	-6268.164	200.9385	0.531477	0.296295	0.0834943	0.0887335	2.420979	1.15318	4.372372	3.209122
2814	-6075.385	-6276.976	201.5911	0.563083	0.313915	0.0789015	0.0440999	2.307462	1.174572	4.194414	2.741218
2820	-6071.964	-6274.818	202.8544	0.518387	0.343446	0.0863239	0.0518436	1.563405	1.119123	4.194414	1.833332
2826	-6070.127	-6273.356	203.229	0.365741	0.4523	0.113684	0.0682753	1.297921	1.113672	4.305665	1.433951
2832	-6077.384	-6280.14	202.7555	0.365645	0.452181	0.113654	0.0685202	1.188771	1.094533	4.305665	2.183497
2838	-6078.618	-6281.625	203.0061	0.460216	0.359999	0.14305	0.0367343	1.230646	1.159106	4.305665	1.718064
2844	-6071.099	-6273.993	202.8939	0.477884	0.196292	0.23017	0.0956542	1.254121	1.261031	3.977454	2.488503
2850	-6072.681	-6275.87	203.1883	0.413746	0.30416	0.199278	0.0828162	1.066136	1.15925	4.362769	1.566063
2856	-6067.574	-6270.535	202.9618	0.453251	0.358667	0.141269	0.0468133	1.63255	1.146504	3.885053	2.306228
2862	-6076.156	-6278.869	202.7136	0.2671	0.480781	0.189367	0.0627518	1.63255	1.110454	4.524049	1.256361
2868	-6073.231	-6276.323	203.0915	0.31188	0.474386	0.104152	0.109581	1.19182	1.242207	4.204417	1.776092
2874	-6075.938	-6279.812	203.8739	0.336566	0.424073	0.173092	0.0662682	0.9806739	1.112463	3.965982	1.740993
2880	-6082.523	-6285.654	203.1311	0.380069	0.435592	0.106129	0.0782106	1.282032	1.084313	4.4644	1.279081
2886	-6079.746	-6282.151	202.4052	0.365433	0.405059	0.216391	0.0131167	0.8555589	1.08857	4.4644	2.79056
2892	-6075.292	-6278.37	203.0782	0.29973	0.535313	0.154199	0.0107583	0.9649786	1.006328	4.663101	1.37049
2898	-6074.465	-6277.955	203.4907	0.287281	0.554557	0.147795	0.010367	1.008739	1.099176	4.30246	1.474234
2904	-6076.833	-6278.923	202.0895	0.328112	0.477442	0.127243	0.0672023	1.27486	1.093204	4.936214	1.49914
2910	-6080.485	-6283.344	202.8594	0.303108	0.441059	0.199232	0.056601	0.9928749	1.109713	4.648684	1.49914
2916	-6077.834	-6278.627	200.7929	0.30561	0.448711	0.212753	0.0329266	0.8713941	1.013918	5.397344	2.781645
2922	-6067.382	-6268.502	201.1199	0.354105	0.460873	0.155687	0.0293346	1.259918	1.027438	5.538914	1.451937
2928	-6066.861	-6268.68	201.8196	0.339819	0.44228	0.177148	0.0407537	1.379766	1.061127	4.984922	1.640048
2934	-6075.732	-6276.522	200.7899	0.347004	0.45142	0.132683	0.0688937	1.161874	1.048494	5.245914	2.708492
2940	-6076.328	-6278.763	202.4356	0.331239	0.458704	0.155549	0.0545081	1.266376	1.054518	4.721227	1.600068
2946	-6093.091	-6294.688	201.5965	0.51039	0.162462	0.243957	0.0831915	2.009253	1.074921	4.620908	2.084874
2952	-6078.931	-6280.544	201.6123	0.582728	0.224913	0.152684	0.0396759	1.980977	1.175473	4.309302	2.759862
2958	-6074.587	-6277.81	203.2225	0.478551	0.299416	0.1201	0.101932	1.411111	1.147582	3.989745	1.9558
2964	-6070.869	-6273.712	202.8427	0.488325	0.293804	0.117849	0.100022	1.415994	1.227607	3.989745	2.365162
2970	-6074.245	-6276.138	201.8929	0.430036	0.404038	0.0658327	0.100093	1.415994	1.193655	4.625416	2.166308
2976	-6076.336	-6278.568	202.2318	0.468192	0.353562	0.0692712	0.108975	1.20447	1.122366	4.625416	2.064151
2982	-6066.484	-6267.659	201.175	0.39384	0.48914	0.0448373	0.0721825	1.284013	1.02923	4.979719	2.708509
2988	-6067.985	-6269.381	201.3958	0.519375	0.314118	0.113065	0.0534422	1.805391	1.205218	4.462209	2.842453
2994	-6068.005	-6270.455	202.45	0.484895	0.225858	0.232628	0.0566187	1.364251	1.284369	3.78175	3.597002
3000	-6070.284	-6271.822	201.5372	0.488761	0.227659	0.22651	0.0570701	1.565315	1.154393	4.312179	3.482398
3006	-6069.884	-6273.034	203.15	0.50131	0.340523	0.099631	0.0585354	1.734017	1.147979	4.00597	1.665809
3012	-6059.91	-6262.94	203.0303	0.454617	0.391486	0.121867	0.0320302	1.588879	1.271538	3.820385	2.24279
3018	-6067.9	-6272.578	204.6784	0.291072	0.549479	0.133879	0.02557	1.040344	1.194402	3.820385	0.9737902
3024	-6083.435	-6286.32	202.8847	0.386176	0.32045	0.266286	0.0270878	1.378351	1.070599	4.34327	1.728278
3030	-6068.908	-6271.483	202.5756	0.555638	0.156355	0.240423	0.0475838	1.540298	1.170665	4.302824	1.904734
3036	-6072.731	-6276.079	203.3478	0.297248	0.45396	0.207687	0.0411048	1.144914	1.126168	4.1389	1.800968
3042	-6069.106	-6272.585	203.4787	0.357855	0.466148	0.167909	0.00808689	1.062187	1.105111	4.1389	1.763834
3048	-6070.319	-6272.676	202.3566	0.354257	0.461461	0.166221	0.0180602	1.293958	1.081003	4.661392	1.763834
3054	-6080.962	-6283.558	202.5953	0.338444	0.333336	0.305935	0.0222859	1.140947	1.093226	4.921936	1.1119
3060	-6073.845	-6277.406	203.562	0.331316	0.489105	0.171146	0.00843249	1.133248	1.14751	4.071212	1.670243
3066	-6075.164	-6277.004	201.8398	0.230552	0.561829	0.196593	0.0110259	1.092593	1.004148	5.321364	1.292705
3072	-6076.185	-6278.734	202.5492	0.23377	0.597483	0.161153	0.00759328	0.6764166	0.981953	5.321364	1.020505
3078	-6076.144	-6280.299	204.1548	0.245971	0.568982	0.166887	0.0181609	0.7519032	1.085982	4.322642	1.020505
3084	-6070.59	-6273.114	202.5242	0.272073	0.478229	0.196141	0.0535574	0.8568645	1.092276	5.06015	1.224567
3090	-6085.25	-6287.911	202.6609	0.499743	0.0858824	0.371583	0.0427913	1.26033	1.027296	4.384788	2.120932
3096	-6082.99	-6284.781	201.7904	0.550287	0.132223	0.263322	0.054168	1.526966	1.143237	4.675419	2.120932
3102	-6073.964	-6276.602	202.6381	0.494601	0.149088	0.340779	0.0155325	1.824715	1.185777	4.045407	2.094709
3108	-6094.65	-6294.536	199.8855	0.452131	0.155815	0.356155	0.0358993	2.228692	1.121045	4.586239	4.883529
3114	-6078.235	-6280.56	202.3249	0.524766	0.29066	0.128813	0.0557612	1.482716	1.198921	4.160601	2.648344
3120	-6071.641	-6272.9	201.2598	0.673244	0.123626	0.131592	0.0715382	2.659949	1.223452	4.160601	2.912837
3126	-6080.992	-6281.336	200.3437	0.741263	0.0537059	0.136889	0.0681412	2.328632	1.138989	4.448761	4.229104
3132	-6091.495	-6292.085	200.5905	0.672379	0.0604316	0.20538	0.061809	2.351202	1.022736	4.711339	3.076528
3138	-6067.854	-6268.824	200.9695	0.651514	0.0559823	0.199006	0.0934975	2.351202	0.977924	4.737806	2.469066
3144	-6066.088	-6267.32	201.2319	0.670253	0.060254	0.20473	0.0647632	2.283697	1.024566	4.65573	2.300131
3150	-6064.652	-6266.973	202.3213	0.531801	0.283251	0.119698	0.0652502	1.896725	1.102943	4.198253	2.198124
3156	-6059.066	-6261.527	202.4609	0.50024	0.319914	0.11812	0.0617255	1.852565	1.144915	4.186653	2.024405
3162	-6061.745	-6263.543	201.7987	0.50024	0.319914	0.11812	0.0617255	1.843932	1.16871	4.549269	2.028376
3168	-6062.854	-6264.712	201.8574	0.394457	0.569455	0.0131588	0.0229292	1.843932	1.152464	4.444488	2.226132
3174	-6064.977	-6268.868	203.8912	0.310559	0.608961	0.0557524	0.024728	0.8610055	1.24332	3.939635	1.765904
3180	-6076.84	-6281.319	204.4783	0.527892	0.323827	0.106577	0.0417039	1.053659	1.35535	3.094555	2.530367
3186	-6066.835	-6270.555	203.72	0.588072	0.237692	0.0719985	0.102238	1.956838	1.241326	3.304241	2.15003
3192	-6075.302	-6278.798	203.4956	0.566703	0.287635	0.0219432	0.123719	1.865573	1.379626	3.441518	2.04427
3198	-6070.574	-6272.855	202.2805	0.522345	0.414553	0.0347727	0.0283299	2.518111	1.24636	3.62518	2.883345
3204	-6066.378	-6269.584	203.2058	0.501192	0.355321	0.0751735	0.0683141	1.67889	1.224449	3.870263	1.852341
3210	-6077.724	-6281.376	203.6515	0.48868	0.330822	0.0945631	0.0859343	1.567551	1.266587	3.350602	2.550833
3216	-6069.446	-6273.592	204.1455	0.379778	0.470618	0.0457294	0.103875	1.113373	1.271494	3.601064	1.831201
3222	-6075.768	-6278.198	202.4302	0.300277	0.578057	0.0863202	0.0353459	0.9591094	1.076823	5.054855	1.239816
3228	-6070.692	-6271.826	201.1346	0.313824	0.571374	0.0716907	0.0431116	1.357893	1.11481	5.254377	1.844606
3234	-6070.668	-6273.426	202.7586	0.45174	0.388467	0.0976852	0.0621074	1.589387	1.2283	3.998146	2.249093
3240	-6075.016	-6277.756	202.7395	0.41404	0.41735	0.103075	0.0655342	1.570413	1.156976	4.058867	2.249093
3246	-6062.825	-6266.189	203.3645	0.494654	0.247719	0.123144	0.134484	1.322706	1.149696	4.058867	1.718885
3252	-6068.766	-6272.414	203.6487	0.226672	0.608256	0.0972542	0.0678174	0.9175795	1.103852	4.38447	1.234719
3258	-6072.576	-6276.904	204.3281	0.168518	0.692577	0.116294	0.0226111	0.5450107	1.0416	4.38447	0.9999247
3264	-6088.144	-6292.79	204.6451	0.268006	0.517281	0.163441	0.0512716	0.5259602	1.146834	4.38447	0.6128409
3270	-6073.222	-6277.361	204.1385	0.260222	0.563514	0.135199	0.0410651	1.145841	1.265812	3.97304	1.074068
3276	-6060.189	-6263.37	203.1816	0.222249	0.627209	0.11547	0.0350726	0.8550949	1.107322	4.631577	1.330933
3282	-6082.049	-6284.937	202.888	0.212593	0.624848	0.0799028	0.0826562	0.7755795	1.140726	4.631577	1.732194
3288	-6070.724	-6272.873	202.1493	0.277294	0.560968	0.0925322	0.0692058	0.9101168	1.036281	5.185575	1.388356
3294	-6075.308	-6277.618	202.3102	0.354679	0.493015	0.118355	0.033951	1.503888	1.094465	4.565109	1.78642
3300	-6068.787	-6271.855	203.0679	0.273091	0.41332	0.274376	0.0392137	0.8709386	1.028101	4.565109	1.67287
3306	-6081.318	-6286.328	205.0095	0.285221	0.393676	0.286564	0.0345391	0.9648824	1.133757	3.579966	1.200079
3312	-6074.672	-6279.009	204.3365	0.234919	0.543236	0.174184	0.0476607	0.7384678	1.140964	3.73355	1.950323
3318	-6069.764	-6273.541	203.7771	0.312144	0.481062	0.162366	0.044427	0.8820341	1.278741	3.847655	2.048138
3324	-6069.875	-6273.66	203.7852	0.319418	0.482132	0.155816	0.0426347	0.8580401	1.15783	4.058164	1.749853
3330	-6078.063	-6282.08	204.0173	0.377766	0.399357	0.204835	0.0180429	1.112684	1.199758	3.566751	2.177022
3336	-6092.173	-6295.892	203.7187	0.299135	0.489711	0.19406	0.0170939	1.417614	1.021945	4.290338	0.9296563
3342	-6073.938	-6277.319	203.3806	0.3178	0.520268	0.155205	0.00672716	0.9149588	1.047244	4.300422	1.787505
3348	-6073.811	-6276.463	202.6519	0.312335	0.490702	0.191196	0.0057672	1.181113	1.073519	4.54844	1.787505
3354	-6067.08	-6270.817	203.7374	0.429633	0.362306	0.189452	0.0186091	0.9879211	1.167079	3.986927	1.788451
3360	-6071.968	-6276.493	204.5247	0.392925	0.343849	0.245564	0.0176611	0.9879211	1.160778	3.515008	1.835164
3366	-6063.895	-6267.627	203.7322	0.463415	0.226137	0.289618	0.0208294	1.241434	1.233602	3.578736	2.330695
3372	-6069.716	-6274.554	204.8385	0.413634	0.342311	0.233082	0.0109731	1.067568	1.327619	3.204298	1.796029
3378	-6064.459	-6268.32	203.8602	0.444292	0.362246	0.124036	0.0694261	1.031854	1.370477	3.280752	3.025745
3384	-6078.059	-6280.173	202.1142	0.357123	0.452868	0.154685	0.0353235	1.281489	0.9651084	5.051468	1.373784
3390	-6079.224	-6281.815	202.5906	0.322412	0.47542	0.143912	0.0582555	0.9725982	1.052114	4.544662	2.175945
3396	-6074.484	-6276.73	202.2467	0.377147	0.41618	0.138528	0.0681452	1.061284	1.114074	4.544662	2.454591
3402	-6075.024	-6277.955	202.9317	0.398852	0.451423	0.0806451	0.0690797	1.027934	1.079161	4.725317	1.260151
3408	-6074.003	-6276.373	202.3703	0.441196	0.317274	0.16271	0.0788201	1.33269	1.157129	4.518711	1.928855
3414	-6071.289	-6274.216	202.9271	0.516322	0.254821	0.190415	0.0384418	1.376733	1.070142	4.332003	1.702916
3420	-6064.889	-6265.969	201.0802	0.457502	0.227453	0.262125	0.052919	1.548629	1.014654	5.183951	1.994667
3426	-6074.055	-6274.958	200.9033	0.457502	0.227453	0.262125	0.052919	1.22366	0.992462	5.453861	1.994667
3432	-6061.827	-6264.353	202.5265	0.441257	0.344512	0.178246	0.035985	1.229174	1.137438	4.473591	1.980284
3438	-6068.236	-6272.083	203.8472	0.454492	0.338649	0.195358	0.0115016	0.8959075	1.110973	3.949148	1.923982
3444	-6069.984	-6272.83	202.8455	0.452025	0.368866	0.172995	0.00611423	1.292621	1.137597	4.227457	2.057494
3450	-6082.712	-6283.551	200.839	0.590525	0.025395	0.289339	0.0947407	2.438004	1.130112	4.522287	2.946067
3456	-6064.183	-6265.36	201.1768	0.644303	0.0277077	0.315689	0.0123	1.879254	1.07108	4.716285	2.594308
3462	-6075.63	-6277.005	201.375	0.671194	0.00397139	0.313867	0.0109676	2.828013	1.030594	4.310131	2.456004
3468	-6080.03	-6280.699	200.6693	0.537832	0.0960201	0.34708	0.0190677	2.347446	0.9834561	4.918039	2.430753
3474	-6077.412	-6278.54	201.1275	0.500753	0.0858268	0.40679	0.00663004	2.066889	0.995106	4.767611	2.430753
3480	-6076.837	-6277.888	201.0515	0.489214	0.0838491	0.421743	0.0051942	2.438862	1.036712	4.614051	2.499828
3486	-6081.238	-6283.112	201.8736	0.426317	0.344653	0.224813	0.00421693	1.46373	1.018242	4.995621	1.516142
3492	-6093.638	-6294.796	201.1577	0.479002	0.339896	0.177664	0.00343758	1.46373	1.08443	4.995621	2.364212
3498	-6085.136	-6286.506	201.37	0.53336	0.264987	0.197826	0.00382768	1.46373	1.103738	4.697141	2.83
3504	-6087.496	-6291.109	203.613	0.530113	0.263373	0.196621	0.00989292	1.250184	1.231736	3.705334	2.180902
3510	-6095.561	-6298.295	202.7337	0.427642	0.342299	0.223533	0.0065263	1.353523	1.169437	4.00055	2.672798
3516	-6092.615	-6294.808	202.1931	0.434474	0.340542	0.217544	0.00744019	0.9347643	1.242171	4.825711	1.83438
3522	-6081.462	-6284.593	203.1307	0.435971	0.41523	0.139207	0.00959108	1.603664	1.175285	4.220288	1.343926
3528	-6074.958	-6277.421	202.4634	0.372043	0.46202	0.0919088	0.0740276	1.571687	1.13772	4.154247	2.432704
3534	-6092.215	-6293.984	201.7692	0.393363	0.488496	0.039872	0.0782696	1.796631	1.192663	4.04788	3.492552
3540	-6080.877	-6284.343	203.4662	0.415835	0.432749	0.0686747	0.082741	1.74724	1.169702	3.705392	1.884692
3546	-6075.861	-6277.702	201.8409	0.453196	0.338868	0.117761	0.090175	1.600306	1.17106	3.855644	4.370772
3552	-6060.426	-6262.315	201.8893	0.43575	0.365174	0.104654	0.0944222	1.438757	1.189994	4.580529	2.260821
3558	-6066.97	-6267.959	200.9896	0.500224	0.220684	0.161195	0.117896	2.101963	1.055043	4.862144	2.260821
3564	-6079.242	-6280.807	201.5643	0.58226	0.109874	0.241172	0.0666942	2.101963	1.137957	4.364835	2.599357
3570	-6073.516	-6274.818	201.3016	0.561289	0.141934	0.232485	0.0642921	2.018918	1.244783	4.364835	2.945609
3576	-6074.943	-6277.141	202.1982	0.554033	0.195828	0.190344	0.0597946	1.70464	1.195937	4.20543	2.442611
3582	-6079.21	-6283.437	204.2272	0.121316	0.719822	0.11383	0.0450316	0.5602573	1.111089	4.611037	0.6276522
3588	-6072.279	-6277.363	205.0841	0.169466	0.672603	0.113163	0.0447678	0.6928596	1.200945	3.972982	0.6662382
3594	-6084.175	-6287.729	203.5545	0.232187	0.557297	0.0897757	0.12074	0.907839	1.200179	4.451469	1.117918
3600	-6083.183	-6288.427	205.2442	0.158425	0.614404	0.144787	0.0823832	0.6885738	1.262073	3.736127	0.8521265
3606	-6085.141	-6289.88	204.7387	0.267252	0.561774	0.0959241	0.0750498	0.6774613	1.28166	4.006927	0.8772484
3612	-6079.913	-6284.427	204.514	0.262064	0.550868	0.113476	0.0735928	0.7162145	1.26217	3.856275	1.359653
3618	-6092.029	-6297.568	205.5388	0.224052	0.559203	0.0970163	0.119729	0.7377117	1.272313	3.415583	1.04401
3624	-6093.983	-6294.922	200.9396	0.655434	0.0747535	0.240911	0.028902	2.176906	1.076057	4.668475	2.743264
3630	-6086.141	-6290.109	203.9677	0.439577	0.377044	0.162249	0.02113	1.048851	1.13324	3.829949	1.809489
3636	-6074.046	-6276.386	202.3407	0.419847	0.385938	0.166076	0.0281399	1.421354	1.066512	4.242122	2.689941
3642	-6073.195	-6275.297	202.1018	0.464688	0.2714	0.237319	0.0265923	1.02428	1.098704	4.62841	2.525992
3648	-6068.19	-6270.152	201.9622	0.49597	0.336692	0.140495	0.0268426	1.168807	1.113479	4.529784	2.774317
3654	-6072.513	-6275.223	202.7097	0.473996	0.321775	0.162738	0.0414906	1.676409	1.12479	4.204138	1.868771
3660	-6074.311	-6276.509	202.198	0.528186	0.288625	0.145972	0.0372161	1.676409	1.189507	4.26448	2.333546
3666	-6078.073	-6280.864	202.7911	0.481821	0.339533	0.131105	0.0475414	1.639723	1.095717	4.26448	1.707079
3672	-6075.491	-6276.813	201.3213	0.317996	0.54814	0.102488	0.0313767	1.135736	0.9523739	5.290135	1.998042
3678	-6085.662	-6286.991	201.3295	0.313954	0.521042	0.101185	0.0638188	0.9208368	0.9962172	5.225947	2.385137
3684	-6093.369	-6296.583	203.2146	0.605538	0.178738	0.178216	0.0375075	1.806422	1.214627	3.769447	1.947878
3690	-6070.455	-6273.451	202.996	0.558059	0.260358	0.104598	0.0769856	1.806422	1.265819	3.697439	2.351433
3696	-6084.861	-6288.152	203.2911	0.544823	0.277554	0.102117	0.0755062	1.82775	1.348157	3.292043	2.810746
3702	-6067.626	-6269.234	201.6085	0.536314	0.27322	0.100022	0.0904436	1.492216	1.14321	4.534106	2.810746
3708	-6071.114	-6272.86	201.7464	0.580165	0.20162	0.136961	0.0812539	1.676605	1.11836	4.34447	2.921838
3714	-6065.817	-6267.793	201.9758	0.518508	0.337276	0.0715975	0.0726186	1.832154	1.108437	4.295895	2.514853
3720	-6073.525	-6275.368	201.8432	0.530034	0.344773	0.0509603	0.0742328	1.906598	1.183131	4.295895	2.514853
3726	-6067.094	-6270.171	203.0775	0.518673	0.27061	0.194007	0.0167101	1.541756	1.06827	4.010523	2.055046
3732	-6082.559	-6283.357	200.7977	0.519561	0.271073	0.192627	0.0167388	1.805895	1.167097	4.755508	3.028587
3738	-6065.986	-6268.223	202.2369	0.506365	0.217463	0.259858	0.0163136	1.677069	1.217822	4.245758	2.283682
3744	-6085.682	-6287.672	201.99	0.516089	0.175079	0.292275	0.0165568	1.849669	1.098232	4.299651	2.478361
3750	-6071.772	-6274.701	202.9295	0.49575	0.185407	0.309517	0.00932639	1.167766	1.237192	4.021006	2.478361
3756	-6075.143	-6276.914	201.7715	0.522606	0.2758	0.16454	0.0370537	1.350465	1.173443	4.348841	3.248546
3762	-6085.706	-6287.582	201.8766	0.546688	0.190948	0.223215	0.0391492	1.422848	1.176087	4.536476	2.433344
3768	-6086.345	-6288.438	202.0931	0.421221	0.376629	0.171986	0.0301643	1.071333	1.131217	4.536476	2.669598
3774	-6089.801	-6292.249	202.4478	0.450565	0.355154	0.16218	0.0321013	1.417557	1.115711	4.434357	1.978697
3780	-6081.915	-6283.93	202.0148	0.367025	0.321944	0.291331	0.0196994	0.8914152	1.149614	5.085992	1.644754
3786	-6073.531	-6274.408	200.8773	0.341198	0.510845	0.11665	0.0313066	1.210803	0.9589497	5.509211	1.956361
3792	-6073.211	-6275.963	202.7517	0.440504	0.354115	0.150602	0.0547785	1.344455	1.069527	4.428298	1.745541
3798	-6068.338	-6270.812	202.4744	0.395846	0.426191	0.121355	0.0566078	1.021353	1.068703	4.737786	1.786928
3804	-6082.929	-6287.227	204.298	0.415032	0.371367	0.127237	0.0863641	1.355213	1.338767	3.361261	1.786928
3810	-6080.97	-6281.991	201.0209	0.415032	0.371367	0.127237	0.0863641	1.355213	1.030053	5.390347	1.786928
3816	-6083.08	-6286.471	203.3909	0.42807	0.284612	0.195463	0.0918552	1.219589	1.242361	4.144934	1.509202
3822	-6079.87	-6281.988	202.1178	0.439788	0.341991	0.199762	0.0184602	1.91237	1.081254	4.498223	1.77691
3828	-6067.816	-6270.31	202.4931	0.499719	0.184549	0.286687	0.0290455	1.42529	1.132585	4.205641	2.449456
3834	-6086.06	-6288.157	202.0968	0.574471	0.125053	0.231195	0.0692808	1.766434	1.139457	4.062489	3.009067
3840	-6070.292	-6272.483	202.1917	0.510134	0.367093	0.0805745	0.0421984	1.838623	1.146046	4.239855	2.280648
3846	-6077.504	-6279.121	201.6175	0.599364	0.25451	0.0967274	0.0493983	1.902915	1.012562	4.6106	2.280648
3852	-6080.273	-6281.635	201.3611	0.583472	0.274277	0.0941626	0.0480885	2.105105	1.121959	4.628012	2.229894
3858	-6080.752	-6281.465	200.7132	0.750833	0.02999	0.121172	0.0980053	2.29139	1.127784	4.628012	3.013405
3864	-6075.069	-6276.643	201.5745	0.579802	0.24861	0.0722838	0.0993039	2.269562	1.207179	3.663096	4.480487
3870	-6079.778	-6281.05	201.2719	0.579802	0.24861	0.0722838	0.0993039	2.529887	1.07652	4.20562	3.148481
3876	-6076.34	-6278.223	201.8839	0.527785	0.307927	0.0794252	0.0848626	2.08104	1.18891	4.406216	1.986937
3882	-6086.536	-6288.288	201.752	0.449036	0.216609	0.313423	0.0209319	1.833202	1.244028	4.55396	1.990304
3888	-6082.278	-6284.091	201.8127	0.520319	0.287527	0.181604	0.010551	1.624018	1.144548	4.703613	1.912584
3894	-6062.838	-6264.522	201.6846	0.545328	0.239599	0.190332	0.0247406	1.609959	1.073884	4.504929	2.723265
3900	-6075.454	-6277.943	202.4895	0.420036	0.354061	0.148477	0.0774264	1.609959	1.127387	4.210203	2.221269
3906	-6062.245	-6264.007	201.7619	0.498017	0.282985	0.135164	0.0838332	1.501226	1.048688	4.932394	1.710711
3912	-6066.526	-6268.565	202.0387	0.473632	0.250634	0.151775	0.12396	2.052383	1.09503	4.361761	2.039001
3918	-6073.258	-6275.599	202.3409	0.488124	0.220373	0.234443	0.0570603	1.600964	1.234996	4.066072	2.668941
3924	-6076.763	-6280.971	204.2081	0.518161	0.322106	0.134837	0.0248971	1.746444	1.300039	3.180072	1.918564
3930	-6058.888	-6262.849	203.9605	0.468428	0.335218	0.185624	0.0107308	1.316725	1.299437	3.54188	1.918564
3936	-6073.329	-6276.483	203.154	0.455043	0.32564	0.181027	0.0382902	1.826206	1.197646	3.818018	1.918564
3942	-6079.233	-6280.257	201.0241	0.552292	0.19837	0.212606	0.0367315	1.812873	1.066661	4.833956	2.591777
3948	-6080.703	-6281.591	200.8879	0.549441	0.197346	0.216671	0.0365419	1.559745	1.090594	5.011648	2.591777
3954	-6069.294	-6270.383	201.0894	0.539006	0.197032	0.217681	0.0462802	2.303804	1.180998	4.685259	2.185928
3960	-6054.774	-6258.094	203.3207	0.385568	0.365536	0.232478	0.0164181	1.278051	1.175248	4.100833	1.700961
3966	-6067.619	-6270.022	202.4029	0.385568	0.365536	0.232478	0.0164181	1.405083	1.144372	4.640324	1.554709
3972	-6066.057	-6268.792	202.7355	0.382863	0.367174	0.237786	0.0121769	1.545316	1.212863	4.2199	1.827647
3978	-6068.319	-6271.354	203.0345	0.36409	0.472746	0.153657	0.00950604	1.634139	1.174707	4.029055	1.827647
3984	-6089.726	-6291.97	202.2442	0.430153	0.260472	0.20075	0.108625	1.398668	1.166343	4.247091	2.702508
3990	-6084.785	-6286.363	201.5779	0.453555	0.354742	0.124394	0.0673093	1.398668	1.166343	4.718522	2.441028
3996	-6078.977	-6281.199	202.2216	0.322253	0.610883	0.0190403	0.0478236	1.05719	1.199508	4.518138	2.441028
4002	-6073.215	-6277.019	203.8033	0.419316	0.357095	0.161361	0.0622281	0.9434796	1.157516	4.066101	1.604338
4008	-6073.944	-6276.597	202.6539	0.424121	0.361187	0.151751	0.0629412	1.237027	1.252969	4.175147	2.36593
4014	-6074.182	-6276.603	202.4205	0.528543	0.256558	0.151621	0.0632789	1.543454	1.171571	4.280959	2.159905
4020	-6085.772	-6289.562	203.7907	0.52781	0.257589	0.15141	0.0631912	1.543454	1.308065	3.539971	1.872976
4026	-6063.912	-6268.039	204.1272	0.351978	0.516911	0.124623	0.00648814	1.256244	1.25486	3.539971	1.837057
4032	-6077.504	-6280.45	202.9466	0.466351	0.372111	0.146512	0.0150259	1.236865	1.192428	3.909138	2.721089
4038	-6074.258	-6277.709	203.4518	0.480584	0.300318	0.208658	0.01044	1.305173	1.23356	3.852785	1.980885
4044	-6072.067	-6274.829	202.7616	0.450291	0.328443	0.210723	0.0105433	1.62736	1.231615	3.842249	2.594184
4050	-6082.284	-6282.863	200.5794	0.466844	0.438152	0.0859273	0.00907631	2.777184	1.031268	4.852233	2.25391
4056	-6084.451	-6285.689	201.2376	0.393597	0.425399	0.0545861	0.126419	1.557645	1.091179	4.970252	2.190458
4062	-6083.68	-6286.727	203.0471	0.349033	0.532576	0.0206227	0.0977684	1.410821	1.204143	4.070442	1.926665
4068	-6088.588	-6290.371	201.7827	0.495172	0.417595	0.024153	0.0630806	1.35207	1.089442	4.661667	2.463814
4074	-6087.63	-6291.113	203.483	0.332995	0.587351	0.045501	0.0341537	1.425919	1.238894	3.982207	1.519837
4080	-6096.483	-6300.381	203.898	0.745496	0.0112405	0.17457	0.0686938	2.345818	1.289224	2.73282	2.815826
4086	-6110.494	-6313.119	202.625	0.778709	0.0168951	0.146678	0.0577183	2.554857	1.358052	2.835155	4.490106
4092	-6096.253	-6299.517	203.2639	0.34415	0.436291	0.155787	0.0637721	1.060054	1.200005	4.177113	1.83301
4098	-6098.111	-6302.447	204.3357	0.339129	0.399905	0.198125	0.0628417	1.201205	1.250743	3.517956	1.693119
4104	-6090.023	-6293.879	203.8558	0.355379	0.465331	0.117224	0.0620657	1.109377	1.286135	3.443066	2.602054
4110	-6086.816	-6290.972	204.1566	0.323433	0.503028	0.126721	0.0468173	1.268221	1.235349	3.458114	1.992436
4116	-6094.907	-6297.946	203.0389	0.493256	0.341313	0.0767172	0.0887139	1.17373	1.11231	4.222652	1.992436
4122	-6085.354	-6286.285	200.9309	0.543248	0.136952	0.246923	0.0728773	1.595126	1.061826	5.0013	2.552897
4128	-6078.599	-6279.867	201.2684	0.616618	0.132001	0.193616	0.0577653	1.47777	1.055475	4.872786	2.552897
4134	-6070.937	-6271.76	200.8228	0.616618	0.132001	0.193616	0.0577653	2.157997	1.129966	4.511851	3.341649
4140	-6076.867	-6279.137	202.2699	0.579231	0.123997	0.146687	0.150084	1.598142	1.136069	4.055838	2.975388
4146	-6083.7	-6284.886	201.1864	0.458679	0.402437	0.101408	0.037475	1.598142	1.009342	5.222891	1.721448
4152	-6075.629	-6277.446	201.8162	0.450749	0.402483	0.137284	0.0094839	1.31008	1.042713	4.809246	2.158098
4158	-6073.713	-6277.315	203.6019	0.364525	0.356674	0.261347	0.0174534	0.756273	1.032935	4.283338	1.772787
4164	-6070.36	-6273.036	202.6764	0.364567	0.387976	0.182837	0.0646202	0.8939563	1.025287	4.738772	1.747545
4170	-6067.743	-6269.235	201.4916	0.470345	0.299728	0.202543	0.0273843	1.457746	1.112076	4.959523	1.960346
4176	-6060.021	-6262.896	202.8758	0.356821	0.369958	0.250002	0.0232193	1.207395	1.15055	4.188461	2.201462
4182	-6061.705	-6265.444	203.7387	0.299544	0.516166	0.173558	0.010732	0.9699982	1.15055	4.098601	1.589616
4188	-6065.432	-6270.394	204.9623	0.265097	0.563523	0.1536	0.0177796	0.9039574	1.251534	3.726394	0.9336659
4194	-6059.712	-6263.955	204.2429	0.381341	0.362612	0.230471	0.0255758	0.9039574	1.190152	3.865626	1.50823
4200	-6063.315	-6264.889	201.574	0.48591	0.23664	0.230854	0.0465961	1.341702	1.054499	5.205422	1.50823
4206	-6076.049	-6278.257	202.2075	0.392789	0.312516	0.245202	0.0494921	1.339891	1.021432	4.873013	1.50823
4212	-6081.31	-6284.128	202.8181	0.489865	0.177336	0.305803	0.0269964	1.607932	1.1247	4.235051	1.734847
4218	-6085.313	-6288.057	202.744	0.531803	0.065702	0.369845	0.0326501	1.356941	1.208151	4.307912	1.834901
4224	-6075.134	-6276.484	201.3502	0.559383	0.0691095	0.337164	0.0343434	1.356941	1.078425	4.829214	2.676582
4230	-6078.217	-6279.146	200.929	0.591136	0.131573	0.256538	0.0207532	1.98406	1.047383	4.837612	2.554625
4236	-6070.886	-6272.164	201.2781	0.536006	0.0972622	0.347652	0.0190796	1.667083	1.038007	4.903076	2.249664
4242	-6062.91	-6263.446	200.536	0.563546	0.0508802	0.365514	0.0200599	1.573381	1.08955	5.071429	2.96452
4248	-6065.618	-6267.167	201.5486	0.542278	0.0866992	0.35172	0.0193028	1.573381	1.117536	4.215592	3.839163
4254	-6071.252	-6271.729	200.4771	0.575668	0.0927404	0.289427	0.0421641	1.351083	0.9824491	4.973132	3.9385
4260	-6074.614	-6275.275	200.6607	0.556935	0.080389	0.314207	0.0484687	2.016248	1.007844	4.84528	2.984404
4266	-6087.743	-6289.444	201.7012	0.5438	0.108606	0.328635	0.0189595	1.828776	1.128326	4.542278	2.252142
4272	-6077.027	-6278.82	201.7925	0.512922	0.102439	0.309975	0.0746639	1.828776	1.128747	4.358079	2.599539
4278	-6064.944	-6266.179	201.235	0.622886	0.0987016	0.150123	0.128289	2.405281	1.109748	4.527897	2.380701
4284	-6062.441	-6263.931	201.4901	0.612567	0.142734	0.147636	0.0970624	2.405281	1.185876	3.851944	3.835454
4290	-6074.356	-6275.225	200.8698	0.52152	0.331062	0.0954163	0.0520026	1.609796	1.086968	4.893573	2.895703
4296	-6074.68	-6276.424	201.7435	0.559153	0.097476	0.257179	0.0861914	2.200163	1.238987	4.059498	2.895703
4302	-6075.916	-6277.54	201.6238	0.510297	0.209893	0.234708	0.0451015	1.734109	1.158737	4.415609	2.775164
4308	-6065.017	-6267.05	202.033	0.470825	0.266788	0.216553	0.0458331	1.307526	1.092906	4.81919	1.785065
4314	-6072.919	-6276.549	203.6302	0.444739	0.326472	0.201794	0.0269948	1.581308	1.275135	3.493027	2.19774
4320	-6084.074	-6284.72	200.6457	0.306755	0.463452	0.205157	0.024637	0.9107638	0.9990552	5.657652	2.251573
4326	-6099.697	-6300.921	201.2242	0.523051	0.270741	0.124037	0.0821706	1.4353	1.006378	5.237131	1.820611
4332	-6088.116	-6290.545	202.4291	0.459699	0.337454	0.137545	0.065303	1.632283	1.180228	4.465536	1.619113
4338	-6089.364	-6291.641	202.2771	0.305698	0.572356	0.0636798	0.0582658	1.303217	1.061231	4.696455	1.799274
4344	-6085.231	-6287.605	202.3739	0.309597	0.579656	0.0565724	0.0541746	1.303217	1.087497	4.771732	1.487975
4350	-6066.231	-6269.655	203.4243	0.313403	0.586781	0.0389791	0.0608364	1.04794	1.160287	4.265574	1.510628
4356	-6077.891	-6280.796	202.9053	0.451239	0.434854	0.0807847	0.0331223	1.82027	1.131346	4.100257	1.699117
4362	-6074.938	-6276.921	201.9826	0.349294	0.510736	0.102408	0.0375621	1.244188	1.074673	5.009614	1.524451
4368	-6064.254	-6266.848	202.5934	0.32743	0.478766	0.158593	0.0352109	1.017822	1.074673	4.876653	1.349503
4374	-6066.778	-6269.318	202.5401	0.262678	0.590162	0.127229	0.0199305	0.8035997	1.031738	5.069845	1.313999
4380	-6065.345	-6269.57	204.2256	0.320274	0.476622	0.187008	0.0160961	0.8156624	1.097025	4.079501	1.313999
4386	-6070.327	-6273.879	203.5523	0.319334	0.567214	0.0948713	0.0185801	1.013817	1.164989	4.104187	1.733256
4392	-6083.84	-6286.689	202.8487	0.304956	0.459445	0.22052	0.0150785	0.9768255	1.212298	4.104187	2.703434
4398	-6081.494	-6283.993	202.4986	0.479821	0.360959	0.128749	0.0304703	1.338521	1.216833	4.104187	2.703434
4404	-6065.911	-6270.548	204.6368	0.361832	0.5393	0.0850435	0.0138247	0.8894898	1.209408	3.718242	1.346671
4410	-6074.528	-6277.67	203.1422	0.348711	0.471867	0.159293	0.0201294	0.9326717	1.133865	4.335232	1.879364
4416	-6067.049	-6269.538	202.4892	0.340594	0.558658	0.0410139	0.0597336	1.54946	1.133865	4.374174	1.890671
4422	-6072.13	-6273.598	201.4678	0.316412	0.563072	0.0805101	0.0400053	1.155719	1.096738	4.872709	2.634059
4428	-6069.95	-6270.669	200.7194	0.57259	0.305446	0.0894884	0.0324752	1.775485	1.077126	5.034463	2.53611
4434	-6083.169	-6286.556	203.3862	0.489964	0.296091	0.192588	0.0213574	2.101431	1.240893	3.551683	1.887669
4440	-6072.299	-6275.352	203.0531	0.478276	0.354075	0.141116	0.0265335	2.027292	1.248232	3.551683	2.413158
4446	-6069.098	-6272.394	203.2962	0.510137	0.281344	0.150516	0.0580025	1.714646	1.248232	3.551683	2.413158
4452	-6071.862	-6274.036	202.1737	0.592799	0.140871	0.174906	0.0914243	2.277737	1.216874	4.192964	1.879493
4458	-6067.34	-6270.302	202.9623	0.552205	0.251234	0.162928	0.0336329	2.097314	1.260114	3.533109	2.501021
4464	-6065.714	-6268.856	203.142	0.47939	0.328223	0.15079	0.0415972	1.83782	1.292821	3.523943	2.501021
4470	-6071.811	-6274.124	202.3125	0.603288	0.267515	0.0534946	0.0757025	2.703632	1.245813	3.586129	2.747166
4476	-6078.379	-6280.539	202.1598	0.73985	0.0934662	0.0341425	0.132541	2.873132	1.244929	3.689694	2.543852
4482	-6082.576	-6283.131	200.5548	0.725926	0.0917071	0.0468247	0.135543	2.618662	1.184408	4.337788	3.724203
4488	-6075.399	-6276.157	200.7581	0.688919	0.06891	0.0561478	0.186023	2.397973	1.110924	4.530194	3.136781
4494	-6074.983	-6275.696	200.713	0.541304	0.217144	0.095388	0.146164	2.397973	1.19417	4.39318	3.50093
4500	-6082.771	-6285.467	202.6958	0.520639	0.271833	0.0592444	0.148283	1.802172	1.277458	3.83317	2.434351
4506	-6077.819	-6279.173	201.3538	0.471798	0.277681	0.082161	0.16836	1.802172	1.087443	4.379251	3.369777
4512	-6065.774	-6266.428	200.6533	0.525346	0.248005	0.141352	0.0852976	2.141942	1.1586	4.719453	2.966947
4518	-6070.902	-6274.739	203.8379	0.593718	0.123334	0.230554	0.052394	1.600183	1.334344	3.310944	2.236928
4524	-6078.337	-6279.836	201.4993	0.653122	0.114823	0.168339	0.0637155	1.878331	1.140553	4.194907	3.491896
4530	-6085.636	-6286.595	200.9591	0.689256	0.134798	0.13428	0.0416655	2.066967	1.258174	4.359703	3.471249
4536	-6079.431	-6282.965	203.534	0.383054	0.358317	0.206152	0.0524771	1.123542	1.176894	3.825888	2.243697
4542	-6090.823	-6292.498	201.6752	0.391281	0.409368	0.195669	0.00368289	1.368884	1.039015	4.682987	2.622763
4548	-6081.062	-6282.397	201.3346	0.391993	0.410113	0.196025	0.00186949	0.9904585	1.022014	5.407592	1.799571
4554	-6075.946	-6279.305	203.3585	0.389042	0.407026	0.20259	0.00134158	1.073946	1.132868	3.905807	2.429655
4560	-6061.812	-6263.412	201.6004	0.559382	0.232911	0.204658	0.00304874	1.562104	1.068748	4.44189	3.120375
4566	-6058.493	-6260.873	202.3803	0.498645	0.303031	0.186763	0.0115609	1.429944	1.111027	4.409929	2.119647
4572	-6062.902	-6264	201.0973	0.608622	0.149313	0.227955	0.0141107	1.859188	1.02397	4.925593	2.250454
4578	-6072.839	-6273.496	200.6568	0.572248	0.140389	0.253418	0.0339448	2.232536	1.041291	4.874771	2.600593
4584	-6076.94	-6278.707	201.7676	0.753399	0.0530513	0.148859	0.0446904	2.232536	1.22734	3.87342	3.393212
4590	-6072.002	-6276.404	204.4018	0.425614	0.429783	0.0995497	0.0450535	1.080177	1.269503	3.252464	2.338398
4596	-6079.997	-6283.137	203.1396	0.400961	0.500811	0.0457284	0.0524993	1.659969	1.267044	4.040338	1.536309
4602	-6081.515	-6285.856	204.3415	0.396705	0.510467	0.04661	0.0462187	1.359394	1.329931	3.314768	1.838458
4608	-6080.14	-6285.459	205.3183	0.427321	0.449326	0.0787374	0.0446165	1.28957	1.402554	2.761371	1.760377
4614	-6085.407	-6291.471	206.0644	0.379866	0.448168	0.0671124	0.104854	1.103488	1.417229	2.398383	1.760377
4620	-6081.312	-6287.031	205.7199	0.310369	0.512384	0.069173	0.108073	1.103488	1.476512	2.572095	1.770071
4626	-6073.931	-6277.844	203.9129	0.320678	0.529402	0.0918324	0.0580877	0.8241599	1.240683	3.799644	2.11024
4632	-6065.862	-6270.174	204.3117	0.304404	0.502536	0.125269	0.0677911	1.036443	1.220389	3.799644	1.373935
4638	-6073.578	-6277.322	203.7437	0.322197	0.53191	0.132591	0.0133026	1.036443	1.186606	4.183289	1.297392
4644	-6071.097	-6275.394	204.297	0.333122	0.599793	0.0628695	0.00421495	1.1004	1.255321	3.698461	1.478761
4650	-6070.41	-6274.964	204.5541	0.384158	0.470767	0.143198	0.00187661	0.9526765	1.26246	3.399014	1.968587
4656	-6059.943	-6263.646	203.7025	0.454	0.406998	0.13177	0.00723142	1.422036	1.228482	3.844365	1.56074
4662	-6073.399	-6276.057	202.6584	0.445251	0.392889	0.127202	0.0346579	1.639867	1.198578	4.366441	1.526612
4668	-6069.886	-6272.652	202.7665	0.446219	0.393744	0.123224	0.0368124	1.727063	1.120428	4.25115	1.648441
4674	-6070.521	-6272.447	201.9257	0.474091	0.312091	0.174707	0.0391117	1.991459	1.129479	4.343805	2.254239
4680	-6068.004	-6270.564	202.5599	0.393916	0.326866	0.23399	0.0452285	1.250173	1.129479	4.387467	2.125663
4686	-6062.7	-6265.016	202.3161	0.558921	0.218532	0.135823	0.0867244	1.73666	1.117385	4.139989	2.517248
4692	-6066.648	-6267.569	200.9211	0.495558	0.243519	0.222661	0.0382613	2.492307	0.9964118	4.899643	1.969222
4698	-6061.383	-6262.381	200.9981	0.642022	0.102945	0.244175	0.0108575	1.93711	1.1219	4.626644	2.98344
4704	-6050.408	-6253.016	202.6084	0.646041	0.0809787	0.245703	0.0272769	1.9131	1.236658	3.797633	2.590112
4710	-6058.987	-6259.679	200.6921	0.637616	0.0183394	0.321444	0.0226004	2.087756	1.125742	4.720701	3.019263
4716	-6067.667	-6268.046	200.3785	0.560726	0.136718	0.282681	0.019875	2.187867	1.125742	4.622173	3.768418
4722	-6060.912	-6262.337	201.4251	0.523676	0.0950466	0.375619	0.00565824	1.957632	1.089968	4.665435	2.245644
4728	-6064.336	-6266.716	202.3794	0.476937	0.322209	0.1957	0.00515324	1.812639	1.178908	4.364787	1.721043
4734	-6066.797	-6269.191	202.3933	0.490497	0.387832	0.0869688	0.0347027	1.317368	1.222938	4.080739	2.961053
4740	-6067.193	-6270.427	203.234	0.41775	0.448581	0.0970441	0.0366246	1.353025	1.140669	3.998783	1.997508
4746	-6073.19	-6275.407	202.2172	0.47896	0.305262	0.156656	0.0591222	1.839531	1.193818	4.294092	2.045221
4752	-6079.273	-6281.332	202.0597	0.495258	0.315649	0.127959	0.061134	1.739298	1.156646	4.355756	2.274174
4758	-6079.169	-6282.193	203.0247	0.549627	0.13535	0.252923	0.0620996	1.781679	1.274735	3.783231	2.116305
4764	-6083.736	-6285.357	201.6212	0.530817	0.262221	0.196931	0.010031	2.160542	0.9308711	4.8452	1.584632
4770	-6087.406	-6287.17	199.7635	0.418842	0.329383	0.24737	0.00440524	1.487903	0.9259245	5.687431	2.788356
4776	-6074.42	-6275.871	201.4519	0.508649	0.196745	0.286168	0.00843755	1.646144	0.9869626	5.041381	1.776929
4782	-6079.803	-6282.934	203.1305	0.533674	0.157226	0.300247	0.00885267	1.850994	1.149987	3.809017	2.007509
4788	-6070.182	-6271.451	201.269	0.491562	0.223729	0.276554	0.00815411	1.842387	1.037198	4.891812	2.095956
4794	-6069.631	-6270.571	200.9403	0.550995	0.124913	0.31169	0.0124027	1.842387	1.084191	4.588292	3.394239
4800	-6082.176	-6283.921	201.7447	0.568234	0.19863	0.212115	0.0210214	1.612108	1.094648	4.33258	3.088688
4806	-6074.185	-6275.983	201.7987	0.469662	0.306294	0.175319	0.0487255	1.682778	1.127538	4.33258	2.847587
4812	-6076.839	-6279.058	202.2198	0.572469	0.219965	0.154909	0.0526573	1.682778	1.118906	4.33258	2.224007
4818	-6074.799	-6276.566	201.767	0.44013	0.215846	0.322278	0.0217453	1.429568	1.146539	4.654402	2.320974
4824	-6071.434	-6273.644	202.21	0.529995	0.259917	0.183903	0.0261852	1.429568	1.195571	4.197351	2.806296
4830	-6081.435	-6284.347	202.9121	0.543377	0.232834	0.196943	0.0268464	1.429568	1.185947	4.071255	2.107405
4836	-6066.979	-6268.605	201.6264	0.444184	0.374587	0.151929	0.0292997	1.429568	1.133738	4.522726	2.91886
4842	-6072.699	-6275.409	202.7094	0.330251	0.407551	0.197498	0.0647001	1.429568	1.033834	4.522726	1.545261
4848	-6073.949	-6276.601	202.6522	0.428535	0.368445	0.152922	0.0500973	1.447825	0.9923075	4.601975	1.477331
4854	-6081.172	-6283.771	202.5987	0.355744	0.394258	0.198558	0.0514405	1.202616	1.039292	4.286393	2.521669
4860	-6079.297	-6282.763	203.4652	0.504346	0.183125	0.248222	0.064307	1.411916	1.272603	3.43446	2.819966
4866	-6069.918	-6273.035	203.1169	0.422552	0.306164	0.207965	0.0633191	1.070743	1.125842	4.089689	2.327401
4872	-6061.942	-6265.772	203.8303	0.304867	0.444355	0.190008	0.0607695	1.082837	1.205463	4.089689	1.312234
4878	-6065.351	-6269.838	204.487	0.312678	0.45574	0.194877	0.036706	1.260582	1.193481	3.454758	1.642887
4884	-6071.101	-6273.104	202.0024	0.428982	0.383941	0.164175	0.0229027	1.018021	1.03342	4.95576	1.940544
4890	-6071.818	-6272.986	201.1681	0.444948	0.201187	0.228195	0.125669	1.382754	1.053718	5.216356	1.940544
4896	-6098.085	-6297.573	199.4882	0.528733	0.185455	0.202845	0.0829669	2.297573	0.9677151	5.451344	2.84514
4902	-6076.4	-6276.415	200.0145	0.521695	0.196298	0.200145	0.0818624	1.694734	0.9943455	5.451344	2.687925
4908	-6064.481	-6265.862	201.3812	0.425094	0.384352	0.122852	0.0677024	1.406597	1.056317	4.980082	2.196895
4914	-6071.991	-6273.069	201.0772	0.538548	0.279921	0.0957585	0.0857717	1.492104	1.095712	5.039685	2.313802
4920	-6075.405	-6277.236	201.8304	0.349918	0.484865	0.0824933	0.0827238	1.43162	1.134137	4.627591	2.313802
4926	-6065.322	-6268.195	202.8735	0.333716	0.462414	0.144845	0.0590243	1.374221	1.147031	4.286656	1.776352
4932	-6064.871	-6267.284	202.4135	0.334143	0.463006	0.155623	0.0472276	1.137863	1.160053	4.589946	1.940532
4938	-6068.468	-6271.694	203.2264	0.396213	0.363255	0.184532	0.0560005	1.148905	1.144429	4.168563	1.860997
4944	-6071.634	-6275.908	204.2738	0.419881	0.325219	0.195554	0.0593457	1.119602	1.239474	3.509032	1.902929
4950	-6075.402	-6279.089	203.6867	0.449887	0.216827	0.312725	0.0205618	1.420838	1.243895	3.509032	2.319451
4956	-6070.577	-6274.116	203.5383	0.564952	0.211436	0.17529	0.0483223	1.603283	1.235439	3.509032	2.319451
4962	-6066.302	-6269.224	202.9219	0.417582	0.429081	0.110051	0.0432853	1.140782	1.235439	4.102785	2.319451
4968	-6066.441	-6268.994	202.5529	0.447297	0.459614	0.0463786	0.0467103	1.348678	1.185215	4.407676	1.892562
4974	-6067.619	-6270.011	202.3917	0.321752	0.513309	0.0517967	0.113143	0.9297894	1.146339	4.788509	1.795026
4980	-6076.179	-6280.12	203.9408	0.277015	0.452828	0.0902221	0.179935	0.8504499	1.029702	4.454086	0.9548798
4986	-6062.781	-6265.445	202.6636	0.284331	0.565264	0.0926047	0.0578007	0.9283906	1.068874	4.757152	1.626549
4992	-6065.716	-6269.061	203.3451	0.289601	0.559713	0.0846755	0.0660103	0.9772183	1.053445	4.360816	1.614664
4998	-6080.978	-6284.212	203.2342	0.362752	0.449636	0.105426	0.0821863	1.260802	1.089538	4.478808	1.157278
5004	-6077.833	-6281.049	203.2159	0.320775	0.517817	0.0887315	0.072676	1.293819	1.205859	4.20881	1.544521
5010	-6080.766	-6284.057	203.2916	0.370184	0.484097	0.102399	0.0433208	1.323704	1.169582	4.093399	1.708392
5016	-6070.577	-6273.533	202.9569	0.448487	0.316072	0.18613	0.0493113	1.347121	1.101983	4.139252	2.098124
5022	-6065.348	-6266.417	201.0686	0.574654	0.131836	0.230327	0.0631834	2.548664	0.9756339	4.754633	2.098124
5028	-6076.628	-6278.73	202.1024	0.473132	0.273281	0.189636	0.0639512	1.559627	1.048466	4.547329	2.098124
5034	-6076.24	-6279.341	203.1017	0.538023	0.261757	0.152846	0.0473736	1.572846	1.269198	3.76284	2.306038
5040	-6076.454	-6278.475	202.021	0.520976	0.263735	0.184399	0.0308901	2.087588	1.204465	4.186316	2.306038
5046	-6077.016	-6280.225	203.2095	0.548664	0.0986534	0.33012	0.0225625	1.377504	1.22668	3.790532	2.387772
5052	-6067.606	-6270.521	202.9146	0.566383	0.148145	0.231898	0.0535728	1.588801	1.197158	3.713982	2.808111
5058	-6066.823	-6268.538	201.7145	0.572776	0.139135	0.217794	0.0702949	2.010682	1.150877	4.524615	2.052969
5064	-6061.782	-6264.506	202.7246	0.468035	0.274595	0.190509	0.0668602	1.79779	1.15505	4.043264	2.052969
5070	-6073.992	-6274.767	200.7748	0.571904	0.115297	0.254951	0.0578482	1.71993	1.059479	5.138843	2.269795
5076	-6081.387	-6283.116	201.7291	0.50377	0.173369	0.235876	0.0869853	1.71993	1.072035	4.576491	2.329921
5082	-6084.751	-6283.91	199.1586	0.565403	0.143782	0.218674	0.0721406	1.562094	0.9189307	6.006885	2.731251
5088	-6081.978	-6282.979	201.0007	0.508687	0.326708	0.0706033	0.0940018	1.851659	1.023757	5.00246	2.200454
5094	-6076.704	-6277.794	201.0899	0.737788	0.101094	0.0388518	0.122266	2.496267	1.205086	4.104038	3.604877
5100	-6083.385	-6286.011	202.6263	0.543404	0.244763	0.0955677	0.116265	1.644228	1.033209	4.282432	1.951238
5106	-6078.633	-6281.313	202.6803	0.536012	0.247843	0.0942676	0.121878	1.684472	1.191437	4.107109	2.035567
5112	-6072.607	-6275.458	202.851	0.486604	0.202079	0.203021	0.108296	1.251232	1.199956	4.107109	2.311436
5118	-6065.663	-6269.077	203.414	0.350067	0.492982	0.141714	0.015238	1.213252	1.172546	4.12715	1.608187
5124	-6069.693	-6271.777	202.084	0.49046	0.297969	0.163931	0.0476399	1.921524	1.233112	4.06798	2.666769
5130	-6074.931	-6276.795	201.865	0.557516	0.338707	0.049624	0.0541532	2.696153	1.133418	3.941249	2.666769
5136	-6069.626	-6270.603	200.9769	0.605375	0.28531	0.0190965	0.0902177	2.696153	1.153064	4.633565	2.146218
5142	-6076.97	-6277.395	200.4247	0.526502	0.347577	0.0160134	0.109907	1.744547	1.004179	5.234616	2.583492
5148	-6081.201	-6281.568	200.3671	0.384422	0.479261	0.02687	0.109447	1.707838	1.091434	5.234616	2.583492
5154	-6057.939	-6260.247	202.3083	0.492878	0.34363	0.0536264	0.109865	1.376825	1.126846	4.37339	2.357169
5160	-6070.858	-6273.772	202.9135	0.537845	0.31316	0.0488713	0.100123	1.797136	1.135911	4.02169	1.879445
5166	-6079.825	-6282.277	202.4523	0.570707	0.271195	0.0518573	0.106241	2.241949	1.193203	3.807405	2.499551
5172	-6071.525	-6273.552	202.0274	0.476537	0.33583	0.171886	0.0157483	1.294979	1.10704	4.699969	2.067481
5178	-6083.927	-6284.235	200.3086	0.452356	0.318788	0.163164	0.0656923	1.613691	0.9883502	5.383274	2.53757
5184	-6072.398	-6274.221	201.8233	0.443386	0.312468	0.159928	0.0842178	1.216198	1.003646	5.038792	1.771235
5190	-6067.623	-6270.83	203.2062	0.392257	0.402322	0.141486	0.0639352	1.458308	1.152463	3.931087	2.052376
5196	-6062.139	-6265.08	202.9405	0.444555	0.322636	0.16035	0.0724593	1.639611	1.207914	3.908941	2.182188
5202	-6072.812	-6275.197	202.3841	0.444555	0.322636	0.16035	0.0724593	1.655719	1.205355	4.348725	1.877379
5208	-6060.604	-6261.924	201.3199	0.508326	0.330025	0.0994313	0.0622175	1.904264	1.161138	4.477135	2.868804
5214	-6071.221	-6273.742	202.5212	0.538682	0.347715	0.0728497	0.0407529	2.020949	1.118691	4.007884	2.232359
5220	-6067.639	-6271.125	203.4861	0.513787	0.387023	0.0754043	0.023785	1.141958	1.145687	4.007884	1.896682
5226	-6080.086	-6282.977	202.8909	0.459609	0.260787	0.247272	0.0323314	2.10937	1.256653	3.753972	2.052139
5232	-6072.216	-6275.377	203.1608	0.482409	0.336293	0.148454	0.032844	1.32376	1.280814	3.393408	3.592729
5238	-6087.76	-6289.473	201.7135	0.51023	0.143774	0.308551	0.0374458	1.404527	1.118582	4.713563	2.317961
5244	-6086.447	-6288.015	201.5674	0.51023	0.143774	0.308551	0.0374458	2.541738	1.118582	4.348051	2.218044
5250	-6090.171	-6293.331	203.1606	0.522724	0.229652	0.227659	0.0199654	1.643724	1.10674	3.76329	2.369067
5256	-6081.788	-6284.475	202.6875	0.414436	0.389238	0.180497	0.0158294	2.0427	1.209659	4.290371	1.277191
5262	-6093.282	-6296.211	202.929	0.640383	0.155819	0.161835	0.0419632	2.0427	1.201256	3.533445	2.703684
5268	-6092.29	-6295.659	203.3698	0.586483	0.209809	0.147205	0.0565028	1.959573	1.341106	2.913525	3.611883
5274	-6085.544	-6289.582	204.0385	0.595223	0.212935	0.134497	0.0573448	2.044131	1.357589	3.015155	2.131184
5280	-6076.609	-6278.851	202.2418	0.586027	0.180385	0.111717	0.121871	1.91965	1.233791	4.198215	2.102793
5286	-6083.877	-6286.316	202.4394	0.642465	0.147671	0.0762563	0.133608	2.501136	1.219812	3.870547	2.069406
5292	-6088.625	-6289.746	201.1213	0.702901	0.00948201	0.127904	0.159714	2.501136	1.196636	4.292853	2.972159
5298	-6113.02	-6312.894	199.8739	0.694169	0.0217865	0.126315	0.15773	2.501136	1.094548	5.070172	2.908202
5304	-6092.649	-6294.117	201.4683	0.718293	0.00920155	0.130705	0.141801	2.501136	1.19191	4.120595	2.908202
5310	-6067.025	-6268.568	201.5427	0.715664	0.0424178	0.161638	0.0802796	2.722556	1.19191	3.850703	3.34246
5316	-6074.518	-6276.167	201.649	0.718215	0.0543603	0.091539	0.135885	2.043366	1.185038	3.842791	4.063138
5322	-6081.992	-6283.575	201.5828	0.586685	0.0321813	0.266747	0.114386	2.043366	1.16764	4.317937	2.720731
5328	-6080.106	-6281.364	201.2576	0.613817	0.0352132	0.227505	0.123464	1.974631	1.104854	4.331722	3.422894
5334	-6072.817	-6274.753	201.9356	0.416311	0.417156	0.10795	0.058583	2.110217	1.163712	4.331722	2.099991
5340	-6074.525	-6275.57	201.0454	0.65626	0.16514	0.0877171	0.090883	2.633733	1.224652	3.872193	4.276825
5346	-6077.73	-6279.284	201.5542	0.640053	0.075384	0.13672	0.147843	2.671506	1.279501	3.782799	3.434999
5352	-6072.477	-6274.925	202.4483	0.600683	0.107993	0.200695	0.0906297	2.00777	1.235054	3.810267	2.695561
5358	-6089.088	-6290.819	201.7312	0.62902	0.0659115	0.210163	0.0949052	1.771141	1.212819	3.838349	4.283305
5364	-6093.384	-6297.786	204.4012	0.414111	0.398033	0.0293307	0.158525	1.401268	1.368429	3.124128	2.084039
5370	-6081.727	-6281.663	199.9359	0.550844	0.127868	0.221336	0.0999509	1.99697	1.169769	4.781223	4.277657
5376	-6081.594	-6282.755	201.1611	0.475148	0.259204	0.167417	0.0982307	1.776462	1.114333	5.0875	1.745107
5382	-6091.969	-6294.315	202.3453	0.53098	0.289662	0.136253	0.0431048	1.776462	1.129973	3.997538	2.791053
5388	-6092.969	-6295.423	202.4532	0.53098	0.289662	0.136253	0.0431048	1.879475	1.098206	4.029777	2.461166
5394	-6073.248	-6275.682	202.4333	0.525196	0.366301	0.0837055	0.0247982	2.466802	1.280778	3.728043	2.372681
5400	-6082.085	-6283.294	201.2089	0.503911	0.331016	0.0914891	0.0735833	1.934708	1.08211	4.800016	2.246736
5406	-6084.846	-6287.024	202.1776	0.56047	0.322881	0.0787106	0.037938	1.544257	1.292049	4.314809	2.246736
5412	-6073.237	-6276.558	203.3209	0.348134	0.547364	0.0684117	0.0360906	1.188116	1.245272	3.787981	2.459729
5418	-6085.208	-6289.12	203.9125	0.427236	0.417985	0.100868	0.053911	1.199883	1.224211	3.79527	1.659276
5424	-6079.649	-6282.518	202.8685	0.489212	0.347717	0.129959	0.0331125	1.232955	1.247235	3.749398	3.226949
5430	-6077.562	-6280.63	203.0679	0.376406	0.464393	0.126875	0.0323267	1.107164	1.143387	4.330521	1.752147
5436	-6080.651	-6283.158	202.5061	0.354851	0.437799	0.184434	0.0229169	1.376078	1.103933	4.517099	1.776714
5442	-6071.934	-6274.353	202.4193	0.482576	0.285922	0.222225	0.00927637	1.376078	1.064077	4.517099	1.939151
5448	-6080.827	-6281.46	200.6335	0.494465	0.164825	0.327058	0.0136524	1.782604	1.102823	4.916125	2.960015
5454	-6093.907	-6294.731	200.8244	0.558278	0.19002	0.228676	0.0230265	1.896265	1.092168	4.916125	2.533301
5460	-6091.747	-6291.326	199.5793	0.564747	0.192222	0.231325	0.0117062	1.896265	1.037151	5.452751	3.062352
5466	-6083.994	-6285.485	201.4919	0.61338	0.116886	0.0692085	0.200526	1.965487	1.137613	4.219238	3.312691
5472	-6076.822	-6279.075	202.2533	0.518403	0.0987871	0.228866	0.153944	2.115791	1.252996	3.915804	2.561672
5478	-6089.31	-6291.535	202.2247	0.391017	0.54054	0.0222625	0.0461802	1.968807	1.230056	3.883454	2.904863
5484	-6083.119	-6285.407	202.2873	0.634333	0.2658	0.0342597	0.0656076	2.213115	1.167057	3.823227	2.784894
5490	-6090.768	-6292.611	201.8431	0.611223	0.204318	0.1171	0.0673598	2.412067	1.192218	4.244145	2.108543
5496	-6076.755	-6278.759	202.0043	0.507223	0.19457	0.230405	0.0678026	1.460311	1.113337	4.053656	3.705073
5502	-6069.935	-6273.311	203.3752	0.441796	0.20421	0.294938	0.0590567	1.487267	1.170598	3.841604	1.977033
5508	-6072.883	-6276.321	203.4376	0.55886	0.25832	0.108115	0.0747051	1.610823	1.158881	3.751906	1.977033
5514	-6079.834	-6283.368	203.5347	0.330189	0.470057	0.149255	0.0504986	0.9222426	1.01625	4.47806	1.267869
5520	-6074.211	-6278.211	204.0001	0.503323	0.30015	0.146844	0.0496829	1.02057	1.234796	3.438063	2.606289
5526	-6086.741	-6291.278	204.5365	0.285573	0.462115	0.201374	0.0509379	0.859509	1.161032	3.686965	1.616023
5532	-6085.697	-6289.137	203.4392	0.343104	0.425938	0.185609	0.0453489	1.031338	1.271446	3.933161	2.109411
5538	-6068.923	-6271.71	202.7869	0.339528	0.428257	0.18662	0.0455958	0.9483893	1.130951	4.222705	2.646229
5544	-6079.377	-6279.644	200.2672	0.369065	0.403719	0.193072	0.034145	1.056607	1.040908	5.61827	2.639998
5550	-6073.232	-6274.265	201.0323	0.375589	0.410856	0.196485	0.0170705	1.296446	0.978605	5.398413	1.887359
5556	-6061.454	-6263.648	202.1941	0.453388	0.154465	0.3608	0.0313461	1.417154	1.089303	4.631175	1.887359
5562	-6070.442	-6273.205	202.7631	0.471809	0.352067	0.162954	0.0131697	1.091271	1.024472	4.518046	1.887359
5568	-6084.52	-6287.793	203.2734	0.327931	0.454876	0.21054	0.00665306	0.9334899	1.103874	4.518046	1.367927
5574	-6082.43	-6283.624	201.1934	0.351762	0.386673	0.254429	0.00713654	0.9103205	1.045143	5.317241	2.287769
5580	-6079.361	-6282.189	202.8275	0.327092	0.416424	0.246394	0.0100898	0.9212915	1.066406	4.75086	1.458803
5586	-6066.523	-6269.843	203.3193	0.334617	0.404328	0.238868	0.0221872	0.7934495	1.163584	4.528227	1.391566
5592	-6073.742	-6277.48	203.7371	0.108123	0.679006	0.20704	0.00583122	0.3586528	0.9495241	5.207529	0.3903777
5598	-6075.814	-6279.154	203.3401	0.107159	0.706483	0.177514	0.00884326	0.455903	1.051791	5.279267	0.4811874
5604	-6087.907	-6291.532	203.6256	0.458007	0.315631	0.165759	0.0606031	1.200815	1.153355	4.113971	1.424729
5610	-6075.131	-6276.473	201.3424	0.589021	0.239335	0.125691	0.0459538	1.625176	1.072859	4.727812	2.618824
5616	-6070.367	-6272.162	201.7953	0.435896	0.343782	0.182277	0.0380457	1.503995	1.054701	4.793088	1.976504
5622	-6072.921	-6274.399	201.478	0.450407	0.358595	0.116053	0.0749454	1.503995	1.049989	4.718825	2.628004
5628	-6075.477	-6276.454	200.9774	0.450407	0.358595	0.116053	0.0749454	2.639634	1.264736	4.532458	2.292922
5634	-6067.235	-6269.174	201.9388	0.457584	0.356691	0.117902	0.0678238	1.341573	1.110564	4.726693	2.060563
5640	-6074.996	-6277.557	202.561	0.360029	0.438516	0.0927658	0.108689	0.8371704	1.12682	4.644398	2.060563
5646	-6070.408	-6271.459	201.051	0.491208	0.348214	0.0255648	0.135014	2.655135	1.131443	4.565125	2.280739
5652	-6065.148	-6267.032	201.8842	0.643672	0.144735	0.112196	0.0993965	2.055024	1.131443	4.163401	2.718945
5658	-6071.865	-6272.271	200.4062	0.603572	0.199519	0.149498	0.0474118	2.449971	1.134698	4.801404	2.818571
5664	-6086.556	-6290.565	204.0089	0.108531	0.660886	0.230418	0.000164645	0.3903102	1.124015	4.563707	1.065568
5670	-6075.844	-6280.457	204.6133	0.300393	0.518661	0.180831	0.000115183	0.3829892	1.089444	4.26193	1.036376
5676	-6077.479	-6280.122	202.6435	0.194994	0.50948	0.295252	0.000274256	0.5653519	1.098374	4.983419	1.584293
5682	-6080.956	-6282.765	201.8089	0.368839	0.350667	0.280123	0.000371165	0.8688723	1.046968	4.983419	2.328132
5688	-6079.316	-6281.129	201.8137	0.400502	0.33315	0.26613	0.000216939	0.8735303	1.008353	5.326159	1.557142
5694	-6084.791	-6287.03	202.2399	0.326729	0.483286	0.18974	0.000245628	1.308556	1.007493	4.983446	1.296105
5700	-6076.503	-6277.472	200.9691	0.377197	0.386598	0.235804	0.000401564	0.9159394	1.036989	5.204912	2.94995
5706	-6079.528	-6280.545	201.0172	0.548675	0.107738	0.343003	0.00058412	1.432644	1.024053	5.094924	2.436373
5712	-6082.002	-6284.026	202.0246	0.496585	0.119928	0.381814	0.00167309	1.541597	1.07462	4.472574	2.38068
5718	-6074.353	-6276.404	202.0511	0.437607	0.318158	0.242515	0.00171989	1.541597	1.133693	4.472574	2.257293
5724	-6067.395	-6269.017	201.6217	0.418645	0.306174	0.273243	0.00193781	1.461714	1.089321	4.649255	2.593952
5730	-6065.666	-6268.384	202.7181	0.356362	0.392886	0.240703	0.0100491	1.043955	1.176771	4.20067	2.593952
5736	-6058.938	-6261.959	203.021	0.354672	0.391023	0.239562	0.0147431	1.034944	1.144227	4.384879	1.777894
5742	-6068.643	-6272.001	203.3573	0.354672	0.391023	0.239562	0.0147431	0.6632119	1.12771	4.534762	1.533503
5748	-6073.22	-6277.803	204.5833	0.277951	0.531672	0.187741	0.0026353	0.4098956	1.221263	4.054878	1.288024
5754	-6083.284	-6285.735	202.4515	0.373144	0.39793	0.225173	0.00375352	0.6537123	1.171898	5.012873	1.551937
5760	-6081.369	-6283.513	202.1443	0.371154	0.400458	0.223973	0.00441544	1.070628	1.056554	5.203369	1.162508
5766	-6081.598	-6283.559	201.9616	0.349603	0.377207	0.184541	0.0886488	1.020356	1.044241	5.11923	1.60646
5772	-6081.603	-6281.803	200.2001	0.441327	0.333892	0.182286	0.0424951	1.204	1.014368	5.519865	2.847232
5778	-6078.906	-6279.64	200.7341	0.478498	0.210754	0.275286	0.0354625	1.387364	1.091456	5.262328	2.367871
5784	-6060.918	-6260.204	199.2853	0.472589	0.208151	0.284235	0.0350246	1.784946	0.9746521	5.761943	2.864161
5790	-6072.271	-6273.892	201.6204	0.341464	0.39047	0.207144	0.0609227	1.223714	1.047676	4.697969	2.864161
5796	-6059.186	-6261.374	202.1879	0.451192	0.337838	0.185756	0.0252142	1.157763	1.095442	4.71771	1.997459
5802	-6065.197	-6266.913	201.7162	0.531038	0.1956	0.218628	0.0547334	1.784673	1.091654	4.71771	1.904088
5808	-6074.706	-6275.828	201.1218	0.437604	0.241094	0.300287	0.0210151	1.00331	0.9759557	5.210767	2.644494
5814	-6079.091	-6280.954	201.863	0.451898	0.256823	0.275942	0.0153377	1.159988	0.9561877	5.210767	1.471824
5820	-6085.235	-6286.522	201.2867	0.4066	0.197175	0.390958	0.00526713	1.0984	0.9665923	5.186848	2.335793
5826	-6079.236	-6282.744	203.5082	0.398528	0.193261	0.383197	0.0250144	0.9021871	1.033395	4.33701	1.585323
5832	-6080.207	-6281.871	201.6637	0.498165	0.25268	0.21645	0.0327052	1.329862	1.084907	4.706568	2.559342
5838	-6073.427	-6274.381	200.9541	0.410832	0.326116	0.178504	0.0845482	1.331145	0.9743129	5.178948	2.513837
5844	-6077.937	-6278.549	200.6121	0.366367	0.319921	0.309652	0.00406001	1.36493	1.052644	5.577821	1.833323
5850	-6070.582	-6271.228	200.6462	0.509193	0.221314	0.266684	0.00280862	1.184168	0.9916418	5.577821	2.088486
5856	-6073.482	-6274.869	201.3869	0.471892	0.321099	0.155192	0.0518176	1.107342	1.005994	4.927081	2.824616
5862	-6072.967	-6274.708	201.7414	0.21484	0.539101	0.208394	0.0376649	0.7940308	0.9820661	5.067232	2.414924
5868	-6061.284	-6263.438	202.154	0.209331	0.525278	0.201594	0.0637974	0.8920786	1.024606	5.163361	1.462753
5874	-6071.032	-6273.279	202.2471	0.319832	0.451866	0.17342	0.0548813	0.9320411	0.9532852	5.184319	1.349431
5880	-6070.412	-6272.778	202.367	0.350773	0.473358	0.115679	0.0601905	0.9111067	1.077107	5.184319	1.111628
5886	-6070.735	-6273.809	203.0746	0.345058	0.473349	0.132526	0.0490674	0.9752156	1.171421	4.434595	1.643285
5892	-6067.644	-6270.951	203.3069	0.321487	0.55131	0.0814867	0.0457157	1.033897	1.081303	4.409834	1.458784
5898	-6062.631	-6265.236	202.6057	0.398949	0.461877	0.0891556	0.0500181	1.119656	1.112577	4.481257	2.028428
5904	-6064.293	-6266.479	202.1857	0.48262	0.382566	0.0743059	0.0605082	1.118485	1.096877	4.736878	2.003052
5910	-6082.558	-6285.251	202.6934	0.41278	0.33966	0.128434	0.119127	1.388893	1.17645	4.312019	1.894609
5916	-6081.746	-6285.436	203.6899	0.40539	0.355603	0.134462	0.104545	1.193916	1.052609	3.912906	1.904172
5922	-6074.773	-6276.202	201.4295	0.490987	0.272118	0.156392	0.0805027	1.389313	1.010765	5.066887	2.000661
5928	-6077.173	-6278.454	201.2818	0.544937	0.185445	0.173576	0.0960412	1.679944	1.049653	5.066887	1.81941
5934	-6073.728	-6275.4	201.6725	0.543165	0.202026	0.128522	0.126286	1.775101	1.159628	4.401779	2.683493
5940	-6066.713	-6269.377	202.6641	0.539746	0.236326	0.11578	0.108148	1.713154	1.144826	4.11196	2.077379
5946	-6075.628	-6275.391	199.7632	0.548917	0.214298	0.122427	0.114358	2.349093	1.038237	4.9943	3.62179
5952	-6088.487	-6289.843	201.3559	0.273397	0.575831	0.123275	0.0274968	1.419117	1.118988	5.303905	1.400916
5958	-6091.778	-6295.603	203.825	0.438149	0.288284	0.240435	0.0331327	1.494944	1.161153	3.703367	1.712406
5964	-6085.029	-6286.861	201.8321	0.451702	0.297201	0.226441	0.0246565	1.173271	1.003538	4.831556	2.314518
5970	-6076.248	-6277.586	201.3386	0.499447	0.216331	0.25418	0.030042	1.687782	1.043447	4.831556	2.314518
5976	-6069.406	-6270.972	201.5651	0.507286	0.212943	0.250199	0.0295715	1.789975	1.146085	4.349378	3.010479
5982	-6077.312	-6279.451	202.1392	0.463672	0.217673	0.265625	0.0530294	1.353369	1.116517	4.46273	2.418668
5988	-6079.897	-6281.639	201.7413	0.460472	0.216171	0.270694	0.0526634	1.307418	1.015543	4.891274	2.099546
5994	-6064.848	-6267.031	202.1832	0.452811	0.212574	0.266191	0.0684237	1.718404	1.131209	4.649838	1.49674
6000	-6061.824	-6264.284	202.4598	0.456795	0.343603	0.158786	0.0408157	1.335858	1.217047	4.192491	2.527159
6006	-6077	-6280.911	203.9111	0.386914	0.291038	0.28244	0.0396082	1.432921	1.197502	3.620684	1.805206
6012	-6066.385	-6269.997	203.6126	0.388633	0.342343	0.235937	0.0330868	1.27505	1.106419	3.927257	1.805206
6018	-6061.522	-6263.91	202.3888	0.477648	0.271441	0.19951	0.0514007	1.788152	1.09304	4.149909	2.358739
6024	-6073.107	-6277.159	204.0516	0.477648	0.271441	0.19951	0.0514007	1.357561	1.234969	3.240982	2.551991
6030	-6059.72	-6263.959	204.2394	0.405648	0.330213	0.197003	0.0671362	1.551029	1.29134	3.544156	1.340933
6036	-6067.73	-6272.802	205.0725	0.301738	0.556141	0.0477972	0.094323	0.8514869	1.27504	3.544156	1.172026
6042	-6069.26	-6274.323	205.0632	0.2623	0.640728	0.0415499	0.0554216	0.9429664	1.195846	3.541002	1.172026
6048	-6064.761	-6268.562	203.8005	0.238854	0.682013	0.0442272	0.0349052	0.9604846	1.182009	4.11962	1.449002
6054	-6068.315	-6272.487	204.1718	0.215478	0.615266	0.134681	0.0345759	0.9569861	1.124974	4.213773	0.9447139
6060	-6069.546	-6273.785	204.2391	0.172983	0.702834	0.0524545	0.0717278	1.169589	1.19888	3.945576	1.065484
6066	-6076.378	-6281.372	204.994	0.182819	0.66577	0.121439	0.0299721	0.7587927	1.215977	3.945576	0.7165444
6072	-6071.626	-6275.214	203.5881	0.241164	0.570696	0.148602	0.0395374	0.8766766	1.084804	4.55386	1.04805
6078	-6084.94	-6286.825	201.8853	0.242646	0.574202	0.143372	0.0397802	0.8709881	1.084969	5.265298	1.515645
6084	-6084.295	-6286.293	201.9979	0.41243	0.308281	0.243693	0.035596	1.321202	0.9919278	4.50447	2.756953
6090	-6087.141	-6286.913	199.7719	0.725032	0.00392174	0.135053	0.135994	2.978629	1.145061	4.323194	5.038831
6096	-6076.318	-6277.744	201.4263	0.720694	0.00864624	0.134245	0.136415	1.91968	1.163347	4.420701	2.835977
6102	-6068.601	-6270.306	201.705	0.593246	0.204816	0.110505	0.0914326	1.708382	1.116003	4.380851	2.845767
6108	-6078.842	-6280.553	201.711	0.588356	0.170762	0.150204	0.0906788	1.76123	1.140444	4.380851	2.729011
6114	-6077.536	-6277.457	199.9218	0.566938	0.164546	0.138244	0.130273	2.466663	1.015115	5.162082	2.729011
6120	-6072.712	-6275.253	202.5412	0.544525	0.205215	0.172413	0.0778475	1.764026	1.162834	4.093714	2.209859
6126	-6073.138	-6275.753	202.6149	0.45113	0.341533	0.142841	0.0644955	1.626066	1.228768	4.078265	2.209859
6132	-6070.36	-6273.462	203.1019	0.460093	0.348318	0.157455	0.0341343	1.163554	1.228768	3.840209	2.717266
6138	-6080.799	-6285.23	204.4317	0.377115	0.374527	0.139857	0.108501	1.119089	1.280444	3.371744	1.950457
6144	-6068.09	-6271.282	203.1914	0.410678	0.39932	0.147899	0.0421035	1.599669	1.170025	4.004186	1.7273
6150	-6086.607	-6289.737	203.1302	0.543166	0.202922	0.197536	0.056375	1.437827	1.178491	4.004186	1.972423
6156	-6077.725	-6279.962	202.2367	0.538894	0.201326	0.203848	0.0559316	1.443771	1.135067	4.259889	2.665433
6162	-6078.335	-6282.252	203.917	0.517389	0.251137	0.195713	0.0357615	1.850172	1.18615	3.460383	1.723909
6168	-6080.013	-6279.935	199.9218	0.596553	0.254228	0.064822	0.0843969	2.338504	0.9737462	5.148132	2.978361
6174	-6078.452	-6280.174	201.7219	0.464575	0.231957	0.18544	0.118029	1.555676	1.099301	4.825014	1.881706
6180	-6081.854	-6283.812	201.9579	0.532631	0.265937	0.0895919	0.11184	1.743421	1.276141	4.021408	3.166695
6186	-6073.251	-6276.077	202.8259	0.553988	0.2766	0.0931842	0.0762283	1.890831	1.166086	4.087721	1.713415
6192	-6068.861	-6271.686	202.825	0.524171	0.261713	0.14199	0.0721256	1.38555	1.239741	4.011442	2.357256
6198	-6083.716	-6286.902	203.1863	0.507245	0.253262	0.137405	0.102088	1.876092	1.267472	3.726211	1.942418
6204	-6089.231	-6293.227	203.9958	0.492681	0.373406	0.0644762	0.0694362	1.104202	1.330398	3.363634	2.535293
6210	-6078.485	-6283.068	204.5825	0.498221	0.307365	0.128075	0.0663384	1.870397	1.338899	2.973226	1.709819
6216	-6079.286	-6279.944	200.6574	0.488053	0.314623	0.0976899	0.0996333	2.264094	1.213821	4.477305	3.463014
6222	-6076.279	-6277.779	201.4999	0.595748	0.216546	0.119246	0.0684597	2.053446	1.19102	3.938691	3.999966
6228	-6076.582	-6277.084	200.5024	0.684127	0.061378	0.16013	0.0943653	2.233608	1.106867	4.631499	3.479334
6234	-6070.743	-6272.165	201.4222	0.480748	0.366551	0.121011	0.0316897	1.341587	1.024952	5.079424	2.018457
6240	-6070.058	-6271.383	201.325	0.538458	0.203442	0.172982	0.0851186	1.673021	1.175858	4.708724	2.48059
6246	-6065.653	-6268.504	202.8506	0.477384	0.146935	0.307796	0.0678848	1.592887	1.122762	4.213048	1.760666
6252	-6074.351	-6276.97	202.6191	0.556381	0.171249	0.193252	0.0791183	1.3401	1.145155	4.093276	2.654773
6258	-6080.791	-6283.379	202.5888	0.520895	0.178748	0.213109	0.087248	1.3401	1.175488	4.093276	2.654773
6264	-6066.349	-6268.618	202.2693	0.543032	0.203161	0.163056	0.0907508	1.723305	1.186788	4.243249	2.234552
6270	-6079.906	-6282.355	202.449	0.468322	0.305454	0.140623	0.085601	1.595837	1.112002	4.243249	2.234552
6276	-6075.45	-6276.88	201.4298	0.614618	0.260552	0.0137901	0.11104	1.755415	1.118861	4.462932	2.991666
6282	-6084.472	-6284.475	200.0026	0.640435	0.111523	0.0284873	0.219555	2.713151	1.131706	4.623829	3.793378
6288	-6073.846	-6275.089	201.2429	0.671818	0.116987	0.0137608	0.197434	2.114911	0.9628749	4.513424	2.955619
6294	-6079.671	-6280.424	200.7532	0.603055	0.21347	0.00624913	0.177226	2.281165	1.104813	4.289477	4.105965
6300	-6075.478	-6277.584	202.1063	0.599677	0.212274	0.0118157	0.176233	1.781888	1.155914	4.29811	2.305597
6306	-6089.126	-6291.223	202.0966	0.563518	0.259999	0.0108757	0.165607	2.650636	1.157119	3.69259	2.999164
6312	-6094.75	-6296.374	201.6241	0.470926	0.157997	0.264104	0.106973	1.373734	1.087333	4.896004	2.068091
6318	-6097.686	-6297.116	199.4297	0.57842	0.202687	0.100509	0.118383	2.267452	1.024516	5.397236	3.045184
6324	-6086.386	-6286.769	200.3828	0.633729	0.103712	0.124045	0.138515	1.944299	1.004869	5.01164	3.045184
6330	-6090.449	-6289.601	199.1519	0.625305	0.0751436	0.109162	0.190389	2.550916	0.9486516	5.48583	3.045184
6336	-6076.245	-6277.355	201.1104	0.665538	0.0635735	0.236457	0.0344311	1.852799	1.003722	4.425511	3.750122
6342	-6085.248	-6284.498	199.2502	0.652463	0.115916	0.204862	0.026758	1.754402	1.0421	5.305974	4.396014
6348	-6074.717	-6276.023	201.3056	0.602144	0.162337	0.183829	0.0516898	2.351152	1.033871	4.641157	2.153809
6354	-6088.627	-6291.067	202.4402	0.512316	0.25826	0.184061	0.0453632	1.489852	1.086424	4.447591	1.913247
6360	-6075.733	-6277.209	201.4761	0.566998	0.247216	0.13025	0.0555356	1.844849	1.123768	4.332526	3.177024
6366	-6064.641	-6267.294	202.6528	0.4992	0.308506	0.143399	0.048895	1.37394	1.18288	4.278261	2.035935
6372	-6065.663	-6268.851	203.1884	0.493021	0.304687	0.144011	0.0582815	1.369238	1.235023	3.848886	2.270498
6378	-6077.74	-6279.205	201.465	0.513118	0.258453	0.188476	0.0399526	1.273256	1.032289	5.101921	1.980771
6384	-6075.335	-6276.454	201.1191	0.496442	0.28373	0.18235	0.0374774	1.630116	1.032271	4.707414	3.099386
6390	-6076.605	-6278.325	201.7202	0.503239	0.347411	0.115135	0.0342141	1.565826	1.089227	4.707414	2.167862
6396	-6073.691	-6275.016	201.3246	0.477375	0.329556	0.160614	0.0324556	1.899614	1.109778	4.280697	3.561264
6402	-6085.891	-6287.19	201.2999	0.625484	0.0322992	0.210445	0.131771	2.574018	1.09747	4.390337	2.497875
6408	-6074.531	-6275.418	200.8876	0.715803	0.0393269	0.230905	0.0139657	2.070249	1.093361	4.700728	2.830856
6414	-6071.991	-6274.74	202.7494	0.650448	0.0357363	0.209822	0.103994	2.133474	1.225475	3.579059	2.720037
6420	-6082.755	-6285.494	202.7389	0.661889	0.015124	0.170658	0.152329	1.76419	1.260806	3.404126	3.683132
6426	-6093.092	-6296.974	203.8813	0.678095	0.0671754	0.146502	0.108227	1.76419	1.23668	3.340664	2.056637
6432	-6084.359	-6288.014	203.6551	0.258084	0.604046	0.113	0.0248697	0.723352	1.324805	4.26045	1.449835
6438	-6080.247	-6284.831	204.5836	0.353557	0.485764	0.126609	0.0340698	1.001153	1.229043	3.6671	1.356256
6444	-6089.226	-6292.651	203.425	0.328152	0.443822	0.104454	0.123573	0.9147381	1.217337	4.201328	1.738343
6450	-6091.742	-6295.351	203.6095	0.326333	0.380925	0.149424	0.143317	0.7919312	1.160092	4.201328	1.738343
6456	-6081.956	-6284.353	202.397	0.309655	0.558071	0.120977	0.0112973	1.290232	1.130732	4.58562	1.824904
6462	-6072.327	-6274.597	202.2698	0.351627	0.489391	0.101368	0.0576142	1.358506	0.9753198	4.885504	1.444443
6468	-6071.933	-6273.845	201.9127	0.346631	0.484807	0.102911	0.0656513	1.073099	1.062776	4.916915	2.041268
6474	-6057.643	-6260.732	203.0882	0.458463	0.412435	0.042657	0.0864452	1.470422	1.108666	4.181648	1.682301
6480	-6054.39	-6256.439	202.0491	0.453823	0.269131	0.237455	0.0395901	1.57245	1.136896	4.181648	3.009485
6486	-6061.741	-6263.549	201.8077	0.583178	0.187484	0.136702	0.092636	1.903377	1.072454	4.506152	2.189662
6492	-6065.988	-6268.704	202.7158	0.455091	0.365942	0.106677	0.0722898	1.484083	1.151749	4.506152	1.381818
6498	-6063.972	-6266.877	202.9046	0.368165	0.411598	0.155829	0.0644076	1.171662	1.146725	4.317989	1.905068
6504	-6070.119	-6273.064	202.9444	0.321165	0.509958	0.0997816	0.0690954	1.324009	1.146725	4.112983	2.146081
6510	-6084.089	-6287.772	203.6834	0.352177	0.526453	0.100238	0.0211323	0.7609323	1.189142	4.112983	1.845619
6516	-6070.033	-6271.956	201.9227	0.54304	0.300097	0.0656716	0.0911919	1.642272	1.160714	4.310701	2.711672
6522	-6065.549	-6266.718	201.1692	0.48207	0.328545	0.108431	0.0809533	1.657773	1.099493	4.752306	2.737288
6528	-6078.257	-6278.422	200.1648	0.612577	0.266237	0.0646408	0.056546	2.592311	1.144406	4.566763	3.802263
6534	-6072.035	-6273.815	201.7798	0.606189	0.170443	0.0953693	0.127999	2.592311	1.144803	4.170701	2.276477
6540	-6081.9	-6284.344	202.4445	0.461757	0.356503	0.0853928	0.0963468	1.465829	1.177111	4.170701	2.494254
6546	-6093.001	-6293.181	200.1802	0.537779	0.306585	0.0708645	0.0847713	1.465829	1.177111	4.873177	4.304844
6552	-6076.612	-6278.846	202.2341	0.637806	0.0798246	0.181831	0.100539	1.857549	1.171134	3.937848	2.971217
6558	-6076.447	-6278.2	201.7528	0.534884	0.219799	0.161003	0.0843149	1.808409	1.109311	4.105192	3.474003
6564	-6075.62	-6279.173	203.5534	0.459045	0.37776	0.143571	0.0196231	1.37652	1.283434	3.797169	1.826127
6570	-6082.12	-6283.792	201.6722	0.508004	0.227139	0.224232	0.0406254	1.345325	1.151439	4.441812	3.18089
6576	-6063.31	-6267.432	204.1214	0.433223	0.370756	0.16182	0.0342007	1.345325	1.249877	3.288891	2.322674
6582	-6069.681	-6274.515	204.8337	0.383668	0.411929	0.162012	0.0423905	1.06823	1.283621	2.961724	2.416626
6588	-6071.754	-6276.306	204.5524	0.398381	0.44982	0.0562206	0.0955786	1.586295	1.330783	3.310634	1.359398
6594	-6064.448	-6268.331	203.8823	0.425127	0.415003	0.0518691	0.108001	1.219228	1.336271	2.946028	3.730369
6600	-6078.032	-6280.562	202.5298	0.425266	0.426511	0.0533074	0.094915	1.219228	1.245462	3.924702	3.312198
6606	-6067.909	-6271.052	203.1437	0.409586	0.447657	0.0513419	0.0914154	1.184071	1.23465	3.924702	2.391306
6612	-6068.47	-6270.709	202.2393	0.301234	0.514607	0.06967	0.114489	1.1904	1.23465	4.413156	2.448633
6618	-6070.507	-6273.258	202.7513	0.368956	0.539584	0.0254606	0.0659995	1.521324	1.196614	3.930518	2.56513
6624	-6069.321	-6272.873	203.5523	0.465286	0.434164	0.0304086	0.0701415	1.521324	1.119984	3.952801	1.541051
6630	-6070.68	-6274.039	203.3589	0.467309	0.419275	0.0311229	0.0822931	1.29632	1.282327	3.733487	2.340326
6636	-6075.136	-6278.427	203.2907	0.536466	0.355476	0.0320769	0.0759812	1.799798	1.324265	3.172027	3.228371
6642	-6075.741	-6278.667	202.9257	0.612999	0.261882	0.0230692	0.10205	3.09618	1.341328	3.293713	2.086856
6648	-6075.677	-6279.688	204.0114	0.475162	0.301291	0.144444	0.0791031	1.850722	1.236848	3.293713	1.899174
6654	-6077.629	-6280.928	203.2985	0.447063	0.362014	0.0958778	0.0950457	1.414403	1.186854	4.059632	1.651954
6660	-6067.487	-6269.292	201.8052	0.601294	0.255282	0.109864	0.0335599	2.48922	1.207609	4.297288	1.943331
6666	-6083.57	-6284.122	200.5522	0.692904	0.104173	0.16425	0.0386729	3.398259	1.084519	4.559777	2.44353
6672	-6076.126	-6276.349	200.2227	0.672105	0.0416204	0.243485	0.0427893	1.828806	0.9552297	5.368655	2.494342
6678	-6083.7	-6283.113	199.4129	0.55583	0.0471355	0.341127	0.0559078	2.342214	1.048489	5.351395	3.085631
6684	-6076.391	-6277.339	200.9485	0.581176	0.0484666	0.356683	0.0136749	1.80422	1.046481	4.840629	2.732859
6690	-6066.01	-6267.774	201.7648	0.601783	0.0147269	0.36933	0.0141598	1.80422	1.055795	4.377575	2.732859
6696	-6071.426	-6273.469	202.0421	0.601011	0.0322191	0.352629	0.0141416	1.80422	1.097568	4.377575	2.254555
6702	-6071.669	-6274.686	203.0178	0.567963	0.0854346	0.333239	0.013364	1.586313	1.06808	3.940785	2.254555
6708	-6071.548	-6273.204	201.6559	0.517443	0.155899	0.303597	0.0230616	1.586313	1.071213	4.491439	2.843439
6714	-6063.309	-6264.788	201.4792	0.513689	0.162022	0.301395	0.0228943	1.586313	1.024587	4.844445	2.228094
6720	-6076.814	-6280.027	203.2121	0.429234	0.292531	0.250326	0.0279089	1.167659	1.13124	4.279567	1.629597
6726	-6080.092	-6283.066	202.9746	0.453438	0.309027	0.208052	0.0294827	1.599371	1.259748	3.718506	2.589517
6732	-6073.369	-6276.453	203.0836	0.323067	0.533771	0.0946717	0.0484902	1.569915	1.143875	4.35003	1.211182
6738	-6066.868	-6269.785	202.9176	0.360945	0.476952	0.0928699	0.069233	1.147721	1.127443	4.35003	1.869477
6744	-6068.678	-6272.818	204.1407	0.340623	0.463733	0.136037	0.0596065	0.8237799	1.196127	4.185472	1.092286
6750	-6064.835	-6268.149	203.3147	0.335235	0.456397	0.184348	0.0240202	1.103324	1.072125	4.534542	1.143886
6756	-6070.637	-6274.662	204.0246	0.38443	0.410624	0.188065	0.0168812	0.9217455	1.128896	4.097694	1.344289
6762	-6073.201	-6276.265	203.0633	0.44519	0.247019	0.283827	0.0239632	1.703683	1.168167	4.215547	1.344289
6768	-6070.079	-6271.863	201.7841	0.576108	0.265203	0.090575	0.068114	1.426287	1.182039	4.034744	4.127056
6774	-6078.587	-6281.092	202.5048	0.448259	0.280963	0.159326	0.111452	1.641613	1.137134	4.088551	2.456602
6780	-6073.302	-6276.189	202.8867	0.470543	0.294931	0.117533	0.116993	1.519621	1.257028	3.813599	2.579282
6786	-6072.43	-6275.876	203.446	0.407689	0.496483	0.0541035	0.0417247	1.428077	1.235985	3.773337	2.022356
6792	-6081.84	-6286.158	204.318	0.351867	0.428504	0.184072	0.0355567	0.9718704	1.266965	3.501434	2.017915
6798	-6085.291	-6287.582	202.2908	0.492412	0.290332	0.0711665	0.14609	1.412577	1.106398	4.632255	1.745851
6804	-6078.525	-6280.516	201.9912	0.22878	0.659817	0.0607819	0.050621	1.012832	1.054401	5.433099	0.9551583
6810	-6078.717	-6280.639	201.9226	0.190014	0.69991	0.0644752	0.0456012	0.8737073	0.9057788	5.763726	0.7205608
6816	-6071.993	-6272.48	200.4871	0.243299	0.505678	0.192633	0.0583892	1.036024	0.8951148	6.186524	1.22544
6822	-6070.837	-6271.33	200.4934	0.24245	0.604981	0.0827138	0.0698554	1.031706	0.9234264	6.128426	1.308142
6828	-6081.501	-6283.742	202.2411	0.24245	0.604981	0.0827138	0.0698554	1.031706	1.088872	4.992534	1.480688
6834	-6081.928	-6284.552	202.6235	0.231252	0.577038	0.146482	0.0452273	0.6390803	1.08894	4.992534	1.508717
6840	-6075.08	-6278.935	203.8553	0.363143	0.499007	0.0935579	0.0442921	0.7012339	1.11622	4.139608	1.741382
6846	-6074.035	-6276.964	202.9285	0.366452	0.462548	0.127625	0.0433748	1.031178	1.0568	4.438716	1.890248
6852	-6074.796	-6278.768	203.9723	0.420403	0.379626	0.115572	0.0843991	1.354572	1.263044	3.379692	2.284184
6858	-6072.347	-6275.178	202.8309	0.596965	0.176978	0.130648	0.0954088	2.07066	1.201007	3.716962	2.343295
6864	-6066.361	-6268.396	202.0345	0.491528	0.343564	0.111011	0.0538967	2.231837	1.11438	4.043204	2.640314
6870	-6077.005	-6278.517	201.5119	0.516824	0.299057	0.0885546	0.095564	1.617223	1.172726	4.510556	2.81537
6876	-6061.399	-6264.686	203.2871	0.404434	0.457458	0.0997949	0.0383129	1.069674	1.15721	4.171181	1.859285
6882	-6079.231	-6283.57	204.3386	0.205704	0.599479	0.157498	0.0373191	0.9031697	1.198595	3.739995	1.644401
6888	-6086.037	-6291.51	205.4729	0.269504	0.500714	0.20758	0.0222015	0.6331251	1.23177	3.536422	1.054391
6894	-6095.029	-6300.198	205.1687	0.262174	0.554404	0.163513	0.0199095	0.5731312	1.271584	3.484445	1.50639
6900	-6096.831	-6302.005	205.1745	0.276884	0.585511	0.120841	0.0167631	0.6552662	1.346876	3.556672	1.18384
6906	-6081.013	-6285.834	204.821	0.284807	0.549082	0.128915	0.0371955	0.8462432	1.368667	3.559473	1.319202
6912	-6081.246	-6285.684	204.438	0.372862	0.427339	0.176233	0.0235665	0.8726698	1.312104	3.835915	1.247606
6918	-6071.931	-6275.473	203.5427	0.313597	0.455168	0.215485	0.0157493	0.8701598	1.135244	4.031171	2.143182
6924	-6073.096	-6275.849	202.7524	0.360245	0.389977	0.19751	0.0522682	1.013936	1.143418	4.352358	2.241689
6930	-6073.786	-6275.936	202.1493	0.453935	0.379647	0.0728072	0.0936113	1.591664	1.073607	4.575253	1.900143
6936	-6068.417	-6270.579	202.1617	0.432777	0.389596	0.0777109	0.0999162	1.613638	1.143769	4.597366	1.722447
6942	-6082.68	-6283.749	201.0691	0.604461	0.0437316	0.209292	0.142516	2.421541	1.045689	4.597366	2.522201
6948	-6093.056	-6293.888	200.8326	0.642079	0.0460195	0.226187	0.0857146	2.421541	1.184266	4.685027	2.434677
6954	-6081.511	-6282.959	201.4479	0.716921	0.0357466	0.131122	0.11621	2.421541	1.113725	4.076905	3.29793
6960	-6081.264	-6281.568	200.3049	0.68141	0.0688164	0.124627	0.125146	2.649361	1.106756	4.679842	3.178268
6966	-6089.818	-6292.635	202.8167	0.501683	0.187779	0.210921	0.0996172	1.884257	1.310492	3.633842	2.626561
6972	-6077.355	-6279.662	202.3066	0.493014	0.358439	0.109894	0.0386525	1.32306	1.252617	4.245603	2.581357
6978	-6071.572	-6273.543	201.9716	0.563166	0.07043	0.25958	0.106825	1.511397	1.130953	4.245603	3.047704
6984	-6072.133	-6273.031	200.8977	0.512866	0.158836	0.201731	0.126567	1.651429	1.075473	5.023329	2.452127
6990	-6068.836	-6270.127	201.2916	0.492851	0.274525	0.151097	0.0815263	1.667538	1.064235	4.861476	2.298932
6996	-6074.814	-6277.428	202.6145	0.50976	0.284335	0.156496	0.049409	1.330683	1.091825	4.272204	2.284113
7002	-6080.851	-6282.422	201.5713	0.60212	0.155117	0.170588	0.0721748	1.330683	1.18539	4.274071	3.875509
7008	-6080.535	-6283.812	203.2767	0.482518	0.209443	0.25814	0.0498991	0.9282393	1.231436	4.107838	2.109857
7014	-6090.789	-6294.271	203.4819	0.429272	0.435328	0.0151538	0.120246	1.822561	1.120411	4.02269	1.206506
7020	-6067.355	-6271.609	204.2539	0.28543	0.643144	0.00771348	0.0637124	0.8863206	1.233687	3.805195	1.589031
7026	-6072.968	-6276.633	203.6651	0.295112	0.632142	0.0036944	0.0690519	1.222518	1.166288	4.006327	1.558785
7032	-6077.249	-6280.736	203.4871	0.299279	0.641068	0.00374656	0.0559062	1.222518	1.185723	3.987988	1.791169
7038	-6080.885	-6283.849	202.9643	0.391479	0.486255	0.0589218	0.0633441	1.137957	1.205952	4.187157	2.097051
7044	-6071.095	-6274.602	203.5072	0.382085	0.430741	0.0484858	0.138689	1.373964	1.220486	3.7367	2.1116
7050	-6083.66	-6287.618	203.9579	0.285399	0.592363	0.0869632	0.035275	1.193263	1.285243	3.837226	1.455238
7056	-6076.273	-6280.033	203.7593	0.290994	0.582663	0.0916452	0.0346974	0.9408348	1.175763	4.154851	1.455238
7062	-6077.033	-6279.627	202.5945	0.311946	0.545049	0.112869	0.0301361	1.067993	1.098593	4.897174	1.228187
7068	-6080.767	-6284.395	203.6277	0.273925	0.545485	0.154127	0.026463	0.7718549	1.159008	4.38744	1.356815
7074	-6074.307	-6277.562	203.2543	0.273925	0.545485	0.154127	0.026463	0.675345	1.05498	4.610813	1.565825
7080	-6065.84	-6268.534	202.6934	0.450837	0.282433	0.227644	0.0390857	1.361124	0.9985075	4.603742	1.507746
7086	-6075.109	-6274.885	199.776	0.450209	0.229899	0.258545	0.0613471	1.806265	0.8973652	6.041438	1.554304
7092	-6080.199	-6281.075	200.8766	0.473249	0.241665	0.22911	0.0559759	1.64144	1.038444	5.336154	1.770712
7098	-6073.532	-6274.094	200.5618	0.486963	0.261701	0.202519	0.0488172	1.900315	0.964887	5.336154	2.005343
7104	-6071.724	-6273.704	201.9803	0.495075	0.212659	0.214596	0.0776693	1.502782	1.14469	4.28764	2.899416
7110	-6085.188	-6287.74	202.5515	0.487228	0.246371	0.17642	0.0899816	2.015667	1.238955	4.03496	1.967531
7116	-6098.986	-6304.293	205.3066	0.446406	0.258366	0.244226	0.0510021	1.249386	1.351424	2.619116	2.199028
7122	-6081.836	-6286.739	204.9037	0.535053	0.138713	0.292724	0.03351	1.319055	1.360162	2.821327	2.199028
7128	-6083.45	-6286.166	202.7163	0.623085	0.114317	0.150024	0.112575	1.902772	1.367578	3.699577	2.497714
7134	-6068.792	-6272.04	203.2485	0.308084	0.526474	0.125974	0.0394677	1.107153	1.17985	4.229537	1.70427
7140	-6064.738	-6268.348	203.6098	0.435073	0.329241	0.177899	0.0577867	1.70775	1.192637	3.892137	1.336256
7146	-6067.465	-6270.563	203.0982	0.44343	0.312753	0.176808	0.0670084	0.9613528	1.033078	4.188168	2.396159
7152	-6070.965	-6273.282	202.3174	0.478244	0.32469	0.142905	0.0541596	1.904885	1.118519	4.232374	2.090337
7158	-6064.731	-6267.778	203.0471	0.336193	0.439578	0.193471	0.0307584	0.8825541	1.118519	4.232374	2.349756
7164	-6055.097	-6258.762	203.6652	0.320785	0.449781	0.197961	0.0314723	0.8604885	1.230547	3.997406	1.943158
7170	-6066.485	-6270.178	203.6926	0.285839	0.535146	0.136539	0.0424761	0.8604885	1.185264	4.188283	1.548959
7176	-6077.156	-6281.42	204.2645	0.373056	0.393307	0.178201	0.0554366	0.7702829	1.180942	3.824143	1.747285
7182	-6060.196	-6263.75	203.5535	0.352829	0.435227	0.168538	0.0434056	1.123164	1.169397	4.158331	1.484408
7188	-6062.318	-6265.761	203.4427	0.369511	0.460022	0.0803103	0.0901561	1.23336	1.175559	4.158331	1.484408
7194	-6063.279	-6266.871	203.5917	0.373005	0.464372	0.0716148	0.0910085	1.266533	1.228873	3.942078	1.657035
7200	-6069.508	-6273.022	203.5136	0.421708	0.455314	0.033745	0.0892333	1.197499	1.105978	4.093699	1.657035
7206	-6074.186	-6276.46	202.2741	0.514377	0.319693	0.0461285	0.119801	1.26758	1.062764	4.336916	2.755852
7212	-6073.371	-6275.348	201.9774	0.448823	0.425583	0.0402497	0.085345	1.315806	1.097133	4.3765	2.996896
7218	-6064.41	-6267.162	202.7525	0.482873	0.427251	0.0795188	0.0103573	1.824736	1.134137	4.269825	1.517216
7224	-6073.242	-6276.865	203.6225	0.376304	0.428025	0.157674	0.0379965	0.9129271	1.094539	4.230683	1.586868
7230	-6078.88	-6281.113	202.233	0.488526	0.293525	0.18117	0.0367797	1.237484	1.149395	4.758669	1.681715
7236	-6069.808	-6272.055	202.2466	0.451916	0.310843	0.176349	0.0608924	1.643518	1.227346	4.433742	1.845161
7242	-6101.46	-6301.485	200.0242	0.68822	0.0152896	0.255763	0.0407277	2.305428	1.113305	4.903028	3.36216
7248	-6078.389	-6278.959	200.5697	0.556184	0.0871511	0.32375	0.0329141	1.680342	0.9974038	5.47197	1.858686
7254	-6079.856	-6281.248	201.3928	0.468564	0.374996	0.0400146	0.116426	1.783145	1.052951	4.853297	2.063826
7260	-6070.857	-6272.263	201.4059	0.472497	0.378143	0.0319569	0.117403	2.158478	1.14789	4.388629	2.700796
7266	-6076.31	-6276.686	200.3762	0.324445	0.463482	0.131456	0.0806163	1.454557	1.039704	5.515943	2.210641
7272	-6075.379	-6278.412	203.0335	0.320779	0.458244	0.159904	0.0610729	1.20563	1.010499	4.319861	1.868616
7278	-6067.279	-6269.558	202.2793	0.448082	0.17434	0.34822	0.0293584	1.349042	1.070401	4.738415	1.641124
7284	-6069.54	-6272.897	203.3568	0.428707	0.208322	0.32789	0.035081	1.445775	1.266818	3.680086	2.30584
7290	-6079.663	-6281.23	201.5669	0.428707	0.208322	0.32789	0.035081	2.359819	1.206529	4.296461	2.399554
7296	-6071.739	-6273.484	201.7449	0.481971	0.234205	0.244384	0.0394396	1.61055	1.06988	4.527769	2.572096
7302	-6081.725	-6283.226	201.5008	0.554854	0.177646	0.189802	0.0776975	1.875448	1.094864	4.524988	2.588701
7308	-6079.682	-6281.264	201.5822	0.598094	0.122286	0.204593	0.0750262	1.544845	1.042128	4.524988	2.971651
7314	-6064.936	-6266.332	201.3955	0.570267	0.0977512	0.240775	0.0912072	1.539862	1.018512	4.739118	2.701102
7320	-6083.74	-6285.029	201.2889	0.523509	0.0932106	0.247019	0.136261	1.982245	1.008497	4.407824	3.287906
7326	-6085.235	-6285.575	200.3397	0.539621	0.26267	0.057254	0.140455	1.982245	1.01448	5.20974	2.484381
7332	-6101.537	-6306.084	204.5468	0.355008	0.47457	0.0926372	0.0777848	1.407983	1.373827	2.993833	2.168001
7338	-6075.869	-6279.891	204.0218	0.519767	0.392735	0.0475619	0.0399364	1.662158	1.373827	3.293584	1.904439
7344	-6070.427	-6274.243	203.8167	0.442684	0.4193	0.103603	0.0344125	1.303901	1.230277	3.79857	1.643958
7350	-6071.005	-6274.334	203.3292	0.404874	0.415376	0.137253	0.0424963	1.394676	1.184572	3.896817	1.99974
7356	-6066.814	-6269.871	203.0575	0.380523	0.390393	0.189143	0.0399404	1.26143	1.16608	4.18225	1.883061
7362	-6071.097	-6273.697	202.6	0.324408	0.422169	0.213767	0.0396563	1.26143	1.032027	4.707856	1.467294
7368	-6069.1	-6270.685	201.5851	0.473917	0.376563	0.130242	0.0192772	1.483653	1.032027	4.388051	3.500899
7374	-6060.448	-6263.791	203.3426	0.390774	0.432937	0.172425	0.00386341	1.164582	1.253519	3.895646	2.179037
7380	-6065.88	-6269.256	203.3766	0.461865	0.380315	0.15493	0.00289087	1.079871	1.29456	3.895646	2.188443
7386	-6073.992	-6279.043	205.0506	0.510602	0.34587	0.140898	0.00262905	1.052084	1.343297	2.929446	2.121829
7392	-6061.958	-6265.528	203.5698	0.468324	0.400771	0.129232	0.00167252	1.444664	1.289285	3.658609	2.0317
7398	-6069.057	-6273.067	204.0101	0.476885	0.388649	0.132748	0.00171803	1.365082	1.252427	3.516282	1.915505
7404	-6063.241	-6266.107	202.8653	0.465878	0.427129	0.106496	0.000496974	2.007859	1.189962	3.800015	2.171955
7410	-6065.521	-6269.786	204.2652	0.408615	0.428088	0.162735	0.000562393	0.9259202	1.20942	3.715297	1.744998
7416	-6075.781	-6278.245	202.4641	0.401441	0.420572	0.177434	0.000552519	1.448779	1.233776	4.018715	2.813669
7422	-6078.497	-6283.082	204.5848	0.372923	0.423556	0.191758	0.0117628	0.9976753	1.268484	3.499834	1.646978
7428	-6080.451	-6285.78	205.3288	0.348714	0.472649	0.168784	0.0098534	0.739262	1.300696	3.240247	1.5664
7434	-6083.616	-6289.04	205.4244	0.288468	0.5533	0.148431	0.0098007	0.883318	1.464332	2.962983	1.632275
7440	-6081.641	-6287.323	205.6822	0.37482	0.467673	0.144772	0.0127345	1.315936	1.313016	2.962983	1.050494
7446	-6080.291	-6284.343	204.0513	0.315453	0.538067	0.131828	0.0146513	1.491911	1.285188	3.332784	2.085492
7452	-6072.07	-6277.18	205.1104	0.330149	0.524952	0.128458	0.0164416	1.068682	1.268071	3.332784	1.290649
7458	-6068.469	-6272.591	204.1223	0.328231	0.521902	0.127711	0.0221552	0.844902	1.245409	3.876322	1.635679
7464	-6085.999	-6290.064	204.0652	0.307568	0.54862	0.123413	0.0203984	0.7102795	1.184283	3.980368	1.731053
7470	-6071.447	-6274.67	203.223	0.219882	0.576207	0.199356	0.00455487	0.9283849	1.010165	4.95603	0.7239108
7476	-6077.522	-6279.336	201.8137	0.337081	0.51555	0.143199	0.00417006	0.8351297	1.00975	5.264209	1.739319
7482	-6071.8	-6272.946	201.1462	0.422208	0.373092	0.194062	0.010638	1.427076	1.103206	4.974071	2.457851
7488	-6076.787	-6279.526	202.739	0.342889	0.32559	0.315946	0.015576	0.910111	1.194855	4.203012	2.736662
7494	-6077.29	-6280.141	202.8504	0.342889	0.32559	0.315946	0.015576	0.7408969	1.118487	4.227226	2.895287
7500	-6077.325	-6280.704	203.3789	0.382764	0.383539	0.201464	0.032233	1.072782	1.222503	4.316962	1.360476
7506	-6073.672	-6275.622	201.9501	0.378646	0.390171	0.199297	0.0318863	1.1559	1.126405	4.797297	2.086478
7512	-6072.735	-6275.18	202.4448	0.360691	0.455026	0.147097	0.0371865	1.69787	1.125124	4.565792	1.39516
7518	-6063.068	-6264.388	201.3199	0.391478	0.398843	0.0953918	0.114287	1.571515	1.07619	4.638975	2.975887
7524	-6083.667	-6286.512	202.8445	0.430058	0.395199	0.100949	0.0737938	1.716117	1.235482	4.325514	1.286323
7530	-6071.881	-6274.83	202.949	0.430058	0.395199	0.100949	0.0737938	1.548543	1.072147	4.390201	1.37839
7536	-6068.834	-6271.218	202.3844	0.443964	0.371094	0.106841	0.0781009	1.526666	1.106919	4.279783	2.325671
7542	-6071.403	-6272.681	201.2788	0.55938	0.226316	0.134616	0.0796873	2.458479	1.106919	4.28205	2.938716
7548	-6082.215	-6283.361	201.146	0.593353	0.109328	0.204566	0.092753	1.926147	1.178275	4.088655	4.411876
7554	-6072.4	-6274.649	202.2488	0.528442	0.16961	0.186144	0.115805	1.926147	1.251211	3.855313	2.964727
7560	-6084.196	-6284.548	200.3527	0.588756	0.162612	0.137605	0.111027	1.970923	1.230303	4.797281	3.338909
7566	-6080.018	-6281.044	201.0263	0.631391	0.101967	0.173381	0.093261	2.268286	1.167595	4.387475	3.168101
7572	-6081.398	-6281.681	200.2837	0.648028	0.0095008	0.254266	0.0882049	2.494427	1.109804	4.75004	3.168101
7578	-6080.797	-6281.743	200.9465	0.684116	0.00614652	0.248185	0.0615522	2.494427	1.284063	3.956751	4.242148
7584	-6090.759	-6289.885	199.1267	0.725679	0.00911885	0.2086	0.0566022	2.745939	1.05875	4.684653	5.596964
7590	-6073.049	-6276.51	203.4613	0.70547	0.083483	0.147694	0.0633535	2.089731	1.298204	3.314391	2.269829
7596	-6066.63	-6269.761	203.1305	0.591941	0.0598128	0.300417	0.0478285	2.23849	1.245201	3.291236	2.74484
7602	-6057.833	-6261.487	203.6532	0.446757	0.253992	0.243141	0.0561096	1.861347	1.279527	3.216433	2.512174
7608	-6075.887	-6279.036	203.1487	0.556122	0.0713717	0.302661	0.0698451	1.84677	1.363624	3.470284	2.512174
7614	-6072.34	-6274.398	202.058	0.707523	0.0908022	0.169872	0.0318022	2.409448	1.225188	3.194971	4.926582
7620	-6070.45	-6273.638	203.1879	0.605041	0.0622925	0.300879	0.0317882	2.126816	1.351926	2.888209	3.780269
7626	-6069.598	-6273.298	203.7001	0.492852	0.175999	0.311711	0.019438	1.61669	1.351926	3.04953	3.086045
7632	-6071.38	-6274.103	202.7237	0.495902	0.150358	0.320607	0.0331324	1.781066	1.287174	3.617268	2.989299
7638	-6071.613	-6275.224	203.611	0.484305	0.248726	0.257091	0.00987748	1.407735	1.214937	3.714537	1.990276
7644	-6079.145	-6282.89	203.7457	0.339376	0.365626	0.280478	0.0145198	0.9011966	1.150541	4.104264	1.653317
7650	-6068.724	-6270.778	202.0545	0.416429	0.332157	0.228596	0.022818	1.254791	1.057471	4.922314	1.634167
7656	-6065.532	-6267.598	202.0665	0.495909	0.191557	0.284232	0.0283019	1.396128	1.108683	4.533316	2.297632
7662	-6083.333	-6285.375	202.0416	0.428802	0.217058	0.32207	0.0320696	1.799878	1.108683	4.414708	2.152309
7668	-6075.99	-6275.682	199.6922	0.542771	0.128169	0.29543	0.0336297	2.039629	1.000188	5.558509	2.463554
7674	-6095.843	-6297.154	201.3107	0.454917	0.0968765	0.4024	0.0458063	1.153861	1.001696	5.307436	1.883451
7680	-6082.288	-6282.521	200.2326	0.47621	0.13914	0.346768	0.0378827	1.849685	1.044926	5.307436	2.486867
7686	-6077.913	-6279.406	201.4934	0.515148	0.150517	0.220857	0.113478	1.849685	1.207392	4.517006	2.4813
7692	-6073.723	-6275.176	201.4534	0.509011	0.188274	0.284283	0.0184329	2.066335	1.079207	4.519081	2.4813
7698	-6069.796	-6270.723	200.927	0.579191	0.214232	0.178406	0.0281705	1.719492	1.023977	5.094635	2.218037
7704	-6066.296	-6266.008	199.7129	0.509408	0.308906	0.15691	0.0247764	1.719492	1.097759	5.703348	2.268588
7710	-6077.922	-6277.801	199.8789	0.411615	0.370482	0.188188	0.0297153	1.177189	0.9499382	5.870376	2.491155
7716	-6065.582	-6266.321	200.7394	0.504297	0.27959	0.193688	0.0224251	1.177189	0.9057512	5.41861	2.501887
7722	-6069.429	-6269.627	200.1972	0.508326	0.189801	0.241802	0.060072	1.780155	1.042793	5.471941	2.188643
7728	-6063.643	-6265.918	202.2746	0.570005	0.117107	0.181553	0.131335	2.132769	1.155064	4.262809	1.804306
7734	-6068.275	-6269.216	200.9413	0.547661	0.0799329	0.24622	0.126186	1.531864	1.096528	4.649868	3.634789
7740	-6059.74	-6261.372	201.6324	0.459894	0.213833	0.249861	0.0764117	1.252272	1.064646	4.632765	2.964183
7746	-6062.707	-6265.086	202.3783	0.494376	0.195079	0.227947	0.0825973	1.249909	1.120494	4.470853	2.185003
7752	-6068.169	-6270.062	201.8925	0.456531	0.209681	0.245009	0.0887797	1.517852	1.118875	4.610275	2.185003
7758	-6069.073	-6271.247	202.1747	0.452849	0.317434	0.158203	0.071514	1.524916	1.266615	4.269599	2.427216
7764	-6066.458	-6268.333	201.8747	0.414479	0.375268	0.144799	0.0654546	1.387044	1.186515	4.551414	2.428439
7770	-6067.172	-6270.032	202.8602	0.399148	0.336181	0.212973	0.0516985	1.157643	1.059156	4.441371	1.811045
7776	-6067.704	-6269.165	201.4618	0.417898	0.420601	0.0662548	0.0952455	1.622331	1.192995	4.893839	1.864848
7782	-6064.054	-6266.884	202.8299	0.434978	0.437792	0.0280913	0.0991383	1.512808	1.132781	4.331616	1.601161
7788	-6059.803	-6260.936	201.133	0.640053	0.172734	0.0413352	0.145878	1.849181	1.103997	4.580443	3.039324
7794	-6070.397	-6271.991	201.5937	0.569233	0.228522	0.0725082	0.129737	1.448224	1.075119	4.389602	3.457727
7800	-6075.453	-6276.825	201.3724	0.50695	0.23616	0.0749317	0.181958	1.448224	1.054255	5.021491	2.05891
7806	-6066.723	-6268.388	201.6643	0.394679	0.405323	0.0583371	0.141661	1.88689	1.021595	4.545818	2.38465
7812	-6070.995	-6272.869	201.8739	0.407252	0.418234	0.0170349	0.15748	1.326784	1.079711	4.618198	2.492267
7818	-6082.503	-6283.806	201.3028	0.4297	0.402395	0.0163897	0.151515	1.759977	1.025804	4.704521	2.64713
7824	-6069.782	-6272.087	202.3046	0.430062	0.424434	0.0270391	0.118465	1.633812	1.118778	4.51757	1.731605
7830	-6073.167	-6276.436	203.2692	0.407376	0.402045	0.131021	0.0595577	1.488556	1.158498	4.018413	1.731605
7836	-6073.293	-6275.61	202.3175	0.348848	0.372649	0.181219	0.0972841	0.8325587	1.124267	4.596237	2.543178
7842	-6069.1	-6271.661	202.5609	0.382899	0.409023	0.198908	0.00916977	0.8029639	1.041176	4.554556	2.460282
7848	-6071.353	-6274.429	203.0756	0.247478	0.535863	0.208236	0.00842218	0.7024933	1.052744	4.580655	1.817926
7854	-6075.935	-6278.58	202.6455	0.222799	0.482425	0.287194	0.00758229	0.5472233	1.088826	4.887378	1.829004
7860	-6081.171	-6283.799	202.6285	0.267593	0.526457	0.202836	0.00311324	1.105817	1.033883	4.887378	1.240467
7866	-6081.749	-6283.842	202.0931	0.28532	0.477151	0.227279	0.0102505	0.9708953	1.156779	5.200709	1.220587
7872	-6077.387	-6280.096	202.7089	0.359297	0.49592	0.120229	0.0245532	0.9355587	1.055947	4.813071	1.462337
7878	-6080.256	-6283.909	203.6535	0.425366	0.367282	0.170538	0.0368145	0.9870909	1.013287	4.322343	1.371696
7884	-6073.667	-6276.632	202.9654	0.383618	0.393965	0.182927	0.0394891	1.110879	1.065971	4.285179	2.086227
7890	-6066.415	-6269.959	203.5442	0.478236	0.332463	0.140072	0.049229	1.095114	1.213288	3.801927	2.275881
7896	-6075.376	-6277.198	201.8214	0.417443	0.260802	0.297203	0.0245515	1.20105	1.143259	4.783179	2.216954
7902	-6085.482	-6288.215	202.7327	0.488996	0.348731	0.105541	0.0567316	1.467926	1.129303	4.153107	2.188516
7908	-6075.136	-6277.663	202.5273	0.549621	0.223571	0.178232	0.0485772	1.380359	1.07185	4.345802	2.188516
7914	-6073.677	-6276.67	202.9925	0.464682	0.3272	0.141709	0.0664085	1.356738	1.217096	4.107142	1.959996
7920	-6078.705	-6278.755	200.0496	0.525946	0.247788	0.106979	0.119288	2.926196	0.9842569	5.003922	2.566199
7926	-6083.656	-6284.441	200.7845	0.587814	0.194589	0.0829406	0.134656	1.78817	0.9996808	5.08973	2.391062
7932	-6080.479	-6282.275	201.7955	0.576994	0.139637	0.186739	0.0966297	1.593588	1.192926	4.535325	2.315712
7938	-6079.364	-6280.613	201.2488	0.438686	0.272474	0.157094	0.131746	1.409	1.081812	4.717244	3.087323
7944	-6079.762	-6280.687	200.9245	0.646841	0.171431	0.0988379	0.0828901	1.939724	1.090636	4.649713	3.087323
7950	-6065.998	-6266.239	200.2414	0.585601	0.213733	0.125623	0.0750425	2.211562	1.116557	4.904827	3.087323
7956	-6059.101	-6260.097	200.9953	0.588906	0.21494	0.126332	0.0698226	1.500732	1.155814	4.909753	2.686433
7962	-6071.751	-6274.196	202.4447	0.620808	0.223284	0.0747672	0.0811408	2.194919	1.140509	4.061516	2.004038
7968	-6070.722	-6272.863	202.1406	0.389519	0.496297	0.034584	0.0795997	2.511253	1.16745	4.061516	2.083896
7974	-6098.73	-6301.545	202.8152	0.472992	0.313881	0.0211674	0.19196	1.43949	1.189814	4.031598	2.32358
7980	-6089.152	-6291.031	201.8784	0.364991	0.505141	0.0200128	0.109855	1.646951	1.140171	4.503363	2.290212
7986	-6084.087	-6286.364	202.2768	0.524536	0.268016	0.0368706	0.170577	1.169957	1.152398	4.421928	2.521308
7992	-6085.307	-6289.188	203.8813	0.355453	0.361814	0.158398	0.124335	1.169957	1.153973	3.939653	1.514682
7998	-6080.566	-6283.98	203.4139	0.422484	0.348997	0.0811125	0.147406	1.731111	1.095827	4.077164	1.281634
8004	-6094.946	-6297.403	202.4573	0.570822	0.275162	0.0345349	0.119482	1.691646	1.284115	4.013926	2.442204
8010	-6080.589	-6284.623	204.0341	0.532062	0.32438	0.0321899	0.111369	2.017941	1.30606	3.161366	1.904349
8016	-6080.814	-6284.781	203.9669	0.567521	0.269633	0.0440551	0.118791	1.618964	1.281209	3.41706	1.869769
8022	-6079.265	-6282.1	202.8352	0.495585	0.308787	0.0595869	0.136041	2.359203	1.1883	3.754024	1.981236
8028	-6078.173	-6280.371	202.1977	0.52284	0.298031	0.0296941	0.149434	1.78066	1.163497	4.199979	2.414975
8034	-6072.002	-6274.02	202.0181	0.424469	0.401756	0.0241073	0.149668	1.979713	1.116039	4.461546	1.87704
8040	-6059.706	-6262.401	202.6954	0.405478	0.425993	0.0304939	0.138035	1.558273	1.148383	4.25107	1.87704
8046	-6069.82	-6271.492	201.6715	0.459128	0.372076	0.0201882	0.148608	2.367543	1.127761	4.281092	2.393663
8052	-6070.088	-6271.875	201.7865	0.561202	0.307801	0.00806077	0.122937	1.622023	1.140186	4.461133	2.567535
8058	-6080.547	-6281.347	200.8004	0.648771	0.141535	0.0393764	0.170317	2.218025	1.174396	4.540573	3.138372
8064	-6076.178	-6278.26	202.0821	0.531465	0.256752	0.10009	0.111693	2.083959	1.115779	4.337128	1.980515
8070	-6064.843	-6267.316	202.4738	0.452146	0.367678	0.0851517	0.0950239	1.261743	1.114193	4.337128	2.380605
8076	-6073.132	-6275.621	202.4887	0.308255	0.557076	0.063645	0.0710237	1.028072	1.250499	4.553816	1.948435
8082	-6069.55	-6273.431	203.8805	0.35013	0.471682	0.111878	0.0663105	1.028072	1.249278	4.111416	1.227499
8088	-6062.687	-6265.353	202.6664	0.330501	0.496857	0.147756	0.024885	0.9305167	1.099884	4.501991	2.168934
8094	-6081.067	-6283.38	202.313	0.161983	0.694459	0.122087	0.0214711	0.61058	1.071874	5.160883	1.572157
8100	-6071.267	-6275.061	203.7942	0.291974	0.473851	0.213454	0.020721	1.040745	1.145324	4.319797	1.030695
8106	-6066.851	-6270.42	203.5692	0.246012	0.525259	0.21232	0.0164091	0.9992548	1.172677	4.319797	1.280602
8112	-6076.454	-6279.15	202.696	0.334321	0.509643	0.131834	0.0242026	1.072534	1.194255	4.253455	2.418616
8118	-6066.902	-6270.369	203.4673	0.340922	0.469705	0.109154	0.0802187	0.8773009	1.088217	4.383278	1.502734
8124	-6076.568	-6279.404	202.8361	0.495583	0.247269	0.160709	0.0964389	1.822347	1.231021	3.936317	2.026342
8130	-6082.965	-6286.082	203.1178	0.384755	0.375751	0.19182	0.0476737	1.081733	1.003119	4.464169	1.603587
8136	-6082.572	-6284.178	201.6061	0.474463	0.251908	0.26201	0.0116193	1.142079	1.068726	4.895099	2.42622
8142	-6076.468	-6279.045	202.5769	0.427798	0.376222	0.16318	0.0328	1.065642	1.073874	4.390345	2.424755
8148	-6084.376	-6286.725	202.3494	0.429615	0.299726	0.237719	0.0329394	1.089588	1.216934	4.390345	2.515738
8154	-6088.363	-6292.209	203.8468	0.460256	0.408718	0.115874	0.0151519	1.529292	1.255894	3.691697	1.560575
8160	-6073.987	-6277.887	203.9004	0.497711	0.369883	0.118694	0.0137123	1.724546	1.236554	3.402143	1.934508
8166	-6086.783	-6289.177	202.3941	0.41717	0.415227	0.0994868	0.0681162	1.599853	1.180752	4.256675	2.177224
8172	-6064.14	-6266.771	202.6305	0.428048	0.330433	0.171627	0.0698923	1.365766	1.180752	4.469821	1.643852
8178	-6072.433	-6274.961	202.5273	0.420571	0.413415	0.117972	0.0480421	1.296309	1.033208	4.546135	1.86575
8184	-6069.68	-6272.198	202.5186	0.483469	0.316865	0.112118	0.0875472	1.217847	1.053752	4.451116	2.17311
8190	-6063.462	-6265.809	202.3473	0.493605	0.323508	0.114469	0.068418	1.394068	1.130261	4.45013	2.084375
8196	-6075.516	-6277.649	202.1331	0.446899	0.385471	0.103638	0.0639923	1.463631	1.107554	4.45013	2.330739
8202	-6065.729	-6269.456	203.7266	0.368321	0.457578	0.135759	0.0383424	0.9381863	1.186253	4.137115	1.520035
8208	-6071.103	-6274.198	203.0955	0.360493	0.452482	0.134247	0.0527781	1.152198	1.052112	4.450601	1.520035
8214	-6075.302	-6279.012	203.71	0.402391	0.385001	0.149375	0.0632323	0.9864208	1.200345	4.004621	1.744247
8220	-6074.447	-6278.917	204.4703	0.389989	0.392991	0.152475	0.0645446	0.9455216	1.221969	3.648757	1.59578
8226	-6087.16	-6291.014	203.8543	0.335512	0.514945	0.0247866	0.124756	1.161005	1.211985	3.537459	2.39806
8232	-6073.694	-6277.265	203.5704	0.365308	0.358351	0.205936	0.0704056	1.210827	1.229041	4.113629	1.391605
8238	-6067.723	-6271.653	203.9297	0.324856	0.582652	0.0383579	0.0541339	0.9970708	1.179863	4.05515	1.391605
8244	-6072.897	-6276.723	203.8255	0.315182	0.565301	0.0785614	0.040956	0.8991121	1.283588	4.145293	1.326561
8250	-6069.434	-6273.509	204.0754	0.293992	0.650959	0.0172303	0.0378188	1.201882	1.283588	3.831871	1.326561
8256	-6066.798	-6270.423	203.6251	0.308903	0.633256	0.0181042	0.0397369	2.096491	1.188441	3.831871	1.11614
8262	-6067.637	-6271.538	203.9006	0.269326	0.552124	0.127969	0.0505808	0.8999724	1.292278	3.994864	1.529961
8268	-6053.079	-6255.744	202.6651	0.432695	0.453191	0.0414023	0.0727115	1.751417	1.146322	4.095386	2.07158
8274	-6068.333	-6270.689	202.3558	0.377367	0.449709	0.100771	0.0721528	1.298815	1.053435	4.592809	1.951318
8280	-6074.824	-6277.262	202.4371	0.366571	0.495217	0.110596	0.0276159	1.343262	1.08801	4.505007	1.951318
8286	-6068.026	-6270.729	202.7035	0.390297	0.52727	0.031427	0.0510055	1.502142	1.059579	4.392853	1.723044
8292	-6071.214	-6272.494	201.2799	0.565809	0.275783	0.0844665	0.073942	2.048678	1.137568	4.386423	3.060111
8298	-6080.971	-6281.72	200.7486	0.44888	0.270484	0.183225	0.0974103	2.063137	1.082473	4.709852	3.060111
8304	-6073.824	-6273.468	199.6436	0.530683	0.245962	0.148549	0.0748061	2.025455	1.010477	5.653037	2.283675
8310	-6068.742	-6271.567	202.8255	0.482337	0.263272	0.146933	0.107458	1.764737	1.154996	3.922347	2.242149
8316	-6065.659	-6268.306	202.6468	0.360871	0.448801	0.109931	0.0803967	1.765907	1.229909	4.082946	1.997543
8322	-6062.22	-6264.964	202.7442	0.487516	0.255362	0.148511	0.108611	1.318823	1.170572	4.001242	2.701935
8328	-6071.915	-6272.715	200.8003	0.447105	0.234195	0.228355	0.0903456	1.451809	1.151145	5.191811	2.287989
8334	-6063.247	-6265.202	201.9545	0.255248	0.571053	0.124421	0.0492784	1.109463	1.123268	5.000248	1.67287
8340	-6073.414	-6276.509	203.0949	0.376659	0.45528	0.120382	0.0476787	1.109894	1.144035	4.278887	1.828897
8346	-6071.205	-6273.976	202.771	0.320374	0.384445	0.254921	0.0402606	1.167298	1.096173	4.571019	1.58115
8352	-6070.466	-6272.881	202.4147	0.392459	0.44692	0.119199	0.0414217	1.463281	1.093818	4.205235	2.576833
8358	-6079.063	-6282.946	203.8828	0.419612	0.408655	0.127446	0.0442875	1.281123	1.295721	3.548195	2.055437
8364	-6068.647	-6273.397	204.7501	0.501538	0.331894	0.103507	0.0630614	1.281123	1.38688	2.875148	2.302312
8370	-6064.558	-6269.646	205.088	0.426845	0.447859	0.0924267	0.0328693	1.128794	1.236633	3.170748	1.598083
8376	-6078.004	-6281.957	203.9532	0.292269	0.587285	0.100381	0.0200654	1.016199	1.203562	4.004191	1.417504
8382	-6075.194	-6280.074	204.8803	0.242095	0.593287	0.144348	0.0202704	1.17215	1.274077	3.375606	1.346952
8388	-6073.087	-6276.709	203.6215	0.401221	0.345458	0.239226	0.0140954	0.9927758	1.247518	3.913615	1.99364
8394	-6071.527	-6275.208	203.6802	0.421376	0.474811	0.0241804	0.0796324	1.456555	1.217338	3.659156	1.965332
8400	-6069.718	-6273.381	203.6634	0.560901	0.326466	0.0450454	0.0675877	1.895406	1.406701	3.022637	2.762435
8406	-6068.957	-6271.896	202.9392	0.541315	0.340068	0.0533885	0.0652277	2.279692	1.379729	3.518335	2.207964
8412	-6073.576	-6276.881	203.3052	0.538771	0.33847	0.0531376	0.0696217	1.572541	1.265299	3.623341	2.366607
8418	-6070.624	-6274.02	203.3953	0.491798	0.38884	0.0393789	0.0799827	1.696552	1.379222	3.338763	2.63772
8424	-6072.327	-6274.251	201.9244	0.456975	0.353165	0.115541	0.0743192	1.982351	1.133179	4.346584	2.253613
8430	-6073.526	-6276.294	202.7685	0.463165	0.344829	0.0938185	0.0981878	1.677256	1.133179	4.115472	1.983941
8436	-6069.841	-6271.891	202.0497	0.484291	0.360556	0.0980976	0.0570554	2.00511	1.116909	4.223735	2.384575
8442	-6073.751	-6275.457	201.7063	0.524074	0.299265	0.0889732	0.0876877	1.618053	1.164933	4.563632	2.382921
8448	-6075.5	-6278.259	202.7589	0.559391	0.196607	0.168714	0.0752877	1.626891	1.149175	3.972119	2.382921
8454	-6074.851	-6277.032	202.1809	0.464725	0.339698	0.128476	0.067101	1.459474	1.1099	4.403655	2.382921
8460	-6072.456	-6274.803	202.3465	0.516494	0.327291	0.0910725	0.0651428	1.459474	1.145654	4.403655	2.098367
8466	-6072.175	-6276.838	204.6632	0.474493	0.300676	0.164985	0.0598454	1.214086	1.277949	3.258967	1.785779
8472	-6077.509	-6280.03	202.5204	0.389073	0.441699	0.135284	0.0339441	1.245557	1.060133	4.838559	1.279983
8478	-6084.91	-6285.931	201.0212	0.565205	0.124084	0.248388	0.0623229	2.292649	0.9790674	4.863179	2.129651
8484	-6078.452	-6279.627	201.175	0.563384	0.100025	0.247588	0.089003	1.387968	1.028301	5.146076	2.129651
8490	-6088.213	-6288.358	200.1447	0.631734	0.183282	0.0851831	0.0998009	3.274215	1.174613	4.70699	2.631963
8496	-6078.72	-6279.412	200.6914	0.647675	0.170406	0.0618516	0.120068	2.437631	1.145048	4.70699	2.631963
8502	-6078.794	-6280.546	201.7525	0.654449	0.172188	0.0520398	0.121323	2.646709	1.27974	3.758082	3.187396
8508	-6076.615	-6279.105	202.4903	0.669929	0.119	0.0868775	0.124193	2.273432	1.232647	3.706139	2.615231
8514	-6080.739	-6283.027	202.2884	0.624894	0.135237	0.0987313	0.141138	2.314396	1.338562	3.503506	3.303916
8520	-6083.581	-6286.122	202.5409	0.678608	0.139976	0.102191	0.0792257	1.939918	1.169609	3.685038	3.089585
8526	-6079.081	-6280.933	201.8521	0.657789	0.037371	0.223731	0.0811083	2.446739	1.237816	3.833527	3.089585
8532	-6074.132	-6275.778	201.6465	0.458183	0.402353	0.0786489	0.0608147	1.672409	1.111711	4.556469	2.502838
8538	-6072.28	-6274.429	202.1488	0.476776	0.329619	0.143783	0.0498211	1.75509	1.042249	4.507034	1.92514
8544	-6084.812	-6286.413	201.6008	0.525492	0.233247	0.186349	0.0549117	1.445845	1.1082	4.507034	3.026396
8550	-6088.884	-6290.226	201.3425	0.560052	0.228058	0.11711	0.0947807	1.597741	1.188266	4.534055	3.026396
8556	-6082.616	-6285.158	202.5416	0.48644	0.222274	0.248098	0.0431878	1.231916	1.123012	4.2745	2.471943
8562	-6066.172	-6269.376	203.2043	0.546851	0.209668	0.183713	0.0597677	1.424409	1.219105	3.712904	2.545376
8568	-6072.671	-6276.885	204.2139	0.463915	0.25204	0.225807	0.0582389	1.073036	1.176356	3.590681	1.939607
8574	-6071.215	-6273.088	201.8728	0.517806	0.165151	0.252038	0.0650043	1.591454	1.155229	4.02292	3.764693
8580	-6069.056	-6270.773	201.7166	0.502214	0.183822	0.280532	0.0334319	1.844543	1.207284	4.168806	3.117114
8586	-6073.211	-6273.415	200.2033	0.631766	0.126708	0.208951	0.0325751	1.48032	1.152367	4.735163	4.818046
8592	-6061.498	-6264.062	202.5644	0.608452	0.122032	0.20124	0.0682762	1.683485	1.138761	3.775004	3.182352
8598	-6064.59	-6267.126	202.5358	0.559111	0.124917	0.289071	0.0269004	1.414296	1.208655	3.944214	3.000609
8604	-6068.233	-6270.249	202.0156	0.581812	0.022622	0.38208	0.0134865	1.535507	1.020309	4.495936	2.420346
8610	-6083.592	-6285.823	202.2312	0.581326	0.0234379	0.381761	0.0134753	2.174412	1.07409	4.087172	2.351519
8616	-6078.852	-6279.507	200.6556	0.601433	0.0153663	0.380982	0.00221819	1.926745	0.9782039	5.12819	2.351519
8622	-6082.074	-6282.246	200.1725	0.681905	0.0174224	0.297407	0.00326536	2.331416	1.00094	5.12819	2.599356
8628	-6083.065	-6285.077	202.012	0.627259	0.0328833	0.339034	0.000823791	1.500598	1.172609	3.944514	3.876795
8634	-6072.618	-6274.564	201.9458	0.627259	0.0328833	0.339034	0.000823791	1.827189	1.123186	4.376086	2.333651
8640	-6072.487	-6274.749	202.2622	0.636908	0.0154323	0.339321	0.00833797	1.913061	1.123186	4.173244	2.297715
8646	-6077.34	-6278.471	201.131	0.615738	0.159443	0.213184	0.0116349	2.257152	1.172857	4.349866	3.107217
8652	-6072.717	-6274.595	201.8772	0.461507	0.194185	0.330138	0.0141701	1.575299	1.200697	4.012294	3.730744
8658	-6068.711	-6271.901	203.19	0.663431	0.11738	0.199561	0.0196285	2.058079	1.314319	3.541995	2.115778
8664	-6077.436	-6280.731	203.2952	0.608746	0.107705	0.199809	0.0837404	1.572593	1.364366	3.375411	2.884976
8670	-6066.478	-6268.068	201.5902	0.578616	0.192598	0.168272	0.0605145	1.930238	1.205483	4.042877	3.624117
8676	-6075.686	-6276.695	201.009	0.618341	0.20582	0.138794	0.0370453	2.151007	1.113027	4.534474	2.988992
8682	-6086.816	-6288.438	201.6219	0.514185	0.172064	0.268756	0.0449955	2.167076	1.124296	4.480064	2.167353
8688	-6081.612	-6283.611	201.999	0.566295	0.0601716	0.345962	0.0275716	1.38355	1.092857	4.436958	2.696394
8694	-6082.285	-6284.633	202.3471	0.527661	0.0960484	0.337685	0.0386056	1.38355	1.218602	4.208119	2.589235
8700	-6072.864	-6275.581	202.7168	0.532834	0.0941133	0.350358	0.0226946	1.40223	1.069635	4.20244	2.253875
8706	-6070.811	-6271.986	201.1752	0.558595	0.0951313	0.325208	0.0210655	1.853871	1.030765	4.852961	2.321766
8712	-6078.612	-6279.668	201.0563	0.482513	0.205185	0.288807	0.0234949	1.423558	1.069156	5.061965	2.411673
8718	-6089.546	-6291.043	201.4971	0.344585	0.374604	0.252839	0.0279718	1.140475	1.089212	4.701224	3.122627
8724	-6085.97	-6287.707	201.7368	0.386334	0.357148	0.241057	0.0154598	1.140475	1.101779	4.537568	3.19081
8730	-6085.135	-6288.087	202.9518	0.378316	0.339947	0.233752	0.0479849	1.093584	1.120094	4.072046	2.594682
8736	-6092.126	-6295.149	203.0227	0.372979	0.335151	0.230454	0.061416	1.276799	1.067114	4.072046	2.310025
8742	-6087.403	-6290.2	202.7975	0.508075	0.209918	0.205216	0.0767914	2.391442	1.337652	3.542962	2.299034
8748	-6092.144	-6295.074	202.9297	0.5471	0.247627	0.118798	0.0864757	1.529677	1.369655	3.681014	2.680589
8754	-6085.2	-6288.787	203.5871	0.473536	0.307566	0.102824	0.116075	1.511881	1.186513	3.723152	1.91991
8760	-6094.667	-6296.703	202.0359	0.418444	0.359475	0.120178	0.101903	1.259914	1.120517	4.767833	1.91991
8766	-6079.454	-6280.796	201.3416	0.329361	0.44912	0.0942042	0.127315	1.306984	1.116636	5.056846	2.101051
8772	-6083.172	-6285.725	202.5529	0.330914	0.446522	0.0946485	0.127916	1.306984	1.064861	4.652049	1.551062
8778	-6072.513	-6275.604	203.0914	0.292904	0.500511	0.111852	0.0947334	1.143545	1.01948	4.80371	0.8987793
8784	-6087.183	-6289.151	201.9679	0.37303	0.372083	0.163822	0.0910642	1.169785	1.129384	4.7538	2.146692
8790	-6080.748	-6283.075	202.327	0.422981	0.346845	0.163325	0.0668493	1.215134	1.028966	5.023666	1.194557
8796	-6070.097	-6271.544	201.4474	0.427966	0.25116	0.229202	0.0916713	1.435965	1.059254	4.93885	2.167768
8802	-6075.908	-6277.468	201.5597	0.472772	0.198831	0.253199	0.0751992	1.294643	1.076934	4.937109	2.167768
8808	-6078.008	-6279.443	201.4348	0.478315	0.247842	0.224962	0.0488804	1.466368	1.048303	4.937109	2.167768
8814	-6081.667	-6283.667	201.9997	0.475	0.253055	0.223403	0.0485416	1.178294	1.182454	4.701954	2.146309
8820	-6078.768	-6280.243	201.4754	0.537198	0.193328	0.139659	0.129815	1.507558	1.118311	4.232994	4.032396
8826	-6093.859	-6295.359	201.4993	0.643108	0.0803433	0.179777	0.0967723	1.345371	1.274631	3.871697	5.346943
8832	-6075.677	-6277.987	202.3099	0.549697	0.136179	0.204203	0.109921	1.239579	1.141787	4.305188	2.704051
8838	-6068.956	-6272.502	203.5461	0.351373	0.450934	0.130529	0.0671637	1.099499	1.141787	4.222302	1.421826
8844	-6096.315	-6300.776	204.4604	0.260875	0.546657	0.106638	0.0858304	0.7142576	1.270854	3.668891	1.800467
8850	-6077.879	-6281.987	204.1077	0.260875	0.546657	0.106638	0.0858304	1.063866	1.261365	4.074327	1.010749
8856	-6078.072	-6282.024	203.9521	0.251645	0.562695	0.102866	0.0827939	0.7757248	1.303715	3.502906	2.793493
8862	-6074.777	-6278.739	203.9617	0.38831	0.34193	0.252943	0.0168168	0.8265944	1.262884	3.694678	2.261495
8868	-6074.941	-6278.927	203.9859	0.387005	0.340781	0.252094	0.0201199	1.369121	1.218257	3.694678	1.600466
8874	-6071.02	-6275.186	204.1657	0.444038	0.283251	0.254147	0.0185639	1.03289	1.239868	3.667085	1.801182
8880	-6072.236	-6275.449	203.2135	0.405037	0.471769	0.105816	0.0173783	1.419111	1.216049	3.884634	2.112976
8886	-6069.625	-6273.369	203.7432	0.350622	0.485916	0.154739	0.00872297	1.131547	1.257106	3.592664	2.397026
8892	-6069.065	-6272.964	203.8985	0.394258	0.539727	0.0626488	0.00336614	1.197616	1.176087	3.769029	1.795078
8898	-6071.416	-6273.759	202.343	0.360195	0.556777	0.0655024	0.0175259	1.531543	1.1664	4.290961	2.265539
8904	-6057.308	-6260.461	203.1532	0.464084	0.458058	0.0435504	0.0343082	1.373586	1.145356	4.078484	1.889843
8910	-6066.444	-6269.29	202.8455	0.364526	0.528007	0.0621862	0.0452803	1.357646	1.310816	3.997853	2.295559
8916	-6067.101	-6270.763	203.6616	0.291875	0.603729	0.0491529	0.0552429	1.103633	1.178779	3.997853	1.702319
8922	-6061.098	-6264.38	203.2821	0.291875	0.603729	0.0491529	0.0552429	1.33243	1.1992	4.084135	1.693977
8928	-6071.182	-6274.244	203.0621	0.21001	0.592911	0.157331	0.0397484	1.106694	1.196005	4.451529	1.441303
8934	-6071.167	-6274.383	203.2156	0.262825	0.573806	0.0984838	0.064885	1.00892	1.069399	4.561754	1.299956
8940	-6068.785	-6271.702	202.9169	0.278204	0.531731	0.123735	0.0663299	1.433275	1.105271	4.334908	1.605703
8946	-6069.969	-6273.586	203.617	0.488231	0.259335	0.217148	0.035286	1.433275	1.209002	3.844565	1.674255
8952	-6069.42	-6273.043	203.6235	0.455998	0.318836	0.192353	0.0328136	1.142505	1.180112	4.084922	1.5188
8958	-6066.19	-6267.889	201.6992	0.36838	0.389422	0.228539	0.0136594	1.201649	1.011872	5.226282	1.5188
8964	-6067.993	-6269.056	201.0626	0.318731	0.489553	0.180084	0.0116323	0.9491275	1.002727	5.610582	1.754194
8970	-6065.708	-6267.916	202.2078	0.364708	0.352769	0.265381	0.017142	1.057618	1.069787	4.99787	1.500596
8976	-6081.348	-6284.434	203.0857	0.362558	0.353277	0.265763	0.0184025	1.176283	1.168295	4.154699	2.011664
8982	-6084.288	-6286.993	202.705	0.431308	0.46745	0.0768928	0.0243498	1.176283	1.252576	4.154699	2.428363
8988	-6073.242	-6277.538	204.2961	0.313408	0.592486	0.0826447	0.011462	0.8815703	1.220284	3.953084	1.269466
8994	-6077.92	-6279.072	201.1524	0.475878	0.359374	0.147345	0.0174038	1.038938	1.149015	5.218213	2.269063
9000	-6077.201	-6277.906	200.7047	0.457466	0.34547	0.141644	0.0554194	1.705183	1.158006	5.093656	2.363397
9006	-6081.811	-6284.337	202.5256	0.442445	0.334126	0.169829	0.0535996	1.191243	1.07525	4.494708	2.062131
9012	-6079.246	-6283.504	204.2585	0.444873	0.355559	0.18277	0.0167987	1.191243	1.225838	3.506015	1.858581
9018	-6084.439	-6288.699	204.2603	0.25031	0.598421	0.136281	0.0149884	0.9283212	1.30551	3.73368	1.592314
9024	-6084.877	-6290.245	205.3681	0.225024	0.645165	0.100999	0.0288119	0.9150282	1.274628	3.599678	0.7210386
9030	-6090.527	-6292.192	201.6656	0.49161	0.281492	0.0901461	0.136751	2.251518	1.117095	4.416108	2.190797
9036	-6071.566	-6273.802	202.2359	0.595424	0.201136	0.125403	0.0780364	1.604735	1.213067	4.320092	2.190797
9042	-6071.108	-6274.501	203.3932	0.408941	0.506417	0.0322239	0.0524179	1.604735	1.132967	4.052641	1.426514
9048	-6068.755	-6271.653	202.8987	0.373904	0.51088	0.0891143	0.0261022	1.334178	1.079293	4.496477	1.426514
9054	-6070.348	-6272.917	202.569	0.344189	0.581324	0.0619761	0.0125113	1.581181	1.177783	4.183328	2.139928
9060	-6073.345	-6275.159	201.814	0.563197	0.314147	0.0850265	0.037629	1.68919	1.106866	4.574263	2.200751
9066	-6073.834	-6276.691	202.857	0.447972	0.284669	0.233261	0.034098	1.269636	1.259897	4.094619	2.224538
9072	-6061.95	-6264.636	202.6854	0.475359	0.387091	0.0907901	0.04676	1.39063	1.247228	4.137032	2.224538
9078	-6070.06	-6274.052	203.9923	0.543397	0.330969	0.0294405	0.0961941	1.905113	1.360567	3.245507	1.815674
9084	-6073.627	-6274.833	201.2056	0.565719	0.344565	0.0439868	0.0457299	2.465003	1.226865	4.563103	2.110795
9090	-6070.562	-6273.518	202.9564	0.42248	0.424995	0.0752964	0.0772287	1.218711	1.221042	4.219501	1.909348
9096	-6068.505	-6271.193	202.6878	0.314654	0.482908	0.156781	0.0456576	1.326946	1.130099	4.499689	1.614189
9102	-6075.786	-6278.449	202.6634	0.332389	0.444389	0.165617	0.0576047	1.454033	1.171403	4.107651	2.358338
9108	-6058.558	-6261.444	202.8868	0.59704	0.214315	0.109538	0.0791069	1.460123	1.187654	3.824359	2.738062
9114	-6066.307	-6270.049	203.7415	0.424874	0.310213	0.158552	0.106361	1.576121	1.187654	3.621275	1.875561
9120	-6072.522	-6274.883	202.3609	0.406823	0.408408	0.151816	0.0329522	1.584424	1.223133	4.129168	2.508032
9126	-6069.998	-6273.55	203.5527	0.459359	0.343777	0.186584	0.0102801	1.184152	1.239679	3.960725	1.746408
9132	-6057.933	-6261.48	203.5471	0.418071	0.312878	0.242362	0.0266897	1.459518	1.175537	3.679348	2.151044
9138	-6057.561	-6260.593	203.0322	0.522558	0.280844	0.140321	0.0562778	1.556961	1.181746	3.679348	2.783444
9144	-6073.941	-6276.951	203.0103	0.413189	0.231084	0.260221	0.0955061	1.51861	1.209388	3.803621	2.49181
9150	-6070.292	-6272.995	202.7033	0.553757	0.24245	0.075795	0.127998	1.674339	1.23453	3.779778	2.790325
9156	-6070.144	-6273.172	203.0273	0.493186	0.236982	0.176332	0.0935002	1.346802	1.262622	3.687355	2.936208
9162	-6071.964	-6274.711	202.7466	0.537144	0.248282	0.140221	0.0743524	1.764899	1.244973	3.793131	2.55572
9168	-6058.314	-6260.854	202.5403	0.515283	0.238178	0.175213	0.0713264	1.690244	1.21477	3.992919	2.478324
9174	-6072.281	-6273.389	201.1082	0.627993	0.0601452	0.224933	0.086928	1.809303	1.060481	4.713826	2.811551
9180	-6059.027	-6259.902	200.8746	0.656079	0.0385461	0.241681	0.0636937	2.415003	1.114207	4.566357	2.811551
9186	-6072.397	-6271.666	199.2695	0.739701	0.00793535	0.171884	0.0804797	2.439609	1.045002	5.487036	2.811551
9192	-6076.193	-6276.25	200.057	0.605629	0.00649705	0.268611	0.119263	2.788064	0.9126403	5.224889	2.20154
9198	-6090.366	-6292.242	201.8754	0.679549	0.00692964	0.243521	0.0700005	2.672937	1.149445	4.154213	2.10426
9204	-6081.266	-6282.437	201.1711	0.660354	0.00606373	0.320059	0.013524	2.96365	1.091626	4.227709	2.772551
9210	-6082.054	-6283.143	201.0888	0.640073	0.0127724	0.334046	0.0131087	2.96365	1.15572	4.194117	2.897586
9216	-6077.257	-6279.688	202.4313	0.4836	0.221273	0.287631	0.0074965	1.164107	1.116927	4.405281	2.396467
9222	-6066.709	-6269.996	203.2874	0.45455	0.217105	0.320578	0.00776652	0.9842368	1.186191	4.207151	1.849179
9228	-6074.256	-6276.517	202.2607	0.474638	0.199841	0.295087	0.0304328	1.158603	1.190913	4.129725	3.351157
9234	-6079.686	-6283.679	203.9927	0.417553	0.266965	0.276273	0.0392098	1.234349	1.210391	3.603868	1.952848
9240	-6103.043	-6305.075	202.0318	0.182323	0.733905	0.0338815	0.0498906	1.151302	1.136528	5.093793	1.326025
9246	-6093.385	-6296.172	202.7865	0.180811	0.76312	0.00659233	0.0494768	0.9140098	0.9772189	5.093793	0.9510342
9252	-6085.566	-6288.847	203.2809	0.187912	0.752068	0.00685122	0.0531694	0.9544163	1.096597	4.575649	1.232482
9258	-6088.864	-6292.689	203.8251	0.331355	0.571048	0.0173467	0.0802506	0.8903941	1.048381	4.270309	1.353425
9264	-6091.586	-6294.595	203.0094	0.400769	0.474365	0.0925933	0.0322729	1.392763	1.198634	4.097982	1.940897
9270	-6087.24	-6290.768	203.5286	0.362857	0.524089	0.0838342	0.0292199	1.418041	1.186179	3.970428	1.560512
9276	-6085.385	-6287.951	202.5659	0.313262	0.55952	0.0972087	0.030009	1.163298	1.192058	4.588539	1.679615
9282	-6080.812	-6283.664	202.8524	0.331749	0.47869	0.168124	0.0214372	0.9875985	1.07752	4.588539	1.679615
9288	-6078.704	-6281.13	202.4262	0.493779	0.227397	0.250238	0.0285864	1.418706	1.159521	4.661916	1.451374
9294	-6082.66	-6283.485	200.8247	0.526838	0.242621	0.179783	0.0507577	1.814606	1.076123	5.069104	2.246471
9300	-6076.842	-6278.263	201.4204	0.536183	0.00734812	0.435934	0.0205342	1.497092	1.154815	4.557375	3.025882
9306	-6081.566	-6283.791	202.2251	0.567253	0.0245464	0.386384	0.0218166	1.723625	1.039563	4.14818	2.773104
9312	-6072.72	-6274.841	202.1211	0.566176	0.0246075	0.387346	0.0218709	1.837489	1.200173	4.14818	2.543859
9318	-6079.104	-6281.011	201.907	0.560552	0.0118759	0.408317	0.0192557	1.599872	1.109566	4.450583	2.487862
9324	-6083.821	-6285.25	201.4291	0.524475	0.0110965	0.436696	0.0277326	1.994617	1.041843	4.450583	2.850185
9330	-6084.106	-6286.558	202.4515	0.577115	0.0962661	0.296103	0.030516	2.32575	1.170331	4.011552	1.949647
9336	-6092.328	-6295.305	202.9773	0.589926	0.0770024	0.31706	0.0160116	1.602937	1.133083	4.009156	2.036391
9342	-6075.094	-6281.258	206.1641	0.366713	0.41882	0.174878	0.0395889	0.7488074	1.381867	2.625068	1.678374
9348	-6057.156	-6262.747	205.5902	0.321267	0.465423	0.194337	0.0189728	1.158985	1.450618	2.54519	1.956803
9354	-6062.166	-6265.755	203.5894	0.384183	0.504498	0.0832235	0.0280954	1.371472	1.20703	3.944935	1.565645
9360	-6075.123	-6278.175	203.0516	0.32738	0.511678	0.0391849	0.121758	1.229733	1.151478	4.201616	1.903564
9366	-6081.615	-6284.62	203.0048	0.314728	0.491904	0.076316	0.117052	1.487113	1.13701	4.27414	1.5357
9372	-6086.18	-6288.694	202.5141	0.315558	0.487427	0.0797879	0.117227	1.341412	1.173817	4.606069	1.528269
9378	-6073.811	-6277.939	204.1274	0.334875	0.517265	0.0846722	0.0631876	0.9450952	1.250676	3.637851	2.016966
9384	-6073.096	-6276.553	203.4567	0.336681	0.531916	0.0852434	0.0461594	1.085513	1.176566	4.141526	1.668919
9390	-6075.536	-6277.864	202.3281	0.307703	0.460441	0.142424	0.0894312	1.085513	1.085078	4.774456	1.788302
9396	-6068.479	-6271.677	203.1986	0.308495	0.501995	0.0998484	0.0896613	1.234161	1.11086	4.351016	1.447669
9402	-6079.123	-6282.862	203.7393	0.252209	0.548861	0.125628	0.0733021	1.093807	1.083136	4.13609	1.447669
9408	-6075.128	-6278.101	202.9724	0.260031	0.565885	0.129525	0.0445588	1.176046	1.166962	4.219059	2.013667
9414	-6077.836	-6281.3	203.4635	0.342259	0.428608	0.170483	0.0586493	1.236215	1.193446	3.770509	2.305252
9420	-6084.685	-6287.711	203.0255	0.609061	0.0933195	0.193857	0.103763	2.007308	1.26794	3.191235	3.458815
9426	-6080.051	-6282.619	202.5682	0.59297	0.146279	0.159708	0.101043	1.848221	1.297118	3.51445	3.458815
9432	-6073.239	-6274.954	201.7142	0.628056	0.0861601	0.178762	0.107021	2.131938	1.114625	4.26507	2.642549
9438	-6080.08	-6280.091	200.0115	0.645506	0.144236	0.133077	0.07718	2.836307	1.069844	4.932769	2.777884
9444	-6072.552	-6273.016	200.4643	0.650718	0.158576	0.105664	0.0850414	1.965137	1.021889	4.932769	3.091785
9450	-6088.895	-6289.346	200.4512	0.396936	0.509514	0.0553357	0.0382143	1.109879	1.092028	5.210801	3.397178
9456	-6083.058	-6284.433	201.375	0.438258	0.422982	0.0610964	0.0776635	1.680209	1.131588	4.599527	2.763521
9462	-6087.39	-6291.37	203.9803	0.410089	0.395795	0.128873	0.0652432	1.533586	1.310142	3.410265	1.9232
9468	-6081.698	-6285.317	203.619	0.365604	0.45815	0.114893	0.0613531	0.9680445	1.283874	4.092378	1.588802
9474	-6083.846	-6286.744	202.8972	0.308995	0.438787	0.196573	0.0556447	1.072069	1.184747	3.889329	3.130963
9480	-6083.029	-6287.069	204.0407	0.394805	0.438518	0.120509	0.046168	0.8326835	1.12903	4.120071	1.3848
9486	-6082.785	-6285.097	202.3114	0.51081	0.209976	0.256571	0.0226433	1.172464	1.149493	4.209953	3.06642
9492	-6086.843	-6289.716	202.8729	0.496148	0.203949	0.27774	0.0221635	1.188703	1.14076	4.219878	2.166583
9498	-6083.335	-6286.038	202.7036	0.465912	0.226257	0.287018	0.0208128	1.188703	1.14076	4.374335	2.025149
9504	-6084.949	-6286.895	201.946	0.451236	0.259355	0.269842	0.0195672	1.190565	0.996638	4.878912	2.025149
9510	-6070.639	-6271.344	200.7052	0.449035	0.249617	0.268525	0.0328231	1.528507	1.007782	5.32508	2.190435
9516	-6077.551	-6279.2	201.6485	0.498326	0.182768	0.298001	0.0209044	1.266974	1.096581	4.957773	2.004297
9522	-6079.665	-6281.705	202.0397	0.476696	0.229973	0.228291	0.0650403	1.359901	0.9609835	4.941135	1.611873
9528	-6071.498	-6271.521	200.0231	0.435792	0.337698	0.159127	0.0673827	1.913471	0.9914055	5.719596	1.75338
9534	-6075.656	-6275.963	200.3064	0.477241	0.369816	0.0791509	0.0737916	1.399724	1.036293	5.33419	2.895749
9540	-6080.605	-6280.717	200.1126	0.574956	0.249978	0.0861657	0.0889004	1.437425	1.096401	5.33419	3.062812
9546	-6070.701	-6272.742	202.0414	0.513471	0.330185	0.0769512	0.0793934	1.764619	1.105646	4.306493	2.472782
9552	-6082.129	-6283.951	201.8224	0.505852	0.296536	0.0533075	0.144304	1.856564	1.098788	4.523283	2.140765
9558	-6080.812	-6281.693	200.8807	0.396076	0.462826	0.0380623	0.103035	1.525279	1.063383	4.962505	2.831162
9564	-6070.467	-6271.675	201.2084	0.551668	0.129471	0.266999	0.0518618	1.558288	0.9597167	5.092247	2.108078
9570	-6068.799	-6270.483	201.6843	0.464672	0.150334	0.310023	0.0749718	2.190392	1.079673	4.657088	1.709574
9576	-6076.265	-6277.355	201.09	0.486835	0.157504	0.324809	0.0308516	1.2607	1.01673	5.19407	2.306164
9582	-6077.52	-6279.445	201.9244	0.466919	0.189246	0.285863	0.0579717	1.2607	1.169745	4.744469	2.057121
9588	-6073.428	-6277.228	203.8	0.388024	0.346255	0.22092	0.0448014	1.213514	1.10058	4.083244	1.335658
9594	-6064.711	-6266.445	201.7343	0.421247	0.394128	0.139701	0.0449237	1.323985	1.055134	4.717971	2.475089
9600	-6066.286	-6269.228	202.9426	0.412544	0.385986	0.157475	0.0439956	1.205378	1.164661	3.964485	2.665755
9606	-6080.755	-6282.687	201.9316	0.372116	0.474985	0.149552	0.0033473	1.489897	1.235766	4.334563	2.71595
9612	-6076.244	-6276.794	200.5504	0.438689	0.299632	0.258102	0.00357693	1.259211	1.074874	4.944918	3.877604
9618	-6063.794	-6264.874	201.0795	0.539541	0.0759428	0.380117	0.00439925	1.843232	1.114369	4.515329	3.322318
9624	-6072.776	-6275.536	202.7603	0.486485	0.220365	0.288998	0.00415186	1.424946	1.012396	4.276687	2.063539
9630	-6076.662	-6279.964	203.3017	0.568959	0.107093	0.31936	0.00458805	1.533328	1.291049	3.585855	2.47828
9636	-6069.956	-6272.967	203.011	0.462144	0.274726	0.259404	0.0037267	1.194407	1.190275	3.998092	2.44901
9642	-6070.482	-6273.203	202.7211	0.462144	0.274726	0.259404	0.0037267	1.379522	1.162595	4.205246	2.13913
9648	-6076.523	-6278.929	202.4061	0.551579	0.125039	0.309605	0.013777	1.379522	1.083103	4.420734	2.157794
9654	-6075.094	-6275.632	200.5371	0.675117	0.0709129	0.24315	0.0108198	1.977909	1.053229	4.822734	3.236008
9660	-6082.523	-6283.432	200.9084	0.483225	0.196511	0.298304	0.0219599	1.97072	1.109649	4.733261	2.797135
9666	-6084.031	-6284.321	200.2903	0.46339	0.229492	0.286059	0.0210585	1.662279	0.9414579	5.526214	2.19573
9672	-6086.883	-6288.537	201.6538	0.463161	0.313213	0.199291	0.0243355	1.496679	1.123373	4.478569	2.923744
9678	-6086.884	-6289.527	202.6424	0.4902	0.269615	0.183651	0.0565341	1.210095	1.151855	4.429085	1.936265
9684	-6077.083	-6279.242	202.1598	0.489339	0.323321	0.183329	0.00401059	1.696472	1.070425	4.568309	1.795646
9690	-6071.304	-6273.812	202.5075	0.446458	0.343036	0.198094	0.0124128	1.466793	1.039586	4.51938	1.750313
9696	-6077.611	-6279.327	201.7163	0.446458	0.343036	0.198094	0.0124128	1.232327	1.143437	4.987222	1.827987
9702	-6075.878	-6278.258	202.3805	0.493736	0.239803	0.219071	0.0473891	1.477143	1.087726	4.523965	1.827987
9708	-6082.27	-6282.018	199.7488	0.588134	0.107441	0.260956	0.0434692	2.040455	1.033022	5.357885	2.892048
9714	-6079.357	-6280.184	200.8272	0.578372	0.111473	0.27601	0.034145	1.431479	1.047386	4.777167	3.677513
9720	-6091.539	-6291.752	200.2125	0.436178	0.44972	0.0398591	0.0742422	2.059921	1.073943	5.197833	2.531355
9726	-6071.893	-6273.062	201.1694	0.447562	0.461457	0.0408994	0.0500819	1.961945	1.107391	4.757134	2.347471
9732	-6079.1	-6282.862	203.7617	0.447562	0.461457	0.0408994	0.0500819	1.984097	1.298032	3.309855	1.976206
9738	-6072.025	-6275.386	203.3606	0.602879	0.28337	0.0585255	0.0552251	1.984097	1.259235	3.567221	1.976206
9744	-6072.998	-6276.339	203.3404	0.386231	0.304478	0.147046	0.162244	1.135277	1.181912	3.567221	3.22798
9750	-6080.709	-6282.466	201.7575	0.595304	0.251123	0.089899	0.0636749	2.194682	1.213234	4.190952	2.555948
9756	-6073.446	-6275.763	202.3171	0.534772	0.223186	0.12548	0.116563	1.49285	1.094995	4.25313	2.555948
9762	-6083.639	-6286.123	202.484	0.509334	0.171888	0.265286	0.0534924	1.38361	1.32731	3.972264	2.854672
9768	-6078.796	-6281.112	202.3167	0.442525	0.295999	0.217599	0.0438768	1.143131	1.123937	4.780037	1.672855
9774	-6075.03	-6276.694	201.6638	0.507727	0.30557	0.15524	0.031463	1.143131	1.089778	5.043231	1.94387
9780	-6082.833	-6283.652	200.8188	0.551042	0.165381	0.137604	0.145973	2.110913	1.058773	5.080372	1.94387
9786	-6083.463	-6283.083	199.6198	0.662239	0.0713908	0.150007	0.116363	2.994726	1.09008	5.080372	2.792672
9792	-6082.473	-6284.824	202.3505	0.662788	0.0714499	0.150131	0.115631	2.144547	1.168071	3.960029	2.396613
9798	-6084.801	-6287.048	202.2467	0.629209	0.0235476	0.273811	0.0734326	1.638935	1.216154	4.200764	2.432882
9804	-6079.85	-6281.967	202.1169	0.574515	0.130532	0.227903	0.0670495	2.308534	1.149425	4.018956	2.444968
9810	-6087.838	-6289.994	202.156	0.590566	0.0977659	0.23427	0.0773984	1.353483	1.17098	4.360724	2.583185
9816	-6081.494	-6283.458	201.9642	0.460321	0.32577	0.131817	0.0820929	1.907227	1.04429	4.65626	1.669358
9822	-6071.511	-6273.608	202.097	0.50412	0.356767	0.0241223	0.11499	1.845631	1.114493	4.316886	2.258794
9828	-6073.797	-6276.562	202.7658	0.484005	0.340355	0.0417182	0.133922	1.767859	1.176536	3.936038	2.258794
9834	-6072.362	-6274.124	201.7624	0.404401	0.41385	0.0729102	0.108839	1.19207	1.164555	4.331956	3.599882
9840	-6073.671	-6276.036	202.3648	0.529258	0.260333	0.0844071	0.126002	1.968021	1.143593	4.031407	2.420177
9846	-6072.352	-6275.161	202.8091	0.48745	0.267747	0.119055	0.125748	1.379251	1.081086	4.426267	1.627362
9852	-6067	-6267.75	200.7503	0.479774	0.365239	0.0590708	0.0959158	1.457296	1.100631	5.218453	2.356633
9858	-6077.415	-6279.918	202.5036	0.435494	0.297573	0.190069	0.0768635	1.153397	1.07372	4.619809	1.847456
9864	-6076.781	-6280.355	203.5734	0.463607	0.278537	0.17791	0.0799458	1.080944	1.19786	3.943985	1.93755
9870	-6069.93	-6272.902	202.9728	0.428928	0.439419	0.0584019	0.0732507	1.227682	1.283745	3.747995	2.999152
9876	-6067.53	-6267.952	200.4223	0.608497	0.278567	0.0500994	0.0628372	2.648377	1.115436	4.668582	2.999152
9882	-6070.121	-6271.295	201.1741	0.607277	0.278008	0.0778107	0.0369034	2.772315	1.161047	4.260705	2.751832
9888	-6071.598	-6272.947	201.3483	0.563994	0.219589	0.0614599	0.154957	3.002755	1.223563	4.255575	2.201442
9894	-6080.693	-6283.727	203.0343	0.483251	0.29665	0.087326	0.132773	2.744564	1.171573	3.66706	1.620869
9900	-6065.775	-6269.049	203.2736	0.551598	0.292083	0.0924179	0.0639005	1.632422	1.353474	3.357066	2.907227
9906	-6071.382	-6274.546	203.1636	0.365417	0.430731	0.109619	0.094233	1.036958	1.179515	3.835844	2.907227
9912	-6080.341	-6284.099	203.7587	0.441799	0.378886	0.0964249	0.0828907	1.219556	1.117134	3.80531	1.9431
9918	-6072.949	-6275.464	202.5152	0.360288	0.418636	0.106541	0.114536	0.9501484	1.08282	4.824461	1.616612
9924	-6076.29	-6278.518	202.228	0.402673	0.467886	0.0158707	0.11357	1.503773	1.012673	4.495569	2.167044
9930	-6093.166	-6297.132	203.9659	0.403881	0.469289	0.0129185	0.113911	0.9119665	1.255244	3.87917	1.72411
9936	-6088.53	-6293.562	205.0323	0.272506	0.519448	0.0632983	0.144748	0.7671229	1.22229	3.5666	1.32544
9942	-6065.674	-6269.516	203.8421	0.267212	0.509357	0.180457	0.0429733	0.872803	1.100502	4.271782	1.294447
9948	-6064.447	-6267.664	203.2172	0.318653	0.533419	0.0966825	0.0512459	0.795223	1.097164	4.421832	1.815999
9954	-6073.286	-6276.114	202.8279	0.319175	0.493239	0.15492	0.0326664	1.140319	1.020058	4.488718	1.815999
9960	-6084.433	-6287.038	202.6049	0.354614	0.548005	0.0610872	0.0362935	1.249166	1.018357	4.557226	1.815999
9966	-6077.82	-6279.442	201.6218	0.371775	0.484967	0.0640434	0.0792147	1.249166	1.103554	4.927188	2.127821
9972	-6074.187	-6276.037	201.8504	0.410266	0.457291	0.0535534	0.0788896	1.203648	1.260128	4.493152	2.770082
9978	-6067.987	-6269.785	201.7979	0.409818	0.456793	0.053495	0.0798934	1.096267	1.10756	4.814296	2.365508
9984	-6079.686	-6282.968	203.2822	0.295033	0.601451	0.0392983	0.0642177	1.013902	1.126391	4.646773	1.007191
9990	-6079.641	-6280.815	201.1739	0.305439	0.557792	0.0364457	0.100323	1.009923	1.123368	5.426298	1.806972
9996	-6078.999	-6279.956	200.9571	0.287441	0.524924	0.0932239	0.0944112	1.282936	0.9429585	5.426298	1.982411
10002	-6077.611	-6279.461	201.8496	0.465863	0.300859	0.0802642	0.153015	1.583075	1.102098	4.69615	1.982411
10008	-6074.153	-6276.478	202.3248	0.465863	0.300859	0.0802642	0.153015	1.320894	1.11861	4.423488	2.289895
10014	-6070.442	-6272.281	201.8393	0.442339	0.450932	0.0210975	0.0856318	1.605056	1.11861	4.557186	2.289895
10020	-6077.994	-6282.667	204.6735	0.389397	0.493741	0.0231004	0.0937612	1.01328	1.136452	3.597157	1.482158
10026	-6078.121	-6282.796	204.6757	0.370296	0.460999	0.0795431	0.089162	1.502259	1.347008	3.209071	1.477107
10032	-6081.175	-6282.724	201.5494	0.486683	0.313349	0.141793	0.0581751	1.420735	0.9951483	4.932362	2.149964
10038	-6083.01	-6284.093	201.0829	0.486566	0.154794	0.303728	0.0549119	1.410483	1.120177	5.101147	2.214972
10044	-6092.563	-6294.588	202.0248	0.47798	0.169709	0.298368	0.0539429	1.759801	1.139419	4.399483	2.214972
10050	-6080.636	-6282.17	201.5339	0.584481	0.172721	0.173036	0.0697631	2.038741	1.225721	4.399483	2.489959
10056	-6068.126	-6269.54	201.4134	0.644806	0.130088	0.190895	0.03421	2.415746	1.089026	4.399483	2.474267
10062	-6076.445	-6276.657	200.2118	0.573308	0.148361	0.246478	0.0318527	1.701845	1.272227	4.82744	3.814732
10068	-6073.292	-6276.376	203.0838	0.643723	0.217176	0.0924734	0.046627	2.126472	1.208376	3.527025	2.381605
10074	-6071.214	-6273.543	202.3296	0.509582	0.309111	0.131619	0.0496877	1.439391	1.271125	4.058222	2.872089
10080	-6077.532	-6278.241	200.7092	0.473813	0.229843	0.251628	0.044716	1.635424	1.175344	4.685473	3.639508
10086	-6088.934	-6291.182	202.2484	0.433667	0.22135	0.245472	0.0995109	1.257725	1.147051	4.48386	2.288214
10092	-6075.549	-6276.82	201.2706	0.558064	0.21527	0.174599	0.0520663	1.834948	1.04831	4.591538	2.889088
10098	-6074.628	-6276.397	201.7693	0.557813	0.170623	0.219521	0.0520429	1.808079	1.082393	4.360939	2.725423
10104	-6069.443	-6271.464	202.021	0.648895	0.0585397	0.211007	0.0815582	1.990228	1.16114	4.195554	2.451339
10110	-6059.671	-6259.759	200.0883	0.649291	0.122869	0.174423	0.0534163	2.999135	1.099294	4.504338	3.761127
10116	-6077.41	-6277.695	200.2847	0.621926	0.0678778	0.237471	0.0727245	2.429618	1.090671	4.920784	2.762638
10122	-6070.823	-6271.327	200.5037	0.652744	0.0775907	0.118305	0.15136	2.501785	1.036465	4.920784	2.43531
10128	-6069.938	-6270.248	200.3094	0.562158	0.255931	0.0454206	0.13649	2.148081	1.125776	4.809086	3.331034
10134	-6059.49	-6260.955	201.4649	0.579904	0.253148	0.0948744	0.0720737	2.032456	1.151078	4.561648	2.285221
10140	-6065.525	-6268.166	202.6405	0.455843	0.408168	0.0772807	0.0587082	1.634739	1.133164	4.031408	2.418461
10146	-6066.812	-6269.884	203.0722	0.559405	0.340689	0.069267	0.0306393	1.497847	1.255643	3.780021	2.418461
10152	-6081.798	-6285.276	203.4779	0.524627	0.401698	0.0320136	0.0416613	1.330801	1.255643	3.780021	2.054471
10158	-6081.089	-6284.544	203.4558	0.365448	0.518818	0.0219457	0.0937888	1.404586	1.254707	3.734268	2.103489
10164	-6071.375	-6274.788	203.4133	0.266664	0.619043	0.0676884	0.0466055	1.086076	1.318442	3.74488	2.470707
10170	-6084.92	-6288.644	203.7235	0.336309	0.401819	0.241759	0.0201134	1.164873	1.201332	4.224878	1.093597
10176	-6077.534	-6280.66	203.1257	0.423809	0.308773	0.185777	0.0816416	1.099894	1.130541	4.033656	2.409516
10182	-6072.08	-6276.641	204.5612	0.358819	0.419685	0.151366	0.0701298	0.9615651	1.281685	3.457496	1.79415
10188	-6084.179	-6287.416	203.2376	0.373216	0.421573	0.160946	0.044265	0.9615651	1.235955	3.904555	2.629043
10194	-6081.551	-6285.49	203.939	0.445091	0.432724	0.0471323	0.0750531	1.142729	1.31388	3.784849	1.606585
10200	-6074.773	-6278.836	204.0629	0.451594	0.443869	0.0532785	0.0512576	1.142729	1.375964	3.701684	1.556899
10206	-6068.502	-6270.908	202.4064	0.537112	0.357268	0.0633678	0.0422517	1.37929	1.303575	4.030273	2.860674
10212	-6068.227	-6270.176	201.9488	0.516707	0.231698	0.161302	0.0902926	1.265289	1.122344	4.592747	2.468649
10218	-6069.373	-6270.76	201.3866	0.627878	0.101373	0.148661	0.122087	2.12734	1.0915	4.381235	2.878872
10224	-6087.484	-6288.21	200.7267	0.565026	0.191328	0.13378	0.109866	1.825368	1.074549	4.38683	4.5738
10230	-6080.481	-6285.09	204.6091	0.235642	0.603711	0.00797624	0.152671	1.083467	1.216252	3.704657	1.184162
10236	-6070.735	-6274.585	203.8497	0.241559	0.618875	0.0146197	0.124946	0.7492032	1.166695	4.354494	1.19679
10242	-6070.067	-6272.274	202.207	0.215749	0.655753	0.0487512	0.0797464	0.8740319	1.015612	5.096112	1.574709
10248	-6066.38	-6270.474	204.0939	0.374051	0.355204	0.22401	0.046735	1.067554	1.142853	3.838031	1.60268
10254	-6060.593	-6261.323	200.7299	0.508935	0.212834	0.266972	0.0112582	1.596779	1.011509	4.918448	3.201812
10260	-6082.48	-6285.989	203.5088	0.384238	0.450599	0.152879	0.0122842	1.31612	1.244988	3.819891	1.952891
10266	-6085.628	-6288.7	203.0724	0.496557	0.359751	0.105903	0.037789	1.519418	1.198008	3.686295	2.725572
10272	-6076.847	-6280.098	203.2509	0.552341	0.226782	0.206254	0.0146232	1.837196	1.2824	3.834896	1.64294
10278	-6071.576	-6274.822	203.2459	0.57024	0.234131	0.174926	0.0207031	1.930816	1.2824	3.524734	2.257238
10284	-6060.331	-6263.324	202.993	0.429397	0.306997	0.248016	0.0155896	1.272404	1.216044	3.948079	2.459141
10290	-6062.974	-6267.941	204.9675	0.323265	0.506767	0.158231	0.0117364	0.8679457	1.306989	3.352472	1.60194
10296	-6066.14	-6270.287	204.147	0.382787	0.379704	0.207856	0.0296521	1.153116	1.288132	3.402861	2.210228
10302	-6069.449	-6274.372	204.9224	0.382787	0.379704	0.207856	0.0296521	0.8292074	1.392171	2.979858	2.438478
10308	-6075.357	-6280.239	204.882	0.39465	0.391472	0.152606	0.0612724	1.643409	1.427355	2.467308	2.559765
10314	-6057.188	-6263.127	205.9382	0.358882	0.484767	0.125223	0.0311273	1.018808	1.446183	2.629518	1.530999
10320	-6068.438	-6273.977	205.5393	0.283693	0.568433	0.0914994	0.0563741	0.9438689	1.310955	2.949897	1.630234
10326	-6068.891	-6273.085	204.1942	0.336362	0.511269	0.101664	0.0507048	0.9827569	1.201235	3.779924	1.634347
10332	-6072.388	-6274.681	202.2937	0.312473	0.51319	0.145216	0.0291219	1.328907	1.158561	4.834909	1.343851
10338	-6065.827	-6268.665	202.8387	0.487055	0.229318	0.271767	0.0118597	1.629514	1.239306	3.879653	2.367349
10344	-6059.16	-6261.989	202.8284	0.424989	0.332813	0.237136	0.00506236	1.610048	1.075678	4.35478	1.524676
10350	-6055.34	-6258.596	203.2566	0.373532	0.371576	0.249024	0.00586773	1.106756	1.139096	4.191789	1.828892
10356	-6063.534	-6266.293	202.7593	0.432891	0.430624	0.103589	0.0328955	1.25438	1.146018	4.024422	2.746332
10362	-6077.241	-6278.76	201.5189	0.506155	0.258545	0.209961	0.0253387	1.464256	1.157095	4.556189	2.909266
10368	-6057.475	-6261.309	203.8343	0.389927	0.420377	0.161748	0.0279483	1.505112	1.322105	3.536466	1.848872
10374	-6070.493	-6273.302	202.8093	0.412046	0.456379	0.0473722	0.0842031	1.995373	1.1613	4.095187	1.626445
10380	-6073.628	-6277.467	203.8393	0.353648	0.391698	0.203863	0.0507906	1.232621	1.142037	4.040712	1.309157
10386	-6073.24	-6275.658	202.4177	0.34012	0.414968	0.196065	0.0488477	1.346181	1.139676	4.422701	2.100478
10392	-6073.198	-6277.544	204.3463	0.316078	0.582727	0.0894444	0.0117513	1.086531	1.170586	3.699959	1.532678
10398	-6072.875	-6275.944	203.0681	0.354348	0.549898	0.0937046	0.00204983	1.04003	1.129016	4.381478	1.739368
10404	-6074.677	-6278.267	203.5895	0.272629	0.503989	0.21901	0.00437134	0.9564888	1.136139	4.244862	1.495495
10410	-6079.102	-6282.786	203.6838	0.297059	0.583292	0.11671	0.00293951	1.077205	1.136139	4.244862	1.255892
10416	-6083.942	-6286.97	203.0274	0.385786	0.386911	0.225353	0.00194985	1.054072	1.108681	4.204211	2.215827
10422	-6084.072	-6286.542	202.4701	0.384456	0.385577	0.224575	0.00539196	1.044876	1.078989	4.632701	1.991881
10428	-6076.089	-6278.596	202.507	0.478839	0.326455	0.190141	0.00456519	1.7553	1.142048	4.195421	2.049052
10434	-6077.112	-6280.342	203.2294	0.470928	0.334784	0.100465	0.0938233	1.566588	1.258743	3.593295	2.574167
10440	-6074.917	-6278.375	203.4575	0.541516	0.263976	0.0866215	0.107887	1.392642	1.186456	3.606335	2.532617
10446	-6084.451	-6285.008	200.557	0.436597	0.372503	0.0685805	0.12232	1.685198	1.076215	4.994511	3.028046
10452	-6077.04	-6281.765	204.7254	0.485809	0.324575	0.133751	0.0558645	1.263258	1.270072	3.36778	1.444436
10458	-6074.597	-6278.515	203.9183	0.443725	0.31618	0.130291	0.109803	1.500733	1.258859	3.403943	2.127309
10464	-6075.315	-6276.864	201.5484	0.608804	0.191462	0.109448	0.0902865	1.918709	1.193536	4.341428	2.818077
10470	-6072.602	-6275.633	203.031	0.438736	0.259459	0.183653	0.118152	1.501196	1.189993	3.656293	2.913903
10476	-6070.693	-6273.133	202.4395	0.401558	0.266143	0.211104	0.121196	1.379194	1.096576	4.503545	1.898259
10482	-6078.867	-6280.322	201.4552	0.590408	0.190515	0.197195	0.021882	1.459493	1.166832	3.929936	5.225049
10488	-6069.928	-6271.831	201.9027	0.642124	0.125513	0.156317	0.0760464	1.509583	1.166609	4.278388	3.008899
10494	-6068.532	-6270.664	202.1324	0.543189	0.0903023	0.246604	0.119904	2.247957	1.192096	4.237026	1.89159
10500	-6068.02	-6270.774	202.7538	0.649097	0.0895642	0.142415	0.118924	1.996121	1.227563	3.811154	2.261075
10506	-6069.715	-6271.829	202.1142	0.620958	0.129032	0.136241	0.113769	1.996121	1.212548	3.944813	2.905431
10512	-6061.747	-6262.602	200.8547	0.664883	0.137439	0.123934	0.0737442	2.15208	1.103966	4.548552	3.223597
10518	-6062.017	-6263.776	201.7596	0.496214	0.287026	0.12656	0.0901999	1.77793	1.1197	4.61219	2.066284
10524	-6075.849	-6278.343	202.4941	0.358678	0.486492	0.0896302	0.0651992	1.77793	1.164833	3.994363	2.512535
10530	-6077.48	-6280.009	202.5282	0.303224	0.553632	0.0559631	0.087181	1.036125	1.128961	4.797706	1.501862
10536	-6077.434	-6279.194	201.76	0.36584	0.493696	0.0469013	0.0935625	1.622853	0.985072	5.019655	1.47905
10542	-6072.66	-6275.088	202.428	0.324127	0.445098	0.146422	0.0843526	1.079687	1.050879	4.920152	1.405465
10548	-6080.795	-6283.846	203.0504	0.352377	0.403563	0.148769	0.0952909	0.9740472	1.184976	4.380719	1.775458
10554	-6098.522	-6301.247	202.7252	0.362542	0.415205	0.153061	0.069192	0.9154836	1.188632	4.494356	2.007422
10560	-6094.119	-6297.12	203.0002	0.451377	0.362642	0.131133	0.0548479	1.887502	1.266934	3.805289	1.996059
10566	-6089.526	-6292.389	202.8632	0.397582	0.3982	0.143992	0.060226	1.403842	1.124105	4.292201	1.77269
10572	-6094.347	-6297.326	202.9783	0.431362	0.369486	0.158637	0.0405154	1.255961	1.143124	4.292201	1.77269
10578	-6093.371	-6295.635	202.2644	0.41144	0.335019	0.23018	0.0233616	1.627039	1.261442	4.165371	2.446544
10584	-6090.285	-6292.971	202.6865	0.460899	0.238149	0.25785	0.0431018	1.320551	1.152315	4.234298	2.204262
10590	-6079.017	-6282.877	203.8603	0.483632	0.331434	0.075634	0.1093	1.320551	1.152315	3.834131	1.592825
10596	-6083.388	-6287.21	203.8215	0.388302	0.525944	0.0350716	0.0506827	1.548328	1.264686	3.689318	1.565799
10602	-6063.806	-6264.38	200.5734	0.400059	0.531384	0.01735	0.0512069	1.309877	1.057755	5.377774	2.448906
10608	-6063.877	-6267.683	203.8062	0.36857	0.489558	0.0283999	0.113473	1.33157	1.279822	3.853683	1.455763
10614	-6080.427	-6284.356	203.9284	0.496814	0.381192	0.0336398	0.0883549	1.534513	1.268546	3.47088	1.909
10620	-6080.353	-6284.382	204.0286	0.487863	0.392341	0.0330337	0.086763	1.562437	1.272561	3.352249	2.007223
10626	-6060.754	-6264.019	203.2657	0.351682	0.557464	0.0238128	0.0670406	1.324375	1.146867	3.987728	2.007223
10632	-6068.414	-6271.873	203.4586	0.4033	0.492512	0.0273078	0.0768803	1.660094	1.200198	3.987728	1.353654
10638	-6075.166	-6278.533	203.3669	0.382864	0.498651	0.060712	0.0577731	1.372382	1.146843	3.88735	2.048578
10644	-6073.511	-6275.499	201.9886	0.42845	0.306159	0.248072	0.0173183	1.319296	1.042066	4.833693	1.859463
10650	-6069.8	-6272.162	202.3621	0.433894	0.297344	0.251224	0.0175384	1.389066	1.204067	4.059589	2.998591
10656	-6068.378	-6272.168	203.7902	0.465624	0.319087	0.196468	0.0188209	1.389066	1.320077	3.570061	1.965894
10662	-6069.097	-6272.392	203.2945	0.439145	0.395793	0.147311	0.0177506	0.9262824	1.250549	4.242322	1.754748
10668	-6065.775	-6268.09	202.3151	0.370599	0.489393	0.124952	0.0150563	1.065605	1.169577	4.416464	2.605347
10674	-6065.766	-6269.513	203.7466	0.305387	0.592617	0.0623488	0.0396472	1.341252	1.170909	3.808916	1.739
10680	-6066.419	-6270.485	204.066	0.332179	0.363502	0.19808	0.106239	1.283824	1.221244	3.703161	1.576424
10686	-6054.839	-6259.52	204.6809	0.38633	0.382051	0.208187	0.0234318	1.175536	1.224394	3.712462	0.9972608
10692	-6061.235	-6264.339	203.1038	0.426425	0.372533	0.178194	0.022848	1.184078	1.288262	3.557915	3.404753
10698	-6073.983	-6276.602	202.6193	0.404467	0.35335	0.231655	0.0105274	1.334285	1.176318	4.154024	2.452894
10704	-6065.137	-6268.598	203.4617	0.466114	0.277379	0.236485	0.0200216	1.368703	1.251719	3.609323	2.452894
10710	-6067.199	-6270.732	203.5335	0.436213	0.309485	0.221315	0.0329863	1.082518	1.130768	4.121794	1.676992
10716	-6075.102	-6278.222	203.1197	0.322369	0.445594	0.210774	0.0212626	1.2058	1.164042	4.270666	1.676992
10722	-6073.116	-6276.034	202.9181	0.473477	0.185722	0.309572	0.0312293	1.407945	1.202023	4.092822	2.051867
10728	-6066.9	-6269.404	202.5038	0.501262	0.182844	0.269439	0.0464549	1.407945	1.299909	4.03837	2.648814
10734	-6082.047	-6285.09	203.043	0.466359	0.216573	0.250678	0.066391	1.554305	1.130895	4.022098	1.976113
10740	-6076.706	-6279.611	202.9044	0.587077	0.0735853	0.315566	0.0237717	2.05274	1.092379	3.853341	2.07899
10746	-6069.92	-6271.44	201.5204	0.586897	0.0735628	0.31547	0.0240705	1.85352	1.100192	4.218257	3.487055
10752	-6089.152	-6291.144	201.9917	0.473115	0.322276	0.144773	0.0598362	1.219137	1.166953	4.337923	3.12114
10758	-6084.002	-6287.354	203.3524	0.452729	0.328989	0.147788	0.0704935	1.907833	1.269488	3.543031	2.107611
10764	-6090.555	-6295.153	204.5988	0.480991	0.241048	0.157014	0.120946	1.224119	1.342806	3.151437	2.008122
10770	-6082.917	-6287.21	204.2935	0.385657	0.403816	0.122287	0.0882409	0.89887	1.194555	3.686552	1.825383
10776	-6084.435	-6288.463	204.0278	0.34598	0.362271	0.270857	0.0208917	0.89887	1.182336	3.846786	1.825383
10782	-6074.729	-6278.009	203.2806	0.359473	0.376399	0.217348	0.0467799	0.912098	1.021188	4.322506	1.902376
10788	-6074.383	-6275.176	200.7927	0.303409	0.405914	0.237155	0.0535223	1.144199	1.028821	5.267399	2.700381
10794	-6079.564	-6280.422	200.8585	0.487969	0.0797701	0.2842	0.148061	1.671494	0.8817722	5.239462	2.201401
10800	-6080.122	-6282.161	202.0385	0.468433	0.119594	0.272822	0.139151	1.671494	1.07567	4.455649	2.246063
10806	-6077.419	-6278.587	201.1678	0.435949	0.370905	0.052515	0.140631	1.640853	1.016021	4.990093	2.246063
10812	-6076.858	-6278.969	202.1112	0.460121	0.365284	0.0261673	0.148428	1.529862	1.067958	4.691267	1.759132
10818	-6077.382	-6279.432	202.0498	0.443873	0.352385	0.131585	0.0721574	1.503641	1.096233	4.479603	2.341698
10824	-6080.091	-6282.847	202.7559	0.409497	0.374167	0.139719	0.0766177	1.075395	1.088564	4.269874	2.439317
10830	-6079.36	-6282.183	202.823	0.386622	0.388661	0.145131	0.0795857	0.9854847	1.079066	4.718215	1.441876
10836	-6069.808	-6271.999	202.1915	0.342572	0.387187	0.128596	0.141645	1.037792	1.048466	4.680406	2.311196
10842	-6077.249	-6280.599	203.3504	0.342571	0.387185	0.1286	0.141644	1.33107	1.074752	4.085969	1.760989
10848	-6083.625	-6286.924	203.299	0.340572	0.416269	0.0990465	0.144113	1.33107	1.184287	3.968476	1.950118
10854	-6072.036	-6274.801	202.7652	0.528819	0.284014	0.100074	0.0870944	1.738466	1.265012	3.313431	3.963389
10860	-6064.993	-6268.765	203.7724	0.442161	0.33215	0.0977276	0.127962	1.738466	1.238061	3.534053	1.792665
10866	-6070.29	-6272.374	202.0845	0.554992	0.194384	0.0900098	0.160615	1.764478	1.160833	4.109483	2.860819
10872	-6076.152	-6278.641	202.4891	0.473255	0.261588	0.12257	0.142587	1.666265	1.292533	3.848288	2.860819
10878	-6069.845	-6271.359	201.5142	0.435508	0.32885	0.106142	0.129499	1.397377	1.002986	4.690143	2.874676
10884	-6071.129	-6272.72	201.5905	0.435508	0.32885	0.106142	0.129499	1.521153	1.017068	4.968781	1.862214
10890	-6067.201	-6267.847	200.6468	0.435508	0.32885	0.106142	0.129499	1.272331	1.118371	5.240197	2.67692
10896	-6070.247	-6271.37	201.1229	0.427826	0.32305	0.192188	0.0569358	1.358446	1.038263	5.096311	2.353632
10902	-6082.141	-6284.382	202.2411	0.554233	0.172788	0.199221	0.0737581	2.314238	1.080077	4.020892	2.353632
10908	-6076.621	-6278.781	202.1601	0.435071	0.313122	0.166587	0.0852205	1.269446	1.148742	4.375158	2.690474
10914	-6078.553	-6280.294	201.7409	0.460714	0.293929	0.165359	0.0799969	1.949227	1.085415	4.361584	2.59268
10920	-6074.32	-6276.033	201.7135	0.461263	0.294279	0.165556	0.078901	1.949227	1.061586	4.457079	2.415177
10926	-6076.536	-6277.841	201.3044	0.485325	0.299006	0.132652	0.0830168	1.435556	1.206139	5.037	1.925125
10932	-6078.428	-6280.692	202.2641	0.388339	0.464167	0.0953434	0.0521505	1.287005	1.156171	4.613655	1.902535
10938	-6093.372	-6295.434	202.0621	0.508663	0.298143	0.124885	0.0683089	0.8261534	1.057135	5.003867	1.974568
10944	-6069.293	-6272.233	202.9399	0.346641	0.429554	0.144673	0.0791323	0.9028266	1.13308	4.627425	1.52864
10950	-6076.256	-6278.76	202.5037	0.35446	0.439244	0.147936	0.0583597	0.9205378	1.074097	4.585845	2.238132
10956	-6078.633	-6281.999	203.3657	0.332613	0.412171	0.200454	0.0547626	0.9672515	0.9813839	4.585845	1.23163
10962	-6077.287	-6281.85	204.5633	0.350525	0.42143	0.172051	0.0559929	0.9672515	1.196767	3.783175	1.23163
10968	-6077.826	-6281.079	203.2529	0.446347	0.280868	0.224959	0.0478253	1.080988	1.186076	4.076408	2.071443
10974	-6086.656	-6290.105	203.4485	0.331585	0.472894	0.112861	0.0826596	1.506692	1.186076	4.042288	1.418444
10980	-6087.196	-6287.188	199.9924	0.479785	0.266976	0.123308	0.129931	2.148988	1.062709	4.569747	4.970071
10986	-6075.516	-6278.256	202.7402	0.443834	0.318573	0.1446	0.0929927	1.402984	1.062709	4.239008	2.139731
10992	-6072.918	-6274.205	201.2867	0.441042	0.337684	0.14369	0.0775833	1.402984	1.115679	4.799543	2.736709
10998	-6078.457	-6279.091	200.6331	0.476966	0.283737	0.155394	0.0839026	1.375303	1.01826	4.911608	3.738255
11004	-6074.224	-6274.442	200.2174	0.494714	0.21155	0.206711	0.0870246	1.55793	1.161736	5.206658	2.990139
11010	-6076.362	-6278.129	201.7672	0.321574	0.439229	0.18263	0.0565677	1.113084	1.174788	4.927659	2.008113
11016	-6077.346	-6280.626	203.28	0.288015	0.497749	0.163571	0.0506645	0.8628595	1.194175	4.317132	1.759649
11022	-6068.906	-6272.523	203.6171	0.450582	0.227157	0.267312	0.0549494	1.271308	1.194175	3.921038	1.707948
11028	-6071.237	-6273.849	202.6122	0.434426	0.254868	0.257727	0.0529792	1.102206	1.166715	4.454757	2.032838
11034	-6072.786	-6275.374	202.5881	0.408422	0.299469	0.242301	0.049808	1.187736	1.088924	4.400125	2.192901
11040	-6071.301	-6274.281	202.98	0.454953	0.344276	0.14351	0.0572604	1.453276	1.220211	3.996092	2.119398
11046	-6078.315	-6281.807	203.4923	0.390237	0.37405	0.186598	0.0491153	0.9586157	1.209071	4.05425	1.935762
11052	-6069.312	-6271.989	202.6766	0.27315	0.449053	0.265205	0.0125926	1.163697	1.000428	4.779683	1.374825
11058	-6089.996	-6290.493	200.4969	0.380701	0.300685	0.274747	0.0438669	1.476665	0.9145664	5.747564	1.641229
11064	-6075.372	-6276.7	201.3282	0.42901	0.38507	0.165957	0.019963	1.086221	0.9244723	5.25173	2.186884
11070	-6071.67	-6274.668	202.9977	0.430163	0.386104	0.115561	0.0681729	1.4456	1.197797	3.974715	2.186884
11076	-6065.807	-6268.128	202.3213	0.430163	0.386104	0.115561	0.0681729	1.56327	1.074816	4.47175	1.945588
11082	-6074.161	-6275.736	201.5745	0.487895	0.323251	0.111531	0.0773224	1.241977	1.175947	4.888568	2.198436
11088	-6067.343	-6268.779	201.4363	0.390306	0.372032	0.140356	0.0973062	1.39331	1.112377	4.837783	2.421491
11094	-6077.312	-6279.435	202.1233	0.337812	0.411102	0.166867	0.084219	1.022555	1.080074	5.091344	1.432232
11100	-6081.983	-6284.434	202.4512	0.338721	0.504623	0.0824323	0.0742232	1.131056	1.045504	4.742178	1.701369
11106	-6086.449	-6290.355	203.9062	0.375357	0.549207	0.0639474	0.0114894	1.176684	1.193316	3.895648	1.521737
11112	-6072.753	-6277.115	204.3625	0.309616	0.502163	0.186486	0.0017352	0.849108	1.246974	3.930912	1.247043
11118	-6078.175	-6282.532	204.3566	0.286243	0.519163	0.1928	0.00179395	0.4715171	1.246974	3.927597	1.713145
11124	-6066.65	-6270.524	203.8744	0.334375	0.43495	0.22726	0.00341478	1.007425	1.14751	3.926661	1.748821
11130	-6070.167	-6273.911	203.7444	0.25157	0.551113	0.120101	0.0772158	0.9608455	1.175988	4.302451	1.164042
11136	-6061.904	-6265.635	203.7314	0.187159	0.625876	0.159063	0.0279022	0.9839819	1.117164	4.487249	0.8830219
11142	-6071.007	-6274.845	203.8382	0.17869	0.566277	0.228394	0.0266395	0.6854063	1.185485	4.613035	0.797387
11148	-6075.512	-6279.125	203.6135	0.206493	0.579145	0.183578	0.0307845	0.4172865	1.022519	4.474417	1.78097
11154	-6076.206	-6279.072	202.8661	0.189158	0.581078	0.196768	0.0329963	0.9221134	1.179962	4.641345	1.50811
11160	-6079.927	-6283.993	204.0662	0.368658	0.440534	0.149176	0.0416327	0.5977708	1.224318	4.062487	1.650359
11166	-6074.464	-6279.499	205.0347	0.147204	0.723137	0.103409	0.0262492	0.5742725	1.143981	4.218443	0.4726788
11172	-6084.677	-6288.324	203.6468	0.133528	0.655953	0.156708	0.0538115	0.5405504	1.124267	4.706587	1.02991
11178	-6085.201	-6289.362	204.1607	0.154376	0.644106	0.150007	0.0515105	0.6554816	1.204168	4.375274	0.9065004
11184	-6082.965	-6284.59	201.625	0.384879	0.427476	0.182206	0.0054386	1.554985	1.063622	4.57608	2.706855
11190	-6069.708	-6271.775	202.0669	0.38744	0.473809	0.13473	0.0040215	1.323444	1.15714	4.349536	2.818581
11196	-6074.881	-6276.522	201.6416	0.382286	0.467506	0.132001	0.018206	1.539076	0.9950843	4.912549	1.935617
11202	-6061.398	-6263.429	202.0305	0.420604	0.42336	0.145232	0.0108046	1.200509	1.081093	4.912549	1.718069
11208	-6064.134	-6266.422	202.2883	0.461053	0.393803	0.135093	0.0100503	1.361591	1.18648	4.598047	1.781907
11214	-6069.55	-6271.434	201.884	0.463844	0.303146	0.203234	0.029776	1.162159	1.097583	4.636515	2.633404
11220	-6075.901	-6277.148	201.2466	0.518935	0.22038	0.227372	0.0333125	1.31805	1.121876	4.721861	3.148071
11226	-6077.877	-6280.18	202.3033	0.333757	0.440891	0.201116	0.0242362	1.096615	1.000282	4.865779	1.707549
11232	-6085.25	-6286.36	201.1098	0.308319	0.476597	0.192695	0.022389	0.9843381	0.9278739	5.626881	1.707549
11238	-6081.51	-6282.976	201.4665	0.359229	0.460479	0.139029	0.0412635	1.191705	1.121356	5.38977	1.33325
11244	-6079.036	-6281.914	202.8775	0.311414	0.477184	0.175756	0.0356451	1.240097	1.229376	4.51172	1.348477
11250	-6080.359	-6282.75	202.3903	0.531823	0.227054	0.190146	0.0509767	1.291877	1.161746	4.390829	2.255377
11256	-6068.477	-6270.952	202.4745	0.504801	0.215517	0.180484	0.0991977	1.304979	1.215747	4.249298	2.39987
11262	-6074.441	-6276.029	201.5887	0.552796	0.156742	0.181833	0.108629	1.71122	1.010513	4.568903	2.663829
11268	-6070.541	-6273.681	203.1401	0.509226	0.192337	0.19837	0.100067	1.490889	1.173549	3.978236	1.964656
11274	-6071.078	-6274.288	203.2095	0.454708	0.354975	0.117483	0.0728348	1.490889	1.226171	3.867787	2.059159
11280	-6066.227	-6268.198	201.9714	0.528508	0.306932	0.101582	0.0629773	1.346461	1.089257	4.464544	2.720834
11286	-6072.99	-6273.14	200.1502	0.557967	0.304391	0.0826935	0.0549485	1.986033	1.099514	5.195034	2.680516
11292	-6072.85	-6272.937	200.0874	0.551365	0.300789	0.0176464	0.130199	2.348868	1.099158	5.06152	2.747824
11298	-6090.488	-6291.403	200.9142	0.50289	0.274345	0.104012	0.118752	1.652731	0.967398	5.264387	1.968826
11304	-6083.428	-6285.473	202.0455	0.408357	0.414508	0.08446	0.092675	1.598728	1.060372	4.608132	1.968826
11310	-6088.258	-6290.056	201.7984	0.329728	0.411961	0.24375	0.0145613	0.7905711	1.028873	5.031311	2.362942
11316	-6082.338	-6284.376	202.0378	0.33046	0.412875	0.244292	0.0123735	0.9119562	1.070192	5.251146	1.340601
11322	-6085.875	-6288.247	202.3723	0.363163	0.453734	0.141171	0.0419319	0.9481705	1.06432	5.048726	1.340601
11328	-6078.571	-6280.095	201.5237	0.329565	0.411757	0.214541	0.0441372	0.9481705	0.9109343	5.555039	1.435879
11334	-6066.623	-6268.649	202.0262	0.430946	0.349492	0.182098	0.0374629	1.719057	1.095029	4.508138	2.053751
11340	-6077.15	-6276.452	199.3017	0.606318	0.182544	0.201569	0.00956979	2.988381	1.09969	5.120734	3.191755
11346	-6078.262	-6277.777	199.5154	0.602421	0.176461	0.210968	0.0101503	1.923693	1.018252	5.362875	3.456985
11352	-6079.857	-6281.323	201.4659	0.597336	0.263561	0.0290774	0.110026	2.524525	1.22836	3.991809	3.205788
11358	-6065.73	-6267.019	201.2895	0.556085	0.203073	0.138413	0.102428	1.88783	1.100193	4.610928	2.655568
11364	-6070.35	-6271.373	201.0231	0.500179	0.281452	0.172314	0.0460556	2.052357	1.112308	4.868177	2.169316
11370	-6071.151	-6272.655	201.5042	0.555694	0.145557	0.187586	0.111163	1.89511	1.12075	4.55367	2.444494
11376	-6079.039	-6281.136	202.0961	0.436765	0.263691	0.147439	0.152104	1.641556	1.155765	4.320905	2.428007
11382	-6074.138	-6275.185	201.0466	0.402919	0.320749	0.136014	0.140318	1.527191	1.155311	4.963299	2.428007
11388	-6069.98	-6271.672	201.6922	0.458359	0.358384	0.103083	0.0801735	1.527191	1.104821	4.596052	2.52146
11394	-6076.044	-6277	200.9561	0.322007	0.389372	0.240439	0.0481814	0.9902675	1.038394	5.368758	2.38858
11400	-6078.619	-6279.994	201.3753	0.394926	0.319056	0.226926	0.0590922	0.9574268	1.066075	4.928918	2.983197
11406	-6078.414	-6279.92	201.506	0.397526	0.336238	0.239147	0.027089	1.341064	1.022184	4.834955	2.529715
11412	-6077.931	-6280.709	202.7777	0.368807	0.390652	0.215409	0.025132	1.392782	1.184131	4.337623	1.71664
11418	-6077.307	-6281.095	203.7887	0.216496	0.61462	0.126449	0.0424347	0.8447792	1.046806	4.343237	1.305128
11424	-6080.503	-6283.947	203.4436	0.278317	0.567593	0.13778	0.0163097	0.979435	1.209966	4.188614	1.671373
11430	-6095.56	-6297.505	201.9453	0.267588	0.554634	0.131257	0.046521	1.577759	1.208937	4.634745	1.866912
11436	-6086.031	-6288.407	202.3759	0.335141	0.446416	0.160177	0.0582654	0.9425607	1.123885	4.634745	2.193728
11442	-6065.797	-6269.473	203.6756	0.345596	0.485178	0.0851334	0.0840924	1.188141	1.161627	4.024385	1.552866
11448	-6076.72	-6280.077	203.3566	0.337159	0.473333	0.107469	0.0820394	1.157719	1.109954	4.251624	1.552866
11454	-6078.158	-6280.896	202.7381	0.34198	0.417521	0.172127	0.0683726	0.9466841	1.135777	4.44334	2.141521
11460	-6082.482	-6286.084	203.6019	0.264335	0.466641	0.192377	0.0766472	0.7751452	1.175376	4.031788	2.141521
11466	-6080.516	-6283.567	203.0509	0.268724	0.47439	0.178966	0.0779199	1.202757	1.17417	4.149875	2.028143
11472	-6075.988	-6278.779	202.7907	0.505696	0.33131	0.143871	0.0191224	1.043236	1.14492	4.04086	2.978826
11478	-6064.806	-6267.602	202.7956	0.432298	0.358088	0.169867	0.0397472	1.435712	1.118053	4.380907	1.635643
11484	-6083.909	-6286.768	202.8587	0.538054	0.251963	0.170794	0.0391892	1.435712	1.158895	3.966729	2.476687
11490	-6087.481	-6289.438	201.9571	0.526653	0.258182	0.175009	0.0401564	2.609545	1.165029	3.944831	2.552366
11496	-6073.607	-6275.56	201.9529	0.661662	0.0680145	0.219873	0.0504505	2.532009	1.220068	3.944831	2.552366
11502	-6071.397	-6273.955	202.5578	0.637234	0.0574904	0.282766	0.0225095	1.711083	1.215194	3.944831	2.552366
11508	-6081.26	-6283.756	202.4954	0.583586	0.0811964	0.323658	0.0115587	2.110821	1.108966	3.926835	2.391753
11514	-6078.575	-6281.552	202.9773	0.619154	0.137765	0.209831	0.0332501	1.648809	1.285548	3.619381	2.748014
11520	-6075.982	-6279.642	203.6603	0.459937	0.326967	0.187262	0.0258334	1.649132	1.22283	3.619381	1.860587
11526	-6077.42	-6279.784	202.364	0.501781	0.301343	0.150234	0.0466416	1.681042	1.128446	4.100622	2.601621
11532	-6076.48	-6278.826	202.3467	0.527955	0.313861	0.107599	0.0505849	1.468888	1.1064	4.176778	2.733392
11538	-6089.089	-6291.255	202.1655	0.566173	0.194081	0.224957	0.0147892	1.912076	1.139943	4.474739	1.696895
11544	-6072.526	-6273.853	201.327	0.395976	0.390228	0.201454	0.0123419	1.521055	1.113915	4.474739	3.482831
11550	-6075.698	-6278.501	202.803	0.403156	0.397303	0.186975	0.0125656	1.475588	1.088874	4.474739	1.425672
11556	-6074.901	-6275.964	201.0627	0.326864	0.483451	0.122322	0.0673632	1.199121	1.00427	5.349598	2.049791
11562	-6069.676	-6271.395	201.7191	0.377901	0.458468	0.116001	0.0476306	1.313302	1.089906	4.817171	2.20387
11568	-6074.135	-6274.023	199.8879	0.546124	0.147911	0.193854	0.112111	2.840063	0.9767492	5.271813	2.184411
11574	-6068.937	-6268.707	199.7693	0.53972	0.274626	0.111596	0.0740569	2.10595	1.014748	5.271813	3.067441
11580	-6071.169	-6270.847	199.6779	0.722895	0.0650974	0.139971	0.072037	2.10595	1.095115	4.604383	5.571454
11586	-6071.212	-6272.445	201.2326	0.596443	0.0871145	0.0957253	0.220717	3.205312	1.157851	4.112292	2.667121
11592	-6067.254	-6267.114	199.8594	0.614953	0.109214	0.17421	0.101623	3.789116	1.022723	4.606841	3.183531
11598	-6070.676	-6272.063	201.3872	0.544843	0.244002	0.154348	0.0568064	1.999767	1.076936	4.516901	2.667451
11604	-6080.294	-6281.809	201.5149	0.419452	0.30974	0.118826	0.151982	1.432506	1.102325	4.516901	3.172778
11610	-6090.851	-6292.383	201.5319	0.528298	0.235797	0.0444838	0.191421	2.295946	1.189545	4.513689	1.995629
11616	-6085.691	-6289.842	204.1515	0.443361	0.393069	0.0407351	0.122835	1.46432	1.272883	3.592641	1.450632
11622	-6085.317	-6288.492	203.1746	0.468399	0.415267	0.0430355	0.073298	1.468472	1.275908	4.005291	1.753485
11628	-6082.566	-6284.063	201.4976	0.360083	0.564155	0.0194139	0.056348	1.568971	1.031475	5.071011	1.679063
11634	-6084.143	-6286.151	202.008	0.373267	0.508607	0.0673264	0.0507998	1.568971	1.081173	4.712858	1.781855
11640	-6079.395	-6281.408	202.0128	0.43898	0.406433	0.0576105	0.0969756	1.237219	1.123151	4.739452	2.042325
11646	-6077.106	-6278.73	201.6242	0.448928	0.444948	0.00695083	0.0991731	1.634169	1.02531	4.739452	2.231353
11652	-6080.899	-6283.749	202.8509	0.426909	0.456334	0.0150458	0.101711	1.634169	1.040023	4.144526	1.97751
11658	-6069.547	-6271.523	201.976	0.360194	0.485227	0.0405365	0.114043	1.39337	1.126818	4.591644	2.256174
11664	-6071.686	-6274.94	203.2541	0.390582	0.456913	0.0533335	0.0991713	1.350039	1.218871	3.961781	1.956593
11670	-6080.775	-6283.514	202.7388	0.332788	0.403034	0.195302	0.0688752	1.394504	1.218461	4.12624	2.211785
11676	-6089.163	-6292.672	203.509	0.435902	0.332354	0.171325	0.0604193	1.057414	1.158136	4.12624	1.694065
11682	-6081.879	-6284.371	202.4913	0.454949	0.297076	0.176182	0.0717928	1.749685	1.148435	4.12624	2.236111
11688	-6083.79	-6284.799	201.0089	0.533077	0.191157	0.246363	0.0294031	2.019856	1.13057	4.678704	2.700669
11694	-6070.497	-6271.03	200.5326	0.508784	0.20565	0.246449	0.0391177	1.532473	0.9725037	5.247893	2.700669
11700	-6069.422	-6268.873	199.4509	0.518632	0.190274	0.251219	0.0398749	2.607555	1.084457	5.057459	3.583387
11706	-6069.713	-6269.774	200.0611	0.615019	0.154996	0.204642	0.0253435	2.687568	1.127071	4.618009	3.741192
11712	-6074.9	-6275.607	200.7077	0.543787	0.235621	0.181382	0.0392103	2.037507	0.993949	5.048672	2.339853
11718	-6066.169	-6266.706	200.5369	0.582255	0.221879	0.158943	0.0369234	2.190756	1.118068	4.622187	3.482016
11724	-6076.665	-6278.169	201.504	0.564086	0.163656	0.245179	0.0270795	1.601658	1.06692	4.42712	3.278504
11730	-6076.757	-6277.724	200.9674	0.588883	0.136596	0.232631	0.0418897	1.751205	1.002861	4.961074	2.502607
11736	-6079.459	-6281.342	201.883	0.51926	0.119081	0.334486	0.0271738	1.751205	0.9818968	4.654049	2.014065
11742	-6086.051	-6286.02	199.9692	0.592465	0.105078	0.295155	0.0073019	1.670915	0.929156	5.244863	3.547943
11748	-6085.642	-6285.157	199.5146	0.552771	0.125675	0.27538	0.0461745	1.607999	1.029753	5.222714	4.435446
11754	-6070.598	-6271.515	200.9176	0.485474	0.139435	0.245651	0.12944	1.388192	1.061397	5.066798	2.667964
11760	-6074.022	-6274.681	200.6597	0.534319	0.0528525	0.270366	0.142463	1.910835	1.094032	4.788631	3.147362
11766	-6075.061	-6277.482	202.4219	0.533589	0.054146	0.269997	0.142269	1.56543	1.21721	4.083406	2.570689
11772	-6099.583	-6300.51	200.9274	0.597665	0.12323	0.210124	0.0689813	1.624863	0.9661648	5.339253	1.807976
11778	-6080.877	-6281.92	201.0429	0.573631	0.119042	0.201674	0.105653	1.85007	1.072525	4.543542	3.363295
11784	-6075.542	-6276.798	201.256	0.379615	0.32795	0.2272	0.0652353	1.628914	1.056243	4.991667	2.07782
11790	-6079.33	-6282.791	203.4612	0.521677	0.246426	0.170721	0.0611762	0.9985333	1.260069	3.841538	2.366148
11796	-6067.957	-6271.534	203.5761	0.502497	0.336505	0.0400452	0.120953	1.750202	1.336667	3.344542	2.350576
11802	-6065.286	-6269.06	203.7743	0.583265	0.287652	0.0256899	0.103393	1.451359	1.248803	3.50939	2.150132
11808	-6077.27	-6279.193	201.9224	0.615696	0.189516	0.0856457	0.109142	2.635938	1.204938	3.810567	2.885797
11814	-6080.238	-6281.307	201.0686	0.497122	0.297272	0.1199	0.0857064	2.079452	1.115999	4.95509	1.868116
11820	-6072.275	-6275.236	202.9614	0.388439	0.463787	0.117733	0.030041	1.247017	1.050591	4.288933	1.930857
11826	-6062.914	-6264.054	201.14	0.601221	0.195885	0.146553	0.0563411	2.04745	1.105044	4.475001	3.087529
11832	-6073.311	-6277.079	203.7675	0.492423	0.332916	0.128515	0.0461456	1.874268	1.242665	3.543526	1.640475
11838	-6067.2	-6270.507	203.307	0.531785	0.360476	0.0722913	0.0354475	2.179658	1.242665	3.678517	1.640475
11844	-6078.131	-6277.487	199.3558	0.494621	0.335283	0.122143	0.047953	1.335791	1.028584	5.818499	3.119874
11850	-6057.407	-6260.559	203.1521	0.418257	0.414107	0.0875329	0.080103	1.412438	1.130647	4.078259	1.866152
11856	-6062.6	-6264.966	202.3655	0.419253	0.415093	0.0999703	0.0656832	1.729462	1.22495	4.078259	2.453217
11862	-6066.389	-6268.915	202.5254	0.392637	0.388742	0.157108	0.0615133	1.582621	1.181862	4.0807	2.453217
11868	-6081.777	-6284.78	203.0028	0.332239	0.437025	0.134113	0.0966222	1.45219	1.276611	3.854505	2.357932
11874	-6085.181	-6289.027	203.8464	0.365811	0.496239	0.0620605	0.0758894	1.110814	1.124999	3.696875	2.209245
11880	-6080.711	-6282.913	202.2017	0.457877	0.308876	0.104932	0.128314	0.9651025	1.102781	4.783544	2.065128
11886	-6069.848	-6272.049	202.2013	0.462148	0.311758	0.105911	0.120183	1.80328	1.169274	4.373897	1.949159
11892	-6070.052	-6272.464	202.4126	0.500497	0.31047	0.0968001	0.0922333	1.642425	1.134622	4.373897	1.888608
11898	-6065.163	-6268.677	203.514	0.298077	0.510157	0.0981993	0.0935666	0.9748113	1.148067	4.061459	1.949229
11904	-6066.636	-6271.003	204.367	0.309472	0.529661	0.101954	0.0589132	0.7889453	1.228995	3.887182	1.415259
11910	-6070.17	-6274.666	204.4952	0.338534	0.505833	0.135853	0.0197797	0.8800209	1.162159	3.799724	1.410688
11916	-6068.327	-6270.983	202.6557	0.395209	0.470706	0.0980157	0.0360687	0.8926063	1.139062	4.473316	2.254924
11922	-6074.935	-6278.218	203.2825	0.472414	0.348213	0.123542	0.0558315	1.495385	1.148529	4.229655	1.289626
11928	-6087.905	-6290.132	202.2269	0.331644	0.49842	0.146425	0.0235112	1.487429	1.057864	4.689845	1.676885
11934	-6087.767	-6290.098	202.3306	0.373779	0.472078	0.126369	0.0277736	1.187654	1.130313	4.663536	1.854857
11940	-6079.061	-6281.91	202.8495	0.338091	0.425232	0.211659	0.0250176	0.8556483	0.9705038	4.90223	1.313204
11946	-6080.578	-6283.489	202.9115	0.488405	0.328549	0.132606	0.0504397	1.733662	1.035366	4.273822	1.523336
11952	-6083.965	-6285.65	201.6851	0.425451	0.35179	0.172223	0.0505364	2.181615	1.148556	4.524146	1.929842
11958	-6074.893	-6276.647	201.754	0.447489	0.324903	0.184572	0.0430357	2.181615	1.086023	4.524146	1.921427
11964	-6071.491	-6274.339	202.8486	0.490281	0.231586	0.212728	0.0654039	1.241802	1.086023	4.282961	2.054045
11970	-6064.579	-6268.452	203.8727	0.390847	0.25193	0.334398	0.0228245	1.01145	1.291427	3.349246	2.976311
11976	-6062.099	-6266.549	204.45	0.347729	0.373615	0.24541	0.0332462	1.038429	1.318429	3.209361	2.362778
11982	-6062.677	-6266.195	203.5186	0.365795	0.435261	0.174494	0.0244499	1.143464	1.204895	3.89792	2.027134
11988	-6062.969	-6265.349	202.3802	0.432937	0.343256	0.196302	0.0275056	1.281143	1.085536	4.495535	2.130067
11994	-6063.377	-6265.938	202.5608	0.461411	0.259046	0.245188	0.0343555	1.504383	1.234563	4.070461	2.44801
12000	-6066.594	-6268.648	202.0537	0.635745	0.117283	0.216619	0.0303524	2.422931	1.234563	3.617947	3.424825
12006	-6076.281	-6276.396	200.1146	0.640616	0.00617745	0.324394	0.0288128	2.247795	1.284888	4.366671	4.846432
12012	-6075.894	-6277.21	201.3163	0.687293	0.00662756	0.270197	0.0358821	2.247795	1.151393	4.446952	2.575033
12018	-6080.53	-6280.802	200.2719	0.663798	0.0220365	0.295357	0.0188084	2.247795	1.131727	5.115527	2.376316
12024	-6074.47	-6275.403	200.9331	0.666328	0.00426446	0.321831	0.00757674	2.095122	1.131727	4.520174	3.198826
12030	-6071.539	-6273.247	201.7076	0.663656	0.0082567	0.320541	0.00754636	1.88367	1.123496	4.264201	2.939336
12036	-6081.057	-6282.152	201.0943	0.661922	0.00823513	0.319703	0.0101397	2.167084	1.127088	4.334127	3.413516
12042	-6080.232	-6281.513	201.2812	0.714576	0.00889021	0.265587	0.0109463	1.711591	1.127088	4.425063	3.413516
12048	-6069.824	-6271.163	201.339	0.642401	0.153518	0.190638	0.0134424	2.22479	1.105445	4.611974	2.20319
12054	-6075.295	-6277.564	202.2695	0.600064	0.143401	0.20772	0.0488159	2.023107	1.276101	3.530234	3.755969
12060	-6079.471	-6282.737	203.2665	0.722145	0.0947648	0.137269	0.0458212	2.154716	1.412068	2.918717	3.390416
12066	-6082.005	-6286.497	204.4921	0.57717	0.196296	0.183604	0.0429296	2.01345	1.417393	2.838346	1.868559
12072	-6085.1	-6286.423	201.3238	0.471755	0.354557	0.167102	0.00658585	1.057158	1.092043	4.675309	3.65773
12078	-6071.328	-6273.252	201.924	0.51066	0.306871	0.175341	0.00712898	1.282742	1.118456	4.371672	3.11671
12084	-6092.609	-6294.813	202.2033	0.492638	0.268894	0.213281	0.0251867	1.290883	1.085726	4.603886	2.095625
12090	-6088.565	-6293.491	204.9255	0.368626	0.540263	0.0313701	0.0597401	1.500652	1.44844	2.427449	2.745391
12096	-6082.277	-6286.421	204.1437	0.442312	0.467705	0.0088738	0.0811086	1.619822	1.234835	3.310146	1.935773
12102	-6081.279	-6282.506	201.2273	0.561297	0.14465	0.236086	0.0579673	1.708481	1.077616	4.744145	2.638414
12108	-6085.779	-6288.426	202.6468	0.494369	0.242673	0.209832	0.0531256	1.924342	1.09374	4.291205	1.553452
12114	-6079.594	-6282.539	202.9447	0.465774	0.338791	0.134446	0.0609887	1.872121	1.12527	4.065678	1.682987
12120	-6073.107	-6275.068	201.9609	0.514831	0.258174	0.150843	0.0761521	1.455138	1.080947	4.394702	2.794168
12126	-6090.154	-6293.258	203.1038	0.383821	0.424641	0.127281	0.064257	0.9798836	1.109334	4.318209	1.938226
12132	-6085.114	-6288.11	202.9962	0.341267	0.474963	0.173735	0.0100355	1.032391	1.142799	4.318209	1.966883
12138	-6070.475	-6274.635	204.1606	0.284259	0.490138	0.217244	0.00835909	0.5013432	1.208404	4.34657	1.11381
12144	-6073.411	-6277.85	204.4394	0.329487	0.455721	0.201989	0.0128035	0.9905831	1.232535	3.613197	1.639249
12150	-6075.663	-6277.895	202.2324	0.435208	0.367827	0.176972	0.0199934	1.22332	1.114275	4.274679	2.985891
12156	-6090.466	-6291.594	201.1273	0.574341	0.282753	0.119271	0.0236351	1.734655	1.214078	4.469747	3.357759
12162	-6067.435	-6268.991	201.5554	0.465856	0.26346	0.225915	0.0447683	1.634468	1.139766	4.45959	2.922302
12168	-6074.827	-6275.792	200.9643	0.523745	0.236864	0.199572	0.0398189	1.447724	1.10293	4.69141	3.577203
12174	-6072.304	-6275.41	203.106	0.534391	0.241679	0.203629	0.0203001	2.221404	1.295876	3.391186	2.462024
12180	-6073.631	-6275.169	201.5386	0.576009	0.107927	0.287411	0.0286524	1.676077	1.173027	4.804956	1.940343
12186	-6079.459	-6281.639	202.18	0.55064	0.148374	0.268452	0.0325333	1.676077	1.230663	4.133423	2.645208
12192	-6088.201	-6291.081	202.8795	0.48727	0.177253	0.310636	0.0248417	1.910855	1.163046	3.804354	2.283165
12198	-6079.144	-6282.134	202.9896	0.545494	0.224556	0.145374	0.084576	1.390107	1.301582	3.762268	2.663943
12204	-6090.679	-6294.058	203.3789	0.545494	0.224556	0.145374	0.084576	1.390107	1.229599	3.881487	1.915604
12210	-6082.838	-6284.833	201.9947	0.482283	0.283943	0.128528	0.105246	1.46356	1.010263	4.844945	1.704991
12216	-6081.214	-6282.713	201.4987	0.482283	0.283943	0.128528	0.105246	1.415854	1.049018	5.142709	1.660061
12222	-6075.177	-6277.521	202.3434	0.411776	0.460767	0.0514991	0.0759578	1.415854	1.165193	4.487153	1.929515
12228	-6069.51	-6270.893	201.3827	0.449274	0.377333	0.0672751	0.106118	1.627542	1.056592	4.745847	2.529937
12234	-6066.977	-6267.697	200.7203	0.482201	0.404988	0.0722057	0.0406045	1.235307	1.098558	5.366328	2.30559
12240	-6077.484	-6278.512	201.0287	0.36749	0.5582	0.0550287	0.0192806	1.537097	1.152742	5.18545	1.890438
12246	-6084.734	-6285.797	201.0629	0.479526	0.254974	0.0718051	0.193695	1.800178	0.9705423	5.168097	1.843021
12252	-6073.57	-6274.394	200.8241	0.655845	0.0345678	0.239929	0.0696579	1.841731	1.067409	4.862278	2.788662
12258	-6079.776	-6280.252	200.4758	0.688596	0.0335215	0.25191	0.0259721	1.685339	1.109216	4.900745	3.405147
12264	-6081.359	-6281.591	200.2324	0.595344	0.0270719	0.217796	0.159789	2.58595	0.9936324	5.174836	2.150343
12270	-6086.929	-6286.466	199.5375	0.67112	0.0427559	0.16504	0.121084	2.716747	1.001075	5.174836	3.07648
12276	-6088.056	-6289.03	200.9741	0.413782	0.396166	0.0780755	0.111976	1.944194	1.015836	4.948543	2.285545
12282	-6073.913	-6276.272	202.3584	0.375705	0.497224	0.0708907	0.0561803	1.619527	1.082859	4.505708	1.750339
12288	-6087.891	-6290.18	202.289	0.462252	0.36168	0.106945	0.069122	1.619527	1.112855	4.527846	1.750339
12294	-6082.239	-6284.428	202.189	0.72078	0.0463689	0.211451	0.0214005	2.446098	1.197593	3.856512	2.548826
12300	-6085.043	-6284.967	199.9235	0.7115	0.0586464	0.208728	0.021125	2.436026	1.180568	4.081966	6.519218
12306	-6079.548	-6280.889	201.3405	0.733768	0.0795894	0.105448	0.0811946	2.629747	1.249251	3.895936	3.570962
12312	-6097.824	-6298.475	200.651	0.665661	0.104735	0.138763	0.0908413	3.703705	1.139954	4.005834	3.537509
12318	-6080.176	-6281.917	201.7409	0.667305	0.104993	0.139106	0.088596	2.220319	1.223618	4.039568	2.959226
12324	-6083.33	-6285.107	201.7776	0.679925	0.143351	0.133936	0.0427887	3.152293	1.224962	3.809859	2.585226
12330	-6084.435	-6286.708	202.2728	0.44773	0.372489	0.0240149	0.155766	1.323468	1.218964	4.462857	2.120849
12336	-6064.269	-6267.457	203.1874	0.268272	0.58838	0.0307748	0.112573	0.9095014	1.238185	4.462857	1.451782
12342	-6083.21	-6285.869	202.6586	0.146734	0.776168	0.0155246	0.0615728	0.870101	0.9736748	4.916761	1.477988
12348	-6077.328	-6280.161	202.8331	0.330921	0.464532	0.0411883	0.163358	1.344051	1.209075	4.497193	1.343126
12354	-6070.373	-6273.238	202.865	0.370696	0.469227	0.0672513	0.0928259	1.344051	1.197342	4.173839	2.014983
12360	-6060.483	-6264.201	203.7183	0.314618	0.508544	0.0459139	0.130924	0.8553863	1.145005	4.071424	1.824391
12366	-6072.091	-6273.584	201.4929	0.339412	0.482163	0.0582779	0.120147	1.52368	1.032458	4.930876	2.057432
12372	-6068.83	-6270.319	201.4884	0.484697	0.397216	0.0508688	0.0672183	1.52368	1.032458	4.887749	2.169726
12378	-6082.421	-6284.781	202.3598	0.532478	0.369518	0.0356423	0.0623613	2.205399	1.280063	3.95653	2.169726
12384	-6075.86	-6279.005	203.1454	0.565981	0.265926	0.0640586	0.104034	2.205399	1.216266	3.814739	1.561055
12390	-6067.115	-6269.832	202.7168	0.392328	0.461359	0.111845	0.0344674	1.287618	1.067715	4.61788	1.449039
12396	-6084.223	-6287.654	203.4313	0.431906	0.463338	0.0668113	0.0379445	0.9612274	1.233475	4.074326	1.934093
12402	-6066.29	-6269.617	203.3275	0.363695	0.480864	0.123952	0.0314884	1.029631	1.238315	3.875136	2.463411
12408	-6074.878	-6277.244	202.3668	0.451933	0.376746	0.0692905	0.10203	1.756683	1.199469	4.359708	1.777754
12414	-6066.704	-6268.861	202.1568	0.476021	0.373896	0.0729837	0.0770993	1.669837	1.217418	4.359708	2.122542
12420	-6078.959	-6280.882	201.9232	0.454577	0.4552	0.0366419	0.0535815	2.430486	1.201971	4.198167	2.079506
12426	-6070.649	-6272.786	202.1374	0.436766	0.330222	0.117724	0.115287	1.410179	1.171396	3.918449	3.877487
12432	-6077.086	-6279.709	202.6228	0.373518	0.372375	0.155515	0.0985926	1.5788	1.271795	3.95585	2.504805
12438	-6074.44	-6279.085	204.6444	0.409424	0.449976	0.137239	0.00336082	0.8769439	1.252992	3.442605	1.867242
12444	-6076.179	-6279.373	203.1945	0.421451	0.463194	0.111895	0.00345955	1.277127	1.326759	4.133342	1.602163
12450	-6071.509	-6274.591	203.0826	0.410788	0.377474	0.193528	0.0182102	0.9339722	1.130769	4.495796	1.602163
12456	-6055.99	-6257.915	201.9246	0.525809	0.203166	0.247716	0.023309	1.721276	1.065473	4.596235	2.01681
12462	-6067.199	-6269.779	202.5795	0.47369	0.251276	0.220053	0.0549818	1.491599	1.14444	4.28294	2.035949
12468	-6074.918	-6278.21	203.2926	0.432439	0.27097	0.2373	0.0592911	1.356658	1.20591	3.851534	2.174233
12474	-6067.876	-6270.147	202.2705	0.599691	0.0434301	0.272727	0.0841522	2.151382	1.194773	3.776556	2.97144
12480	-6068.851	-6269.353	200.5016	0.655274	0.0474555	0.232951	0.0643196	2.300149	1.146452	4.746675	2.97144
12486	-6057.813	-6258.124	200.3105	0.578929	0.145489	0.20581	0.0697714	2.211226	1.1229	4.8474	3.13498
12492	-6067.305	-6268.499	201.1936	0.517031	0.162745	0.230221	0.0900028	1.668227	1.104118	4.832192	2.459755
12498	-6058.091	-6259.133	201.0426	0.467769	0.242518	0.208286	0.0814274	1.668227	1.128106	4.832192	2.652955
12504	-6061.282	-6262.005	200.7231	0.492656	0.248183	0.175832	0.0833294	1.668227	0.9971403	5.086852	2.641345
12510	-6060.082	-6260.047	199.9659	0.507408	0.252973	0.153794	0.0858247	1.688799	0.9435828	5.525158	2.641345
12516	-6072.666	-6274.13	201.4637	0.510692	0.339756	0.0143323	0.13522	1.688799	1.002464	4.687811	2.570064
12522	-6066.006	-6267.464	201.4572	0.512029	0.245425	0.140285	0.10226	1.567226	1.109965	4.687811	2.570064
12528	-6059.487	-6262.809	203.3221	0.3897	0.431791	0.10677	0.0717384	1.383554	1.154949	4.008625	1.806751
12534	-6069.511	-6272.803	203.2921	0.461461	0.258001	0.19559	0.0849486	1.541678	1.246407	3.764229	2.104779
12540	-6085.873	-6288.853	202.9798	0.453707	0.253666	0.284972	0.0076548	1.076527	1.121244	4.508574	1.539761
12546	-6075.351	-6277.057	201.7065	0.597223	0.205753	0.191831	0.00519296	1.972956	1.094795	4.355797	2.619301
12552	-6076.721	-6279.085	202.3632	0.531735	0.239784	0.22356	0.00492088	1.273449	1.185592	4.355797	2.37383
12558	-6087.393	-6289.735	202.3427	0.53075	0.267072	0.119245	0.0829332	1.311211	1.240132	4.200529	2.684555
12564	-6071.15	-6273.125	201.9753	0.486361	0.29982	0.137822	0.0759971	1.380219	1.144416	4.262076	3.164966
12570	-6074.458	-6277.949	203.4909	0.350766	0.555716	0.0387089	0.0548095	1.254479	1.139204	3.976278	1.83343
12576	-6078.154	-6281.214	203.0594	0.437317	0.366706	0.0482603	0.147716	1.494453	1.191362	3.9107	2.206516
12582	-6076.745	-6279.047	202.3014	0.407337	0.326406	0.217479	0.0487786	1.775592	1.07354	4.559753	1.559928
12588	-6085.89	-6288.218	202.3276	0.360934	0.383267	0.233217	0.0225819	1.243164	1.215728	4.620221	1.782247
12594	-6084.033	-6285.172	201.1381	0.550597	0.135818	0.245602	0.0679831	2.408144	1.19091	4.083846	3.719362
12600	-6085.852	-6288.68	202.8275	0.445001	0.195858	0.271858	0.0872828	2.065216	1.302997	3.854681	1.886482
12606	-6082.94	-6286.111	203.1712	0.445621	0.262961	0.268346	0.0230723	1.557791	1.258346	3.956487	1.790428
12612	-6074.738	-6278.118	203.38	0.442853	0.267539	0.266679	0.022929	1.286695	1.21861	3.811808	2.219838
12618	-6076.175	-6278.407	202.2317	0.440543	0.352406	0.190659	0.0163928	1.286695	1.026916	4.759549	1.77663
12624	-6079.318	-6281.144	201.8256	0.445495	0.356367	0.180885	0.0172526	1.569678	1.154727	4.410085	2.692502
12630	-6075.549	-6277.951	202.4028	0.444529	0.396525	0.130503	0.0284431	1.252677	1.126593	4.37495	2.380666
12636	-6070.169	-6271.774	201.6056	0.446871	0.398614	0.123776	0.0307391	1.679868	1.150035	4.696056	2.13909
12642	-6065.069	-6267.67	202.6009	0.446112	0.397937	0.0959218	0.0600294	1.634455	1.210995	4.125875	2.128117
12648	-6079.577	-6282.027	202.4501	0.565383	0.176868	0.16158	0.0961686	2.254844	1.307556	3.65968	2.706497
12654	-6070.263	-6272.293	202.0295	0.482831	0.245469	0.198047	0.073653	1.716675	1.168577	4.245392	2.617678
12660	-6075.324	-6279.103	203.7788	0.412513	0.481133	0.0221545	0.0841991	1.098056	1.186802	3.863781	1.845559
12666	-6072.654	-6276.152	203.498	0.412513	0.481133	0.0221545	0.0841991	1.934928	1.250801	3.580843	1.826995
12672	-6083.081	-6284.519	201.4382	0.38718	0.526224	0.0369366	0.0496591	2.174397	1.117719	4.351737	2.782751
12678	-6068.604	-6270.011	201.4066	0.381477	0.518473	0.0363925	0.0636572	1.244781	1.066644	5.15594	1.919013
12684	-6072.353	-6275.086	202.7328	0.517226	0.329749	0.0871896	0.065836	2.021974	1.201237	3.749869	2.456339
12690	-6078.208	-6280.103	201.8951	0.64062	0.0773964	0.200441	0.0815425	2.127953	1.136244	4.221437	2.456339
12696	-6075.94	-6276.848	200.9085	0.704249	0.0536955	0.217838	0.0242174	2.424991	1.120852	4.320786	3.478144
12702	-6073.055	-6274.595	201.5394	0.581387	0.114578	0.225709	0.0783256	2.31814	1.152583	3.999489	3.43438
12708	-6072.781	-6275.038	202.2566	0.55284	0.137457	0.270778	0.0389243	1.797693	1.055543	4.49808	1.747677
12714	-6067.281	-6268.66	201.3796	0.527911	0.19197	0.253195	0.0269231	1.797693	1.027834	4.903564	1.978825
12720	-6068.352	-6271.944	203.5916	0.275844	0.439851	0.257037	0.0272677	0.9758822	1.125843	4.154396	1.671241
12726	-6071.161	-6274.54	203.3788	0.33617	0.536046	0.0518557	0.0759288	1.095835	1.194183	4.441969	1.129012
12732	-6069.827	-6272.727	202.8998	0.387082	0.468894	0.0767976	0.0672266	1.012284	1.083006	4.516425	1.742235
12738	-6067.817	-6270.016	202.1985	0.386445	0.43766	0.0547676	0.121127	1.612349	1.113857	4.171892	2.776385
12744	-6071.6	-6275.155	203.5549	0.270338	0.606083	0.0560669	0.0675124	0.8143949	1.151565	4.192242	1.808044
12750	-6075.195	-6278.984	203.7889	0.221544	0.496689	0.22644	0.0553268	0.8070753	1.113064	4.397638	1.1727
12756	-6069.622	-6273.017	203.395	0.251358	0.49946	0.22401	0.0251719	0.9830716	1.122111	4.397638	1.394569
12762	-6062.318	-6265.12	202.8026	0.353434	0.465442	0.165927	0.0151969	1.088328	1.150647	4.397638	1.953793
12768	-6063.553	-6265.333	201.779	0.404992	0.375717	0.183051	0.0362401	1.309806	1.139676	4.724488	2.287928
12774	-6056.41	-6258.369	201.9596	0.412908	0.383062	0.186629	0.0174013	0.9023107	1.081894	4.790648	2.514152
12780	-6069.761	-6272.552	202.791	0.37736	0.336753	0.228484	0.0574031	0.9023107	1.099453	4.731404	1.525514
12786	-6061.936	-6265.333	203.3973	0.329631	0.420641	0.199585	0.0501428	0.9205718	1.166197	4.093732	2.078801
12792	-6069.373	-6271.806	202.4331	0.347925	0.438214	0.160936	0.0529256	0.926104	1.107841	4.519204	2.455451
12798	-6068.526	-6272.712	204.1855	0.28325	0.629056	0.0422421	0.0454519	0.7937626	1.110126	4.152204	1.229719
12804	-6076.339	-6278.9	202.5605	0.334347	0.550075	0.0556736	0.059904	1.107852	1.138031	4.334255	2.440093
12810	-6076.234	-6279.536	203.3029	0.318654	0.571087	0.0249677	0.0852907	1.058019	1.285912	4.203659	1.623105
12816	-6070.906	-6273.655	202.7495	0.293946	0.494334	0.0230318	0.188688	1.392656	1.131107	4.509188	1.451797
12822	-6071.63	-6272.387	200.757	0.326021	0.548274	0.0255449	0.10016	1.557396	1.046265	5.156738	2.464143
12828	-6074.357	-6277.25	202.8933	0.326523	0.549119	0.0240424	0.100315	1.3722	1.142177	4.326017	1.674087
12834	-6085.334	-6288.866	203.5321	0.335535	0.517666	0.00789195	0.138907	1.41686	1.226657	3.813336	1.844049
12840	-6080.636	-6282.681	202.045	0.476402	0.415934	0.0150758	0.0925877	1.502409	1.142077	4.244759	2.92238
12846	-6080.625	-6282.242	201.6165	0.545157	0.150785	0.1527	0.151358	2.373724	1.208652	4.070754	2.92238
12852	-6074.985	-6278.268	203.2827	0.299791	0.610127	0.011231	0.0788511	1.128286	1.229381	4.421176	1.198579
12858	-6078.668	-6280.723	202.0548	0.306928	0.624653	0.0141307	0.0542878	1.072737	1.140053	4.921367	1.747386
12864	-6079.203	-6279.839	200.6369	0.612801	0.165881	0.104758	0.11656	2.476721	1.160688	4.383843	3.636277
12870	-6078.008	-6280.023	202.0157	0.464803	0.372355	0.0794582	0.0833832	1.608369	1.235466	4.383843	2.306976
12876	-6075.94	-6278.627	202.687	0.451261	0.427561	0.0493693	0.0718095	1.311093	1.124217	4.360237	1.951273
12882	-6075.157	-6276.133	200.9764	0.34092	0.439011	0.111782	0.108287	1.401213	1.138799	4.871041	2.997627
12888	-6071.715	-6276.319	204.6035	0.361964	0.466111	0.118683	0.053242	0.8353467	1.162887	3.749293	1.438846
12894	-6074.592	-6278.4	203.8075	0.305026	0.507707	0.129274	0.0579934	1.089635	1.188477	3.900896	1.736119
12900	-6074.572	-6278.671	204.0982	0.210714	0.625117	0.0702115	0.0939579	0.8450874	1.248205	4.200972	1.032117
12906	-6085.134	-6289.199	204.0648	0.190552	0.666899	0.0634934	0.0790557	1.149257	1.16809	4.181568	0.8775185
12912	-6078.618	-6281.773	203.155	0.346232	0.432241	0.139503	0.0820239	1.194357	1.20598	4.141572	1.879115
12918	-6083.691	-6285.386	201.695	0.589985	0.216582	0.0343462	0.159087	1.762676	1.073257	4.415719	2.761026
12924	-6066.546	-6268.352	201.8064	0.566945	0.208124	0.068988	0.155942	1.92733	1.129585	4.261382	2.723843
12930	-6066.249	-6269.266	203.0171	0.425792	0.387304	0.0883333	0.0985703	1.487438	1.153756	4.005537	2.096251
12936	-6067.294	-6270.699	203.4059	0.655558	0.178718	0.124948	0.0407763	1.87144	1.214505	3.515366	2.21455
12942	-6072.448	-6274.213	201.7647	0.511357	0.281989	0.0908753	0.115778	2.573243	1.137192	4.292076	2.028979
12948	-6075.573	-6277.875	202.3026	0.493089	0.307641	0.0876287	0.111642	1.547512	1.098549	4.292076	2.3995
12954	-6079.11	-6281.628	202.5186	0.423787	0.44572	0.0345427	0.0959511	1.967107	1.15779	3.866535	2.601894
12960	-6077.219	-6280.897	203.6787	0.427268	0.449381	0.0266113	0.0967393	1.299174	1.199018	3.775536	1.911839
12966	-6083.851	-6286.007	202.1555	0.454191	0.438309	0.0119089	0.0955904	1.878513	1.186299	3.801061	3.468162
12972	-6067.74	-6269.861	202.1209	0.459293	0.443233	0.0120427	0.0854308	1.617958	1.267917	4.546252	1.727554
12978	-6072.384	-6273.722	201.3376	0.436213	0.46092	0.0217298	0.0811377	1.997848	1.102022	4.908908	1.727554
12984	-6081.104	-6283.415	202.3106	0.332326	0.49575	0.113261	0.0586639	1.177332	1.201213	4.396659	2.454138
12990	-6073.777	-6276.152	202.3759	0.323787	0.441927	0.182013	0.0522733	1.1231	1.086269	4.905902	1.40561
12996	-6064.995	-6267.033	202.038	0.321548	0.570839	0.0339463	0.0736672	1.222542	1.075809	4.905902	1.704454
13002	-6082.324	-6284.73	202.4059	0.404302	0.404151	0.038277	0.153269	1.222542	1.111732	4.844035	1.361908
13008	-6072.082	-6275.2	203.1184	0.350774	0.438438	0.0660041	0.144784	1.436074	1.298869	3.773724	2.38222
13014	-6073.822	-6276.286	202.4645	0.493129	0.36409	0.0447088	0.0980715	2.034122	1.271889	3.644927	3.042776
13020	-6082.407	-6284.948	202.5412	0.323302	0.530116	0.0287888	0.117793	1.279767	1.273949	3.990137	2.951439
13026	-6079.528	-6282.77	203.2421	0.502979	0.393464	0.0145675	0.0889894	1.7233	1.172754	3.702697	2.214899
13032	-6074.341	-6276.716	202.3752	0.513981	0.353095	0.0682705	0.0646531	1.252982	1.197292	3.977296	3.454688
13038	-6079.653	-6282.385	202.7321	0.409458	0.35031	0.169316	0.0709157	1.252982	1.128955	3.977296	2.953645
13044	-6079.622	-6282.585	202.9627	0.350967	0.49961	0.0578737	0.0915498	1.213539	1.188687	4.335037	1.690896
13050	-6074.651	-6278.072	203.4215	0.363095	0.516875	0.0598737	0.0601556	1.438391	1.248765	3.622021	2.392886
13056	-6078.967	-6281.861	202.8939	0.370803	0.477572	0.0602935	0.0913309	1.065315	1.244981	4.01696	2.683331
13062	-6071.147	-6274.289	203.1422	0.475615	0.296689	0.201832	0.0258636	1.499418	1.197519	4.033548	1.796643
13068	-6078.803	-6282.116	203.3135	0.406814	0.324907	0.239956	0.0283234	1.322924	1.242991	4.033548	1.721212
13074	-6055.128	-6258.607	203.4786	0.338777	0.480116	0.0701061	0.111001	1.356437	1.101513	4.048884	1.622761
13080	-6068.17	-6271.162	202.9919	0.357586	0.437202	0.104133	0.101079	1.157912	1.111734	4.048884	2.513832
13086	-6055.884	-6259.145	203.2604	0.237917	0.642858	0.0598637	0.0593618	0.9265843	1.182836	4.732377	0.9086705
13092	-6056.456	-6259.192	202.7362	0.286634	0.564908	0.102642	0.0458169	0.8234378	1.072527	4.944716	1.278697
13098	-6059.59	-6261.863	202.2734	0.295791	0.567546	0.11671	0.0199535	0.9922536	1.222667	4.464353	2.569143
13104	-6069.348	-6271.217	201.8688	0.343264	0.465514	0.0854192	0.105802	1.615791	1.090875	4.444883	2.569143
13110	-6062.622	-6265.079	202.4578	0.463149	0.39825	0.0249721	0.11363	1.764008	1.166431	4.221874	2.010343
13116	-6078.93	-6281.396	202.4663	0.391504	0.501984	0.0395444	0.0669673	1.467872	1.191504	4.318966	2.067016
13122	-6070.989	-6276.254	205.2647	0.307631	0.561531	0.0164223	0.114416	1.030233	1.37543	2.898424	1.890869
13128	-6073.367	-6277.62	204.2529	0.367931	0.512625	0.0149921	0.104451	1.502831	1.195385	3.478545	1.612794
13134	-6073.37	-6277.24	203.8708	0.480768	0.427722	0.0179433	0.0735666	1.502831	1.236841	3.728078	1.507713
13140	-6084.578	-6285.866	201.2878	0.381113	0.47731	0.0306132	0.110963	1.917173	1.018718	5.118676	1.507713
13146	-6096.298	-6295.946	199.6487	0.547843	0.235566	0.075094	0.141497	1.917173	1.054008	5.354242	3.193307
13152	-6093.21	-6293.783	200.573	0.60395	0.136732	0.0827848	0.176532	1.917173	1.028679	4.98434	2.807995
13158	-6082.504	-6282.767	200.2627	0.56779	0.128546	0.137701	0.165963	1.828319	0.9114416	5.186832	3.023649
13164	-6063.67	-6266.114	202.4447	0.572584	0.0810985	0.29123	0.0550876	2.021859	1.096514	4.196249	1.916612
13170	-6065.577	-6266.045	200.4687	0.612179	0.118809	0.190116	0.078896	2.275663	1.065396	4.725458	3.260169
13176	-6081.951	-6281.703	199.7517	0.628311	0.0267998	0.30378	0.0411091	2.58122	1.067816	4.725458	4.229692
13182	-6093.988	-6293.516	199.5284	0.607131	0.0867213	0.270715	0.0354327	2.363506	1.017762	5.200613	3.389059
13188	-6078.617	-6279.086	200.4698	0.713602	0.0667017	0.145227	0.0744694	3.194107	1.097492	4.003232	4.558142
13194	-6076.819	-6278.745	201.9262	0.622704	0.118557	0.193756	0.0649836	2.824553	1.233384	3.813249	2.637354
13200	-6074.727	-6277.135	202.4079	0.53917	0.0641143	0.344111	0.0526054	1.803241	1.186753	3.776765	3.198101
13206	-6074.806	-6278.151	203.3452	0.598129	0.10074	0.268422	0.0327092	2.113034	1.252711	3.452085	2.143537
13212	-6072.163	-6274.056	201.893	0.592051	0.114747	0.255945	0.0372572	2.034859	1.200558	4.348467	2.143537
13218	-6077.325	-6281.785	204.4605	0.476564	0.371615	0.115029	0.0367914	1.569792	1.357012	2.910458	2.311591
13224	-6063.734	-6268.114	204.3798	0.439934	0.389446	0.129273	0.0413471	1.337354	1.363767	3.076846	2.311591
13230	-6070.137	-6273.406	203.2688	0.607029	0.152943	0.169475	0.0705535	2.041266	1.328481	3.19848	2.870688
13236	-6074.61	-6277.969	203.3595	0.332403	0.49131	0.115332	0.0609556	1.230573	1.312298	3.938635	1.893012
13242	-6072.209	-6275.877	203.6685	0.483098	0.244038	0.167618	0.105246	1.697653	1.311311	3.151682	2.811904
13248	-6078.935	-6282.497	203.5614	0.420448	0.421013	0.124364	0.0341748	1.244009	1.256897	3.773741	2.062373
13254	-6076.539	-6280.294	203.7557	0.418168	0.422669	0.124853	0.0343092	1.177986	1.184123	3.739471	2.062373
13260	-6065.403	-6267.699	202.2957	0.512809	0.334707	0.070687	0.0817967	1.27304	1.144667	4.350672	2.549327
13266	-6068.595	-6270.691	202.0953	0.44782	0.293324	0.187426	0.0714304	1.826714	1.247521	4.013385	2.89614
13272	-6072.813	-6274.748	201.9344	0.505583	0.35292	0.0623681	0.0791286	2.024454	1.034078	4.629199	1.668611
13278	-6074.866	-6276.86	201.9938	0.454013	0.348184	0.119736	0.0780668	1.687944	1.042684	4.629265	1.913615
13284	-6086.199	-6286.76	200.5606	0.434848	0.327271	0.204809	0.0330716	1.265162	1.091732	5.500674	2.157278
13290	-6079.389	-6281.065	201.6767	0.370584	0.389319	0.206149	0.0339481	1.134176	1.117457	5.142527	1.676866
13296	-6087.132	-6288.067	200.9353	0.425664	0.447184	0.10849	0.0186624	1.343051	1.024998	5.402069	1.889361
13302	-6075.277	-6278.598	203.3212	0.355677	0.493372	0.0739487	0.0770028	1.041768	1.087849	4.240536	1.7838
13308	-6065.692	-6269.64	203.9478	0.381634	0.521476	0.0417245	0.0551654	1.155375	1.248352	3.572964	2.134212
13314	-6070.165	-6273.229	203.0631	0.380219	0.519541	0.035909	0.0643307	1.22723	1.232291	4.124488	1.963472
13320	-6064.672	-6265.507	200.8354	0.437953	0.397905	0.0900431	0.074099	1.613767	1.101975	4.97473	2.688023
13326	-6056.182	-6259.842	203.6599	0.418973	0.429952	0.0861409	0.0649334	1.265303	1.237621	3.874493	1.708446
13332	-6063.376	-6265.88	202.5043	0.403759	0.422575	0.129718	0.0439476	1.35826	1.171268	4.426114	1.920091
13338	-6063.688	-6266.29	202.6022	0.483808	0.357247	0.0969663	0.0619783	1.403759	1.182011	4.269555	2.090425
13344	-6065.207	-6267.383	202.1763	0.439831	0.351629	0.104853	0.103686	1.566073	1.092047	4.481389	2.090425
13350	-6066.54	-6268.987	202.4463	0.476915	0.381276	0.0293804	0.112428	1.428001	1.133368	4.24021	2.423723
13356	-6071.46	-6273.361	201.9007	0.491515	0.392948	0.0195823	0.0959548	1.391439	1.204759	4.526178	2.423723
13362	-6065.06	-6266.731	201.6706	0.522603	0.245446	0.129927	0.102024	1.578589	1.075363	4.816189	1.975368
13368	-6071.289	-6273.947	202.6586	0.274389	0.555112	0.127977	0.0425217	1.369954	1.082406	4.816189	1.035125
13374	-6070.099	-6271.568	201.4685	0.350762	0.414219	0.208484	0.0265354	0.7571683	1.027009	5.403428	1.940002
13380	-6080.136	-6280.979	200.8434	0.49337	0.294298	0.14498	0.0673523	1.865076	1.028196	5.030617	2.330837
13386	-6080.89	-6280.137	199.2465	0.388033	0.368063	0.15967	0.0842338	2.025706	0.9756792	5.784997	2.565424
13392	-6070.425	-6271.994	201.5685	0.469697	0.202366	0.238801	0.0891359	1.515831	1.074446	4.628483	2.68435
13398	-6073.26	-6274.684	201.4245	0.47607	0.338301	0.155997	0.0296324	1.533091	1.045698	5.035868	1.870472
13404	-6071.282	-6273.223	201.9414	0.546035	0.143767	0.269147	0.0410514	1.48951	1.128124	4.458161	2.52931
13410	-6067.445	-6271.244	203.7993	0.600176	0.0900018	0.284345	0.0254778	1.634319	1.164178	3.425592	2.215875
13416	-6068.701	-6272.624	203.9231	0.46883	0.28915	0.222117	0.0199021	1.341146	1.310287	3.416212	2.215875
13422	-6062.043	-6266.211	204.168	0.38085	0.299393	0.300214	0.0195435	1.487781	1.329948	3.171309	2.245669
13428	-6054.666	-6259.502	204.8359	0.431444	0.339166	0.191339	0.0380511	1.40289	1.328405	3.194179	1.443206
13434	-6081.994	-6285.785	203.7912	0.556508	0.0986184	0.27076	0.0741137	1.957506	1.281979	3.097182	2.491581
13440	-6075.644	-6279.428	203.7842	0.584559	0.103535	0.284259	0.0276474	1.815391	1.348984	3.110131	2.534144
13446	-6072.647	-6274.553	201.9058	0.593329	0.106593	0.292654	0.00742381	1.606899	1.113057	4.161867	3.307593
13452	-6068.282	-6269.981	201.6987	0.646518	0.0529375	0.203095	0.097449	1.802572	1.246067	3.959917	3.805867
13458	-6071.45	-6272.049	200.5984	0.643853	0.0568423	0.202258	0.0970472	2.18271	1.203906	4.30372	4.312796
13464	-6070.02	-6272.055	202.0351	0.667335	0.0733453	0.156927	0.102393	2.173091	1.284562	3.798823	3.125447
13470	-6071.921	-6273.227	201.3066	0.664266	0.154233	0.156205	0.0252971	2.613402	1.228876	3.877532	3.753975
13476	-6076.536	-6278.466	201.9297	0.485287	0.186476	0.179958	0.148279	2.619689	1.204341	3.874934	2.712384
13482	-6066.177	-6269.111	202.9344	0.532527	0.224511	0.139003	0.103959	1.386499	1.282432	3.803998	2.672045
13488	-6068.621	-6270.563	201.9425	0.649914	0.119104	0.16091	0.0700726	1.682999	1.089959	4.360538	2.601679
13494	-6073.194	-6275.58	202.3864	0.562265	0.137822	0.237489	0.0624245	1.67191	1.126412	4.293486	2.090787
13500	-6063.919	-6264.671	200.752	0.598381	0.27728	0.073022	0.0513169	1.767191	1.025836	4.432662	4.548442
13506	-6076.059	-6276.405	200.3457	0.492844	0.375305	0.0639679	0.0678827	1.877645	1.076233	5.258311	2.372637
13512	-6072.957	-6272.797	199.8396	0.488191	0.370542	0.074152	0.0671153	1.804583	1.021015	5.352057	3.079643
13518	-6072.785	-6274.328	201.544	0.349968	0.491763	0.0891603	0.0691081	1.240906	1.021033	5.117226	1.895279
13524	-6095.287	-6297.107	201.8199	0.325356	0.517065	0.0937441	0.0638344	1.219334	0.9963427	5.429371	0.991261
13530	-6089.265	-6293.387	204.1215	0.353183	0.484458	0.0955161	0.0668426	1.022013	1.165176	3.672289	1.956842
13536	-6072.831	-6275.916	203.0844	0.399842	0.416867	0.120598	0.0626931	1.240573	1.186059	4.024353	2.219865
13542	-6078.332	-6282.418	204.0865	0.364747	0.47463	0.122126	0.0384969	0.9112254	1.22377	4.035794	1.303195
13548	-6077.15	-6280.598	203.4475	0.234117	0.569277	0.150348	0.046258	0.9112254	1.213432	4.545333	1.039513
13554	-6064.87	-6267.924	203.0543	0.441946	0.361679	0.14062	0.0557553	1.237716	1.149632	3.957893	2.489268
13560	-6075.414	-6278.49	203.0754	0.447011	0.286414	0.21397	0.0526054	1.227143	1.138355	3.957893	2.489268
13566	-6084	-6286.357	202.3575	0.386294	0.311198	0.184906	0.117602	1.196836	1.209292	4.424746	2.274725
13572	-6081.263	-6284.745	203.4813	0.336431	0.446147	0.152943	0.064479	0.8928216	1.185137	4.255163	1.620403
13578	-6080.382	-6284.074	203.6915	0.336431	0.446147	0.152943	0.064479	1.211455	1.234111	4.200793	1.091056
13584	-6075.273	-6279.735	204.4618	0.24293	0.588754	0.097113	0.0712035	0.955944	1.186045	3.819396	1.297247
13590	-6069.019	-6272.877	203.8582	0.344651	0.489599	0.142364	0.0233866	1.087684	1.162275	3.919812	1.667871
13596	-6073.705	-6277.377	203.6726	0.418597	0.38009	0.172909	0.0284043	1.049379	1.189981	3.8285	2.126783
13602	-6079.047	-6282.185	203.1379	0.372693	0.434067	0.0711063	0.122134	1.352898	1.092166	4.366368	1.383483
13608	-6067.78	-6271.693	203.9126	0.295268	0.523669	0.0689483	0.112115	0.8855116	1.229541	3.925183	1.756324
13614	-6072.681	-6276.222	203.5412	0.209082	0.518862	0.142433	0.129623	1.028975	1.130961	4.369598	1.228868
13620	-6068.929	-6270.782	201.853	0.367554	0.511311	0.0200914	0.101043	1.396146	1.273748	4.369598	2.812823
13626	-6054.952	-6258.379	203.4268	0.35457	0.538364	0.0193816	0.0876843	1.396146	1.218521	3.857156	1.915801
13632	-6068.442	-6270.725	202.283	0.354924	0.424841	0.0567088	0.163527	1.396146	1.070817	4.387754	2.413664
13638	-6066.978	-6269.254	202.2764	0.380809	0.455826	0.0704162	0.0929489	1.421302	1.106872	4.437237	2.213049
13644	-6070.813	-6272.742	201.929	0.381297	0.45641	0.0692254	0.093068	1.176614	1.079368	4.437237	3.145998
13650	-6074.991	-6275.618	200.6275	0.352887	0.510195	0.0547394	0.0821782	1.524142	1.045656	5.368719	2.14094
13656	-6072.844	-6275.593	202.7484	0.366136	0.491805	0.0567947	0.0852637	1.566695	1.177686	4.395839	1.457237
13662	-6080.231	-6281.196	200.9652	0.499745	0.303751	0.10579	0.0907149	1.672778	1.060745	4.828456	2.888456
13668	-6080.696	-6282.214	201.5182	0.393893	0.431995	0.0776236	0.0964888	1.651376	1.024824	4.710347	2.440069
13674	-6061.913	-6264.56	202.6468	0.393893	0.431995	0.0776236	0.0964888	1.153899	1.091816	4.710347	1.456053
13680	-6066.564	-6268.997	202.4331	0.433382	0.433051	0.0778133	0.055754	1.132603	1.177971	4.057995	3.335768
13686	-6082	-6283.764	201.7643	0.759735	0.0556801	0.0570667	0.127518	2.711065	1.189305	3.73464	3.324454
13692	-6078.853	-6281.674	202.8213	0.65991	0.116413	0.112914	0.110763	1.537296	1.350856	3.616812	3.057071
13698	-6068.919	-6271.636	202.717	0.694799	0.12539	0.095765	0.0840462	1.74384	1.30932	3.602148	3.057071
13704	-6077.534	-6279.622	202.0885	0.663601	0.11976	0.136367	0.0802724	1.832129	1.23143	4.020638	2.905757
13710	-6073.736	-6277.152	203.416	0.468987	0.292443	0.18184	0.0567309	1.150941	1.272038	3.931304	1.987218
13716	-6059.882	-6263.071	203.1891	0.347123	0.453674	0.176773	0.0224302	1.150941	1.225169	4.087687	1.987218
13722	-6058.145	-6261.79	203.6448	0.439791	0.317368	0.223965	0.0188768	1.742444	1.262236	3.483617	2.035654
13728	-6062.534	-6265.26	202.7265	0.543796	0.155933	0.27693	0.0233409	1.54908	1.288378	3.654598	3.197519
13734	-6070.076	-6271.678	201.6016	0.413903	0.368805	0.210782	0.00651031	1.31888	1.155861	4.587245	2.897451
13740	-6090.451	-6292.589	202.1382	0.614172	0.196887	0.0672986	0.121643	2.211024	1.211828	3.715783	3.275536
13746	-6097.47	-6301.451	203.9802	0.499682	0.289492	0.0750935	0.135732	1.491384	1.189297	3.444372	2.054584
13752	-6081.948	-6286.17	204.2218	0.510384	0.295692	0.135631	0.058293	1.483832	1.285183	3.249835	2.054584
13758	-6091.795	-6294.779	202.9841	0.52098	0.241004	0.159416	0.0786004	1.736943	1.320818	3.826836	2.054584
13764	-6080.459	-6281.892	201.4325	0.493318	0.309233	0.142618	0.0548323	1.595791	1.276987	4.338544	3.31979
13770	-6075.685	-6279.483	203.7972	0.462288	0.324259	0.128659	0.0847931	1.681694	1.237979	3.637535	1.600396
13776	-6086.253	-6290.807	204.5541	0.495325	0.306832	0.117607	0.080236	1.741259	1.237979	3.222105	1.48812
13782	-6077.071	-6279.086	202.015	0.577767	0.263779	0.12856	0.0298942	1.741259	1.237979	3.894415	3.532026
13788	-6075.977	-6278.123	202.1457	0.674973	0.101419	0.201482	0.0221264	1.741259	1.237979	4.093068	2.715401
13794	-6070.476	-6271.837	201.3617	0.675404	0.0631676	0.249795	0.0116334	2.166734	1.100764	4.534981	2.43462
13800	-6069.364	-6270.528	201.1637	0.40447	0.295125	0.277926	0.0224797	1.692631	1.007538	5.199244	1.708024
13806	-6078.08	-6279.791	201.7111	0.427804	0.297444	0.247952	0.0267998	1.21201	1.027912	5.158367	1.619352
13812	-6080.848	-6282.95	202.1016	0.436304	0.238981	0.319405	0.00530953	1.868351	1.122238	4.270863	2.332242
13818	-6078.259	-6278.729	200.4694	0.612116	0.0777434	0.306378	0.00376335	2.490731	1.056469	4.566044	3.522209
13824	-6068.376	-6270.741	202.3655	0.440916	0.346002	0.166496	0.0465853	1.101701	1.069113	4.451133	2.534051
13830	-6065.158	-6267.736	202.5783	0.332959	0.453995	0.177407	0.0356386	0.9629362	1.076578	4.951152	1.277557
13836	-6074.559	-6276.328	201.7694	0.324874	0.472167	0.1731	0.0298591	0.9275448	1.022937	4.951152	2.417757
13842	-6066.378	-6269.463	203.0857	0.455257	0.260329	0.242571	0.0418426	0.9640334	1.191374	4.095389	2.417757
13848	-6059.784	-6263.025	203.2407	0.506067	0.245916	0.211823	0.0361937	1.464825	1.192933	3.795552	2.267659
13854	-6085.117	-6285.391	200.2739	0.530447	0.0767999	0.222028	0.170726	2.266998	1.108	4.91527	2.95
13860	-6083.578	-6285.276	201.6972	0.576423	0.240635	0.1013	0.0816424	1.643433	1.138923	4.792449	1.843066
13866	-6081.727	-6281.543	199.8153	0.65866	0.125455	0.107207	0.108678	2.247664	1.047838	5.141501	3.160941
13872	-6080.897	-6281.859	200.9626	0.664979	0.0647069	0.160593	0.109721	2.247664	1.044579	4.81381	2.288442
13878	-6084.118	-6286.515	202.397	0.596674	0.0778994	0.193335	0.132091	2.030549	1.289264	3.878722	2.482451
13884	-6088.735	-6291.76	203.0255	0.470189	0.245529	0.226326	0.0579567	1.878529	1.362289	3.418482	2.805272
13890	-6094.918	-6297.662	202.7447	0.184178	0.567009	0.204763	0.0440497	0.7745347	1.137239	5.446496	0.3336924
13896	-6075.418	-6279.331	203.913	0.272686	0.478122	0.195502	0.0536897	0.9620183	1.089172	4.724554	0.3118288
13902	-6075.759	-6279.633	203.8738	0.189474	0.66243	0.141914	0.00618147	0.8841323	1.077538	4.799005	0.3056824
13908	-6088.506	-6291.962	203.4561	0.188496	0.659011	0.149421	0.00307249	0.6553125	1.076158	4.799005	0.9831637
13914	-6073.403	-6276.135	202.7319	0.25072	0.541098	0.198746	0.00943536	0.9645997	1.00373	5.286774	0.5951827
13920	-6083.027	-6284.812	201.7855	0.434751	0.297498	0.213427	0.054324	1.861907	1.003047	4.748423	1.780986
13926	-6072.174	-6273.282	201.1081	0.515811	0.228627	0.196182	0.0593795	1.575685	1.116544	4.500257	3.715115
13932	-6070.527	-6273.594	203.0662	0.270207	0.610422	0.0873846	0.0319867	1.133976	1.152519	4.578099	1.208021
13938	-6075.323	-6278.587	203.2642	0.285572	0.516982	0.19362	0.0038261	0.9468578	1.060311	4.6376	1.179601
13944	-6072.079	-6274.419	202.3404	0.238045	0.584203	0.164287	0.0134644	0.9468578	1.165811	5.09364	1.179601
13950	-6075.738	-6278.968	203.2293	0.276013	0.490132	0.19049	0.0433654	1.136313	1.180788	4.253284	1.64123
13956	-6077.72	-6281.579	203.8597	0.295217	0.465582	0.192818	0.0463827	0.8631215	1.198909	4.039789	1.64123
13962	-6078.311	-6281.993	203.6817	0.288899	0.552876	0.13078	0.0274448	0.8838341	1.189126	4.192854	1.519478
13968	-6073.807	-6277.307	203.4998	0.420854	0.337658	0.190514	0.0509737	1.010168	1.201159	4.21728	1.517998
13974	-6075.571	-6278.066	202.4942	0.477921	0.404522	0.0594895	0.0580676	1.767011	1.102704	4.40644	1.628176
13980	-6076.978	-6277.795	200.8165	0.597483	0.269269	0.0945945	0.0386526	1.868863	1.067513	4.973123	2.460193
13986	-6087.863	-6288.241	200.3783	0.535574	0.176959	0.175409	0.112058	1.685332	1.102757	4.849725	3.769302
13992	-6074.226	-6276.207	201.9816	0.507747	0.219722	0.166295	0.106236	1.596999	1.187213	4.242727	2.82701
13998	-6070.881	-6273.39	202.5093	0.408218	0.358045	0.137832	0.0959047	1.362459	1.167701	4.43087	1.902304
14004	-6087.072	-6288.566	201.4941	0.402305	0.352859	0.150321	0.0945155	1.929202	1.04363	4.74621	2.044769
14010	-6082.919	-6284.778	201.8589	0.277767	0.533322	0.107829	0.0810824	1.004937	1.069022	4.972	2.062758
14016	-6081.719	-6285.216	203.4974	0.307349	0.499234	0.165529	0.0278883	0.7930421	1.070903	4.436178	1.480977
14022	-6082.821	-6285.582	202.7606	0.206781	0.672146	0.111366	0.00970725	0.8158064	1.007807	5.284496	0.7127544
14028	-6071.259	-6272.863	201.6032	0.335706	0.562899	0.0932652	0.00812949	1.526829	1.031967	5.284496	1.163333
14034	-6076.339	-6281.285	204.9458	0.29964	0.59346	0.0983288	0.00857086	0.9982023	1.286448	3.608461	1.022999
14040	-6077.001	-6281.295	204.2934	0.396509	0.464683	0.128859	0.00994878	1.45096	1.238913	3.734306	1.082148
14046	-6082.81	-6286.868	204.0577	0.424897	0.497952	0.0439559	0.0331949	1.45096	1.237412	3.78517	1.238209
14052	-6083.424	-6286.441	203.0173	0.422186	0.481994	0.0436755	0.0521438	1.190001	1.22711	3.78517	2.970996
14058	-6071.648	-6275.27	203.6221	0.436254	0.430443	0.021692	0.111611	1.468955	1.247012	3.697269	1.902212
14064	-6070.675	-6273.646	202.9706	0.448153	0.448638	0.0222837	0.0809255	1.635309	1.124494	4.145448	1.713395
14070	-6072.439	-6275.497	203.0578	0.420608	0.422447	0.0528439	0.104101	1.320219	1.094254	4.305933	1.632707
14076	-6062.367	-6266.192	203.8252	0.318704	0.504829	0.0774907	0.0989763	0.7866748	1.125107	4.305933	1.318205
14082	-6074.931	-6278.352	203.4205	0.352322	0.477085	0.0663872	0.104206	1.110672	1.125107	4.048272	1.956326
14088	-6067.433	-6271.042	203.6085	0.415644	0.41235	0.0783189	0.0936875	1.110672	1.125107	4.036287	1.742634
14094	-6072.215	-6274.7	202.4849	0.40814	0.422959	0.0769049	0.091996	1.584989	1.138324	4.44577	1.692858
14100	-6073.729	-6275.129	201.4005	0.479357	0.376293	0.10271	0.0416394	1.860904	1.176349	4.5093	2.678401
14106	-6073.867	-6275.532	201.6655	0.448053	0.398918	0.108886	0.0441431	1.535712	1.076678	4.684512	2.357979
14112	-6076.016	-6278.22	202.2046	0.432155	0.393389	0.0524274	0.122029	1.346086	1.20566	4.418832	2.316511
14118	-6089.722	-6292.14	202.4184	0.44607	0.406057	0.0215685	0.126304	1.639538	1.24203	4.198282	2.155521
14124	-6077.896	-6281.792	203.8959	0.371274	0.522223	0.0206936	0.0858089	1.639538	1.22157	3.890228	1.065159
14130	-6071.457	-6276.389	204.9315	0.228215	0.607005	0.110137	0.0546427	1.136519	1.373045	3.397271	1.18159
14136	-6077.794	-6281.92	204.1262	0.242339	0.644572	0.0550649	0.0580245	1.161259	1.386294	3.69443	1.465221
14142	-6080.017	-6283.432	203.415	0.377962	0.464184	0.049721	0.108132	1.21315	1.260857	4.113376	1.531342
14148	-6066.156	-6269.347	203.191	0.321753	0.539996	0.105136	0.0331151	1.303764	1.260857	3.956217	2.05372
14154	-6067.137	-6271.415	204.2788	0.470111	0.3807	0.132715	0.0164736	1.377437	1.265803	3.354578	1.893707
14160	-6066.647	-6269.859	203.2115	0.443538	0.299644	0.251798	0.00501966	1.68392	1.269135	3.757556	2.037937
14166	-6066.971	-6270.914	203.9431	0.333775	0.480655	0.177518	0.00805197	1.034159	1.211796	3.654057	2.161155
14172	-6062.327	-6265.778	203.4507	0.373287	0.464303	0.153683	0.00872696	1.252462	1.216987	3.710591	2.418763
14178	-6064.95	-6270.128	205.178	0.361695	0.498324	0.134185	0.00579561	1.007596	1.257884	3.280583	1.392039
14184	-6065.318	-6269.517	204.1984	0.291092	0.54189	0.143936	0.023082	1.090596	1.276088	3.623561	1.737981
14190	-6068.254	-6272.912	204.6579	0.291092	0.54189	0.143936	0.023082	1.237248	1.325625	3.798683	0.7208649
14196	-6071.391	-6277.268	205.8765	0.302312	0.562777	0.0837762	0.0511348	0.9596294	1.382872	2.929359	1.189319
14202	-6077.634	-6279.894	202.2598	0.324276	0.493531	0.163653	0.0185392	1.060122	1.040982	4.696817	2.152982
14208	-6079.897	-6282.738	202.8417	0.396119	0.321329	0.259905	0.0226465	0.9230047	1.086478	4.645049	1.638766
14214	-6074.777	-6277.972	203.1949	0.416918	0.35817	0.201138	0.0237742	1.631329	1.199476	3.732418	2.277703
14220	-6077.393	-6280.749	203.3561	0.580768	0.0866525	0.303296	0.0292834	1.914207	1.219912	3.495959	2.277703
14226	-6084.713	-6287.288	202.575	0.633742	0.0803472	0.258758	0.0271526	1.995407	1.336881	3.622382	2.864747
14232	-6076.628	-6278.724	202.096	0.598385	0.110377	0.27048	0.0207577	1.402432	1.178229	4.264867	2.864747
14238	-6069.836	-6270.561	200.7251	0.56791	0.118753	0.291004	0.0223328	1.606818	0.9736494	5.26764	2.263653
14244	-6076.213	-6276.659	200.4458	0.639247	0.15399	0.191533	0.01523	2.395248	0.9894555	5.103124	2.21658
14250	-6079.37	-6281.547	202.1773	0.519269	0.191431	0.270126	0.0191739	1.673168	1.003984	4.59274	1.826662
14256	-6070.526	-6272.292	201.7659	0.485204	0.262224	0.246536	0.00603592	1.574187	1.150702	4.065828	3.862903
14262	-6065.351	-6268.028	202.6768	0.526507	0.284546	0.182398	0.00654972	1.7344	1.214186	4.032684	2.131847
14268	-6064.67	-6267.283	202.6128	0.523939	0.283158	0.181509	0.0113945	1.389674	1.194129	4.032684	2.684668
14274	-6088.483	-6291.782	203.2997	0.520562	0.281333	0.180339	0.0177672	1.658786	1.198914	3.705666	2.164235
14280	-6077.284	-6279.842	202.5573	0.529426	0.269095	0.183409	0.0180698	1.61725	1.139024	4.189847	2.151978
14286	-6079.621	-6282.426	202.8047	0.512165	0.260322	0.210033	0.0174806	1.61725	1.261906	4.139785	1.779891
14292	-6071.041	-6274.217	203.1756	0.539129	0.245281	0.197189	0.018401	1.510538	1.214323	3.940437	1.928977
14298	-6077.616	-6281.028	203.4117	0.455974	0.358491	0.172985	0.0125496	1.510538	1.214517	3.940437	1.632408
14304	-6082.067	-6284.734	202.6667	0.4818	0.295647	0.210836	0.0117168	1.290943	1.234586	4.18244	2.283545
14310	-6080.405	-6284.137	203.7316	0.471386	0.305868	0.207577	0.0151689	1.212869	1.20899	3.550735	2.477713
14316	-6077.702	-6281.13	203.4282	0.442791	0.238612	0.194985	0.123612	1.398588	1.304352	3.753587	2.035484
14322	-6069.273	-6272.502	203.2292	0.462819	0.303968	0.203805	0.0294085	1.684923	1.245562	3.753587	2.053914
14328	-6066.823	-6270.092	203.2691	0.541233	0.208202	0.174267	0.0762973	1.405659	1.194553	3.896787	2.053914
14334	-6077.218	-6278.885	201.6663	0.508504	0.161208	0.316807	0.0134816	1.405659	1.108302	4.372534	3.388978
14340	-6071.442	-6273.42	201.9779	0.34062	0.440007	0.211163	0.00820973	1.21099	1.19358	4.566721	2.463698
14346	-6073.54	-6276.462	202.9212	0.32995	0.455592	0.209549	0.00490884	0.6265077	1.082232	4.492645	2.306935
14352	-6074.476	-6277.134	202.6583	0.374441	0.418254	0.19306	0.0142447	1.198929	1.087171	4.792584	1.238112
14358	-6075.439	-6276.407	200.9677	0.4451	0.229534	0.309213	0.0161527	1.198929	1.156314	4.997476	2.913473
14364	-6077.81	-6279.939	202.1293	0.483022	0.216965	0.288476	0.0115368	1.736985	1.090108	4.2195	2.629972
14370	-6072.43	-6273.128	200.6975	0.523995	0.148517	0.312946	0.0145413	1.679252	0.9660508	5.37388	1.965969
14376	-6083.512	-6285.078	201.5665	0.564636	0.160036	0.266327	0.00900092	1.435209	1.100518	4.230853	4.019055
14382	-6074.637	-6277.041	202.404	0.553781	0.067521	0.344958	0.0337404	1.507205	1.340141	3.313876	4.986517
14388	-6070.054	-6274.162	204.1082	0.460455	0.251487	0.243047	0.0450112	1.581008	1.274721	3.54831	1.470966
14394	-6081.992	-6284.881	202.8886	0.462291	0.160894	0.323894	0.0529202	1.21137	1.209713	4.185854	2.10303
14400	-6087.763	-6290.909	203.146	0.572073	0.065745	0.311317	0.0508652	1.527435	1.19292	3.730127	2.492908
14406	-6096.474	-6298.064	201.5905	0.568489	0.071598	0.309367	0.0505465	1.527435	1.154974	4.508936	2.844249
14412	-6084.923	-6285.092	200.1692	0.551793	0.130663	0.300281	0.0172636	1.261079	1.090445	5.139493	3.903657
14418	-6085.206	-6287.333	202.1261	0.372607	0.329035	0.293923	0.0044346	1.261375	1.126549	4.020007	3.903657
14424	-6087.079	-6288.374	201.2951	0.479577	0.202933	0.302949	0.014541	2.27106	1.079998	4.513566	2.511149
14430	-6079.978	-6282.281	202.3023	0.503495	0.213053	0.210752	0.0727001	1.721208	1.125882	4.210525	2.359629
14436	-6080.178	-6282.904	202.7269	0.625334	0.187688	0.123599	0.0633793	1.899988	1.274704	3.910921	2.092986
14442	-6088.197	-6290.989	202.7911	0.350641	0.386628	0.0892858	0.173445	1.598246	1.150651	3.728434	3.033388
14448	-6080.842	-6282.998	202.1557	0.603355	0.236163	0.0545381	0.105945	2.072692	1.049979	4.25883	2.168854
14454	-6075.015	-6277.761	202.7458	0.599197	0.234535	0.0748717	0.0913962	2.072692	1.208228	3.600426	2.765127
14460	-6075.29	-6278.456	203.1664	0.556475	0.217813	0.103121	0.122591	1.958859	1.228672	3.442953	2.630715
14466	-6073.258	-6276.32	203.0616	0.72238	0.0567529	0.133864	0.0870026	2.189555	1.353782	3.215899	2.943369
14472	-6084.541	-6286.849	202.3083	0.74769	0.0397533	0.138493	0.074064	2.304087	1.31267	3.279493	4.050303
14478	-6084.188	-6286.162	201.9739	0.602627	0.195919	0.148123	0.0533316	2.784245	1.318223	3.279493	4.0748
14484	-6075.868	-6280.148	204.28	0.239193	0.558664	0.183312	0.0188322	0.5540152	1.215382	3.95039	1.695355
14490	-6072.745	-6277.326	204.5802	0.253139	0.572872	0.166473	0.00751608	0.5748203	1.177824	3.95039	1.363272
14496	-6069.51	-6274.479	204.9696	0.313901	0.470347	0.206432	0.00932019	0.662965	1.168311	3.859187	1.031162
14502	-6070.687	-6275.328	204.6417	0.215479	0.5789	0.183202	0.0224192	0.767882	1.175447	3.996627	1.000862
14508	-6073.629	-6278.302	204.6726	0.215479	0.5789	0.183202	0.0224192	0.9641788	1.296773	3.783802	1.016751
14514	-6068.979	-6273.293	204.3134	0.202687	0.639341	0.120331	0.0376415	0.7869067	1.240341	4.126399	1.016751
14520	-6074.572	-6278.665	204.0933	0.202687	0.639341	0.120331	0.0376415	1.042214	1.094203	4.474234	0.5263708
14526	-6066.663	-6269.867	203.2041	0.16672	0.695013	0.0973478	0.0409192	0.7340728	1.091856	4.772758	1.188
14532	-6067.459	-6271.451	203.9917	0.16263	0.687973	0.0949593	0.0544379	0.6758396	1.03965	4.772758	0.528145
14538	-6082.686	-6285.879	203.1929	0.148176	0.737926	0.101854	0.0120435	0.753513	1.038099	4.772758	1.23519
14544	-6090.886	-6293.383	202.4975	0.188493	0.728786	0.0748268	0.00789414	0.9685909	1.040977	5.226986	0.881808
14550	-6070.8	-6275.249	204.4488	0.196018	0.657292	0.140408	0.00628205	0.5854336	1.026674	4.462205	0.7235329
14556	-6073.402	-6277.156	203.7546	0.254404	0.555213	0.18223	0.00815321	0.891056	1.201116	4.563517	0.7410372
14562	-6075.044	-6279.24	204.1963	0.241095	0.526166	0.225013	0.00772666	0.779146	1.153555	4.019011	1.444906
14568	-6084.536	-6287.265	202.7293	0.4328	0.353736	0.196259	0.017206	1.275122	1.098404	4.729744	1.194595
14574	-6088.195	-6290.902	202.7072	0.248843	0.62262	0.0814669	0.04707	1.092575	1.173556	3.994483	3.126865
14580	-6072.678	-6276.009	203.3318	0.293551	0.592098	0.0811844	0.0331664	0.71606	1.094825	4.627611	1.347868
14586	-6076.554	-6278.666	202.1119	0.408247	0.334439	0.217175	0.040139	1.645082	1.133362	4.612676	1.73081
14592	-6081.172	-6283.652	202.4797	0.391011	0.414598	0.13597	0.0584211	1.076772	1.083205	4.42983	2.434909
14598	-6082.066	-6284.875	202.8091	0.422836	0.266835	0.256806	0.0535242	1.135431	1.130043	4.42983	1.839007
14604	-6065.613	-6268.283	202.6704	0.42458	0.275926	0.265555	0.0339389	1.799775	1.086525	4.205633	1.83751
14610	-6064.542	-6266.037	201.4949	0.457653	0.296321	0.209444	0.0365826	1.279834	1.085099	4.632555	3.118876
14616	-6068.472	-6272.057	203.5856	0.454245	0.323861	0.213683	0.00821091	0.9933581	1.168157	3.805566	2.417838
14622	-6064.425	-6267.857	203.4312	0.516234	0.191121	0.281816	0.010829	1.368779	1.205483	3.81357	2.060291
14628	-6068.983	-6271.633	202.6498	0.383627	0.363122	0.248399	0.00485171	0.9100757	1.05656	4.591878	2.060291
14634	-6074.33	-6276.755	202.4243	0.282456	0.464954	0.246684	0.00590526	1.037681	1.088416	4.773176	1.725706
14640	-6071.134	-6274.491	203.3571	0.349182	0.324746	0.314107	0.0119655	0.9263727	1.142946	4.178101	1.9573
14646	-6069.416	-6273.412	203.9964	0.527408	0.170974	0.299748	0.00187084	1.334387	1.247292	3.590417	1.811608
14652	-6076.897	-6279.077	202.1799	0.378745	0.425573	0.193461	0.00222099	1.01734	1.192495	4.824458	1.811608
14658	-6075.876	-6277.513	201.6377	0.468951	0.305933	0.222561	0.00255506	1.216676	1.346847	4.731108	2.300207
14664	-6072.41	-6276.396	203.9856	0.487847	0.273259	0.231529	0.00736508	1.216676	1.346759	3.268083	2.609734
14670	-6066.719	-6271.362	204.6431	0.369128	0.430564	0.184468	0.0158395	1.3847	1.319091	3.268083	1.55132
14676	-6081.057	-6285.397	204.3392	0.370203	0.408845	0.185006	0.0359462	1.027657	1.374336	3.268083	2.31392
14682	-6099.718	-6302.066	202.3473	0.308047	0.471908	0.125862	0.0941832	1.32211	1.028139	4.500398	2.19127
14688	-6087.255	-6289.358	202.1034	0.454974	0.343831	0.110239	0.0909556	1.328202	1.071577	4.771173	1.807987
14694	-6089.653	-6292.86	203.2074	0.520039	0.259807	0.200937	0.0192163	1.284431	1.264028	3.723344	2.637432
14700	-6063.509	-6267.267	203.7579	0.443438	0.392167	0.144158	0.0202371	1.284431	1.305959	3.493285	2.343543
14706	-6067.411	-6270.232	202.8216	0.471366	0.384429	0.130609	0.013595	1.38345	1.195176	4.180022	2.01411
14712	-6069.117	-6271.231	202.1143	0.437626	0.358421	0.192852	0.0111006	1.561359	1.186892	4.496968	2.01411
14718	-6066.582	-6269.486	202.9036	0.320849	0.517267	0.141391	0.020493	1.17567	1.208427	4.496968	1.440328
14724	-6065.281	-6268.163	202.8816	0.413745	0.364602	0.195227	0.0264264	1.17567	1.228335	4.211858	2.070785
14730	-6070.466	-6274.064	203.5984	0.403684	0.380052	0.19048	0.0257838	1.153813	1.324681	3.562998	2.556789
14736	-6060.247	-6263.845	203.5986	0.411578	0.374522	0.20265	0.0112497	1.012835	1.23617	3.894691	2.056895
14742	-6078.571	-6282.326	203.755	0.419867	0.403281	0.174401	0.00245105	1.364984	1.1968	3.587096	2.170032
14748	-6075.111	-6279.41	204.2995	0.380063	0.408165	0.21066	0.00111107	0.6305337	1.231069	4.076685	1.305707
14754	-6083.003	-6285.97	202.9669	0.373654	0.382758	0.241679	0.00190842	0.8357176	1.138735	4.23243	2.509932
14760	-6070.599	-6273.297	202.6982	0.377539	0.377532	0.244192	0.00073742	0.9276306	1.091507	4.494091	2.159931
14766	-6075.911	-6278.489	202.5781	0.405118	0.40511	0.187379	0.00239189	0.8806297	1.044555	4.780763	1.769488
14772	-6069.243	-6273.226	203.983	0.398531	0.331272	0.26862	0.00157782	1.180248	1.247577	3.70021	1.769488
14778	-6075.533	-6277.917	202.384	0.387623	0.43015	0.180693	0.00153464	1.080557	1.073213	4.760929	1.769488
14784	-6069.706	-6272.404	202.698	0.512536	0.14735	0.339258	0.000855427	1.8032	1.179345	4.100178	1.91788
14790	-6069.709	-6272.778	203.0688	0.445225	0.258185	0.294703	0.00188739	1.234122	1.160139	4.16593	1.946477
14796	-6070.67	-6273.026	202.3554	0.462664	0.298372	0.214728	0.0242359	1.234122	1.060757	4.372303	2.582865
14802	-6064.707	-6267.595	202.8883	0.423133	0.317881	0.196381	0.0626051	1.077758	1.132097	4.416612	1.83668
14808	-6062.07	-6264.77	202.7	0.426813	0.320645	0.189392	0.0631496	1.150922	1.082385	4.510754	1.83668
14814	-6071.286	-6273.608	202.3216	0.411981	0.407476	0.136713	0.0438307	1.283645	1.148273	4.510754	2.084204
14820	-6062.581	-6265.456	202.8747	0.386368	0.437276	0.146711	0.0296449	0.9637301	1.197934	4.066952	2.80985
14826	-6065.083	-6269.699	204.6153	0.322601	0.490293	0.162354	0.0247522	1.075574	1.269859	3.470728	1.576143
14832	-6078.708	-6281.348	202.6402	0.41703	0.406829	0.166754	0.00938718	1.386463	1.087606	4.488463	1.682551
14838	-6063.959	-6266.611	202.6523	0.395112	0.364859	0.205762	0.0342674	0.9374352	1.133082	4.527185	2.071505
14844	-6073.347	-6276.584	203.2375	0.358547	0.376397	0.212268	0.0527877	1.012129	1.142118	4.128249	2.120965
14850	-6072.956	-6275.55	202.5943	0.467484	0.232994	0.228712	0.0708097	1.291271	1.09954	4.491154	1.826238
14856	-6083.265	-6285.72	202.4542	0.406124	0.261899	0.264777	0.0671996	1.576579	1.139031	4.491154	1.639818
14862	-6085.332	-6287.86	202.5278	0.482537	0.257947	0.221348	0.0381678	1.202077	1.172488	4.335529	2.302843
14868	-6081.218	-6283.445	202.2265	0.441786	0.274949	0.24832	0.0349445	1.202077	1.105814	4.488186	2.444684
14874	-6077.44	-6280.285	202.8451	0.438169	0.299748	0.246287	0.0157963	1.202077	0.9823332	4.387112	2.000708
14880	-6063.465	-6266.741	203.2761	0.452035	0.258121	0.269121	0.0207232	1.198417	1.140834	4.008998	2.10872
14886	-6063.457	-6267.091	203.6338	0.458846	0.303257	0.216862	0.0210354	1.281475	1.274479	3.711271	2.040275
14892	-6075.599	-6279.121	203.5216	0.385564	0.382254	0.152212	0.07997	1.149066	1.109805	4.008877	1.886152
14898	-6074.625	-6276.953	202.3273	0.387469	0.395499	0.194971	0.0220617	1.149066	1.11545	4.872009	1.468528
14904	-6071.328	-6275.952	204.6244	0.452054	0.274717	0.251155	0.022074	1.312381	1.290401	3.11034	2.027281
14910	-6065.453	-6270.172	204.7183	0.418717	0.442149	0.103968	0.035166	1.286809	1.236831	3.395768	1.411507
14916	-6059.13	-6262.033	202.9029	0.446739	0.415944	0.0918594	0.0454573	1.318436	1.158172	4.02231	2.423358
14922	-6069.955	-6273.3	203.3451	0.473657	0.299958	0.159119	0.067266	1.742971	1.308898	3.663421	1.960205
14928	-6074.773	-6276.995	202.2223	0.456859	0.294451	0.160938	0.0877526	1.367154	1.147928	4.398328	2.400118
14934	-6080.851	-6281.088	200.2366	0.651981	0.0845998	0.18735	0.0760691	2.299797	1.151514	4.398328	4.665059
14940	-6066.718	-6268.211	201.4935	0.633604	0.110401	0.18207	0.073925	1.901219	1.096457	4.361044	3.033121
14946	-6081.959	-6283.209	201.2503	0.543279	0.175941	0.245327	0.0354524	1.73871	1.144987	4.642654	2.742739
14952	-6075.965	-6277.028	201.0629	0.569731	0.0559298	0.337161	0.0371785	1.73871	1.1957	4.617086	3.040576
14958	-6065.935	-6267.102	201.1665	0.648429	0.038906	0.277466	0.0351993	2.158243	1.067779	4.451063	3.040576
14964	-6071.574	-6272.566	200.9922	0.602989	0.0305859	0.325174	0.0412515	2.467792	1.072814	4.746281	2.164066
14970	-6076.794	-6277.268	200.4736	0.618232	0.0313591	0.333394	0.0170155	1.617939	0.987098	5.11614	3.042774
14976	-6073.307	-6276.197	202.8896	0.596378	0.0655987	0.321609	0.0164141	1.665618	1.14578	4.035415	2.005647
14982	-6071.796	-6274.046	202.2501	0.587006	0.12653	0.186397	0.100067	1.928771	1.214569	4.008716	2.590655
14988	-6069.316	-6272.645	203.3298	0.61656	0.203363	0.0986439	0.0814334	1.467784	1.339158	3.531177	2.590655
14994	-6072.722	-6277.624	204.9022	0.384509	0.395924	0.13264	0.0869262	1.04825	1.332976	3.49592	1.167655
15000	-6074.258	-6279.45	205.1924	0.379424	0.399196	0.133736	0.0876445	1.05227	1.516256	2.744429	2.107934
15006	-6074.228	-6277.93	203.7022	0.554257	0.33805	0.034723	0.0729692	1.71873	1.408039	3.184492	2.496693
15012	-6064.598	-6268.109	203.5106	0.554257	0.33805	0.034723	0.0729692	1.873156	1.289856	3.295203	2.496693
15018	-6070.214	-6273.44	203.226	0.57018	0.18638	0.134205	0.109234	2.004728	1.288272	3.404384	2.496693
15024	-6062.487	-6264.416	201.9289	0.567598	0.173755	0.142589	0.116058	1.666679	1.247447	4.282602	2.612966
15030	-6070.678	-6274.494	203.8157	0.474876	0.315623	0.108346	0.101155	1.317137	1.226938	3.772086	1.69051
15036	-6075.569	-6279.862	204.2926	0.47261	0.334828	0.153774	0.0387875	1.416668	1.199523	3.327559	1.976849
15042	-6069.773	-6272.493	202.7207	0.361337	0.452892	0.160773	0.0249978	1.186315	1.091068	4.716208	1.327489
15048	-6083.39	-6287.108	203.7173	0.39881	0.410175	0.0741318	0.116883	1.40048	1.193552	3.913638	1.465859
15054	-6070.439	-6274.183	203.7445	0.356644	0.480101	0.0810594	0.0821956	1.214458	1.265447	3.913638	1.548202
15060	-6073.545	-6275.918	202.3729	0.336287	0.50203	0.102195	0.059487	1.068118	1.091044	4.554242	2.269884
15066	-6077.16	-6279.614	202.4544	0.423789	0.336201	0.11953	0.12048	1.276868	1.157746	4.554242	1.804361
15072	-6095.551	-6300.223	204.6723	0.276045	0.506764	0.165778	0.0514136	0.8660826	1.278865	4.078714	0.6349115
15078	-6094.703	-6298.242	203.539	0.287827	0.509685	0.172854	0.0296346	0.635407	1.176185	4.440195	1.495494
15084	-6096.334	-6298.347	202.0132	0.268313	0.486125	0.20933	0.0362324	1.102982	0.9991742	5.193705	1.350536
15090	-6089.045	-6291.789	202.7435	0.409021	0.478216	0.0575302	0.0552334	1.425182	1.188712	4.417956	1.546361
15096	-6084.63	-6286.701	202.0713	0.353899	0.51954	0.0722463	0.0543147	1.1718	1.091451	5.003202	1.494559
15102	-6078.149	-6281.515	203.3663	0.348199	0.511171	0.0626715	0.0779583	1.335878	1.153806	4.162856	1.47968
15108	-6077.68	-6280.554	202.8737	0.371918	0.479092	0.0654378	0.0835516	1.009028	1.130299	4.181625	2.531628
15114	-6066.379	-6269.543	203.1646	0.382344	0.492522	0.0392404	0.0858937	1.33631	1.107326	4.412405	1.264189
15120	-6069.689	-6270.529	200.8402	0.425791	0.391333	0.0436994	0.139177	1.871584	1.112906	4.720658	3.066569
15126	-6078.977	-6280.037	201.0594	0.346845	0.482502	0.0407785	0.129875	1.424115	1.035159	5.298317	1.865472
15132	-6092.348	-6294.401	202.0528	0.346729	0.482342	0.0410973	0.129831	1.567713	1.020977	4.911665	1.378867
15138	-6095.92	-6296.44	200.5198	0.588335	0.259106	0.0180876	0.134471	2.056672	1.07345	5.14882	2.216481
15144	-6092.936	-6293.6	200.6648	0.481563	0.227287	0.175764	0.115385	1.601709	1.008656	5.224077	2.420667
15150	-6074.25	-6274.866	200.6162	0.479729	0.245303	0.156025	0.118942	1.592167	1.065252	5.224077	2.420667
15156	-6083.938	-6284.143	200.205	0.49837	0.217686	0.150488	0.133457	1.961487	1.047008	5.224077	2.624242
15162	-6077.928	-6279.566	201.6375	0.634652	0.228008	0.0412036	0.096136	1.932102	1.047008	4.548012	2.330554
15168	-6084.799	-6286.505	201.7058	0.418285	0.479436	0.0389186	0.063361	1.752468	1.213281	4.548012	2.197066
15174	-6081.158	-6281.289	200.1313	0.493198	0.329664	0.0766079	0.10053	1.983002	0.992396	5.463854	2.152192
15180	-6082.698	-6284.937	202.2386	0.470456	0.156229	0.332596	0.0407187	1.621367	1.069724	4.531574	1.858294
15186	-6080.063	-6281.594	201.5312	0.533855	0.159478	0.272295	0.0343717	1.621367	1.130052	4.490101	2.906743
15192	-6089.121	-6292.088	202.9676	0.573182	0.240927	0.120537	0.0653545	2.24127	1.24413	3.821328	1.696977
15198	-6077.928	-6280.32	202.3921	0.572351	0.238343	0.119244	0.0700617	1.598623	1.243606	4.217497	2.190197
15204	-6083.644	-6285.491	201.847	0.631828	0.125755	0.108943	0.133473	2.334493	1.12064	4.136331	2.557332
15210	-6083.35	-6284.796	201.4461	0.390367	0.409487	0.0899464	0.110199	1.903567	1.123436	4.538967	2.557332
15216	-6092.865	-6295.064	202.1994	0.591477	0.21306	0.136285	0.0591781	1.76196	1.12891	4.184319	2.527537
15222	-6090.43	-6290.923	200.4931	0.583553	0.210205	0.134459	0.0717825	2.457477	1.014292	5.101278	2.063553
15228	-6093.716	-6294.118	200.4025	0.588606	0.167762	0.16947	0.0741615	1.734494	1.026016	5.287521	2.451868
15234	-6102.068	-6303.154	201.0861	0.461998	0.324989	0.114375	0.0986388	1.588856	0.9243227	5.402453	1.561812
15240	-6085.11	-6287.497	202.3867	0.416892	0.361517	0.12226	0.0993307	1.319715	1.200673	4.260183	2.504188
15246	-6069.893	-6272.493	202.6	0.416751	0.40228	0.0607274	0.120241	1.539614	1.166497	4.048287	2.504188
15252	-6073.87	-6275.271	201.4005	0.520973	0.298223	0.0304922	0.150312	2.207261	1.113329	4.463503	2.504188
15258	-6079.112	-6281.839	202.7275	0.533424	0.30535	0.00732167	0.153904	1.424895	1.109547	4.189293	2.187084
15264	-6067.295	-6270.612	203.3173	0.491385	0.462096	0.00374814	0.0427704	1.724044	1.211204	3.785433	1.868422
15270	-6072.31	-6275.718	203.4082	0.450453	0.419494	0.0912257	0.0388273	1.724044	1.200767	3.785433	1.7664
15276	-6074.185	-6276.597	202.4122	0.604736	0.183076	0.166922	0.0452669	1.724044	1.217779	3.654776	3.629952
15282	-6074.7	-6277.289	202.5887	0.465893	0.241567	0.253367	0.0391728	1.61861	1.211325	4.005736	2.465902
15288	-6086.891	-6290.285	203.3937	0.405709	0.338149	0.220637	0.0355047	1.61861	1.16322	3.904832	1.680932
15294	-6082.804	-6284.085	201.2811	0.506829	0.181928	0.275629	0.0356138	1.721303	1.149664	4.61081	2.799052
15300	-6083.503	-6286.623	203.1202	0.432596	0.313886	0.224509	0.0290086	0.9544324	1.142217	4.116142	2.399864
15306	-6076.117	-6280.29	204.173	0.379662	0.401515	0.193363	0.025459	0.9240944	1.308668	3.47922	2.280232
15312	-6064.863	-6267.68	202.8175	0.405893	0.370194	0.206722	0.0171912	1.176144	1.206248	4.252584	2.089786
15318	-6070.737	-6273.646	202.9093	0.405331	0.412482	0.163032	0.019155	0.9175512	1.252155	4.390779	1.920492
15324	-6082.258	-6284.399	202.1416	0.522654	0.251634	0.145162	0.0805506	1.650061	1.223659	4.030924	3.0442
15330	-6069.907	-6271.491	201.5837	0.483984	0.309309	0.178433	0.0282742	1.994514	1.093012	4.433805	2.573284
15336	-6084.544	-6287.98	203.4357	0.378891	0.4844	0.103313	0.0333959	1.196827	1.169499	3.883437	2.153517
15342	-6078.229	-6282.347	204.1176	0.388586	0.496794	0.0560546	0.0585653	1.196827	1.178376	3.869548	1.32899
15348	-6086.461	-6289.396	202.9356	0.23505	0.569351	0.14687	0.0487285	1.187038	1.112065	4.456471	1.586453
15354	-6082.732	-6286.428	203.6952	0.521505	0.170309	0.200073	0.108114	1.541892	1.208504	3.799913	1.56139
15360	-6082.627	-6285.291	202.6643	0.691016	0.0761855	0.152777	0.0800221	2.119801	1.215559	3.638209	2.724769
15366	-6086.109	-6289.28	203.1713	0.574791	0.200412	0.169377	0.0554199	1.872608	1.253894	3.549828	2.408879
15372	-6077.493	-6281.819	204.326	0.476575	0.240813	0.260487	0.0221254	1.311841	1.247788	3.086098	2.574779
15378	-6070.676	-6274.645	203.9694	0.497467	0.193542	0.257578	0.0514133	1.130137	1.278636	3.322629	2.725216
15384	-6067.335	-6271.334	203.9991	0.462748	0.249825	0.239601	0.0478251	1.389087	1.243542	3.428361	2.114428
15390	-6070.833	-6273.663	202.8302	0.594469	0.121004	0.223088	0.0614386	1.903203	1.268196	3.844971	2.114428
15396	-6089.432	-6292.235	202.8026	0.520138	0.101099	0.271508	0.107254	1.94942	1.258325	3.844971	2.117242
15402	-6075.471	-6278.741	203.2691	0.543735	0.142878	0.266647	0.0467398	1.413733	1.255687	3.657358	2.55159
15408	-6083.095	-6285.679	202.5838	0.666292	0.175083	0.106304	0.0523214	2.294674	1.272118	3.365097	3.341813
15414	-6083.861	-6285.967	202.1059	0.523754	0.370264	0.0660262	0.0399564	1.816189	1.179723	3.986189	3.084643
15420	-6071.527	-6274.98	203.4532	0.463429	0.349329	0.167844	0.0193977	0.8575892	1.225227	3.98604	2.271551
15426	-6073.502	-6275.348	201.846	0.402088	0.34382	0.232139	0.0219531	1.373457	1.055771	4.714989	2.254282
15432	-6069.719	-6272.871	203.1524	0.409647	0.350283	0.183411	0.0566591	0.966597	1.110978	4.554097	1.386028
15438	-6067.063	-6269.42	202.3576	0.326885	0.481546	0.146356	0.0452123	0.8168969	1.035977	5.077792	1.482796
15444	-6063.566	-6265.267	201.7015	0.455229	0.277988	0.203819	0.0629637	1.885737	1.067125	4.657933	1.991782
15450	-6084.704	-6287.454	202.7503	0.441534	0.387584	0.11133	0.0595524	1.752105	1.175334	4.089236	1.933103
15456	-6076.004	-6277.061	201.0579	0.459785	0.38271	0.102614	0.0548904	2.053464	1.109583	4.911713	2.017913
15462	-6085.143	-6286.903	201.7603	0.360973	0.408362	0.181842	0.0488225	1.489266	1.129965	4.874699	1.753189
15468	-6067.989	-6268.555	200.5665	0.432432	0.366073	0.163011	0.0384839	1.489266	1.068908	5.543605	1.81058
15474	-6068.448	-6270.279	201.8312	0.353593	0.459626	0.133292	0.0534892	1.211908	1.040325	4.941062	1.944693
15480	-6068.971	-6269.415	200.4442	0.524624	0.215459	0.129974	0.129943	1.770417	1.014578	5.326485	2.263272
15486	-6081.434	-6280.389	198.9552	0.512889	0.136293	0.217572	0.133245	1.770417	1.028371	5.986039	2.669826
15492	-6074.095	-6275.823	201.7283	0.539298	0.0722481	0.238433	0.150022	2.200449	1.12718	4.355431	2.291251
15498	-6083.13	-6282.253	199.1232	0.569927	0.168256	0.151444	0.110373	2.562043	1.025523	5.127928	4.147769
15504	-6078.663	-6278.54	199.8768	0.595117	0.175692	0.113939	0.115252	2.562043	1.050477	4.886289	3.483208
15510	-6092.521	-6291.703	199.1821	0.538349	0.277029	0.0941221	0.0904997	1.839916	1.176426	5.008404	5.307543
15516	-6092.609	-6294.366	201.7567	0.425647	0.313569	0.158347	0.102437	2.099345	1.055156	4.765085	1.500409
15522	-6076.784	-6277.599	200.8149	0.517772	0.251828	0.104253	0.126146	2.006877	1.091153	4.684188	3.081758
15528	-6072.865	-6274.998	202.1326	0.604428	0.0926372	0.20549	0.0974455	2.128103	1.197422	4.10306	2.323697
15534	-6077.279	-6277.936	200.6565	0.588725	0.136712	0.120719	0.153844	2.020222	1.072197	4.742998	3.188431
15540	-6089.817	-6289.638	199.8218	0.879817	0.0283596	0.016253	0.0755708	4.091908	1.143693	4.069193	4.575186
15546	-6087.099	-6289.056	201.9572	0.663327	0.200416	0.0184	0.117857	2.40534	1.229136	3.499938	4.028472
15552	-6072.105	-6274.465	202.3603	0.629402	0.190166	0.0372344	0.143198	2.18656	1.229136	3.612558	3.199132
15558	-6083.624	-6285.556	201.9326	0.56524	0.287174	0.0189861	0.1286	2.18656	1.226643	3.860932	3.199132
15564	-6071.243	-6272.249	201.0056	0.59206	0.205615	0.0676236	0.134702	2.219053	1.174037	4.631357	2.545073
15570	-6077.259	-6278.652	201.3931	0.472598	0.299661	0.188723	0.0390179	1.492084	1.084542	4.901366	2.234206
15576	-6073.774	-6275.112	201.3382	0.645775	0.0799229	0.258147	0.016155	1.963882	1.088346	4.480076	2.874823
15582	-6093.741	-6295.627	201.8854	0.47856	0.276906	0.22865	0.0158847	1.517975	1.222046	3.780617	4.595518
15588	-6080.005	-6282.773	202.7681	0.478454	0.198209	0.264474	0.0588621	2.199492	1.274949	3.481907	2.801236
15594	-6085.985	-6288.917	202.9318	0.499826	0.153543	0.267749	0.0788823	1.704015	1.274949	3.481907	3.156417
15600	-6058.906	-6261.645	202.7392	0.539205	0.258184	0.167774	0.0348367	1.903048	1.249195	3.794737	2.394412
15606	-6065.784	-6268.431	202.6467	0.47895	0.240265	0.272004	0.00878031	1.783602	1.134675	4.094839	2.078739
15612	-6077.447	-6280.944	203.4972	0.444029	0.295659	0.252172	0.00814012	1.243016	1.185684	3.837451	2.097258
15618	-6074.976	-6277.93	202.9543	0.444029	0.295659	0.252172	0.00814012	1.1644	1.172092	4.137858	2.243368
15624	-6067.308	-6271.486	204.1781	0.450626	0.300052	0.241061	0.00826106	1.450006	1.220619	3.478453	1.729307
15630	-6068.972	-6271.642	202.6702	0.374953	0.367555	0.252274	0.00521874	1.123456	1.137168	4.298266	2.351631
15636	-6054.996	-6257.972	202.976	0.371698	0.377512	0.24464	0.00614964	0.7963176	1.123626	4.298266	2.407173
15642	-6063.194	-6266.083	202.8891	0.296318	0.506697	0.178116	0.0188695	0.8582811	1.138094	4.571142	1.760676
15648	-6072.36	-6276.038	203.6779	0.400036	0.3748	0.183606	0.0415575	1.028832	1.112384	3.77838	2.381523
15654	-6081.695	-6282.311	200.6165	0.442004	0.308011	0.215613	0.0343727	1.294276	1.111319	5.361606	2.370851
15660	-6076.546	-6277.725	201.1786	0.679729	0.0943948	0.194818	0.0310577	1.927741	1.075303	4.700936	2.569832
15666	-6070.389	-6271.195	200.8065	0.544852	0.0770039	0.32615	0.0519944	2.125086	1.166671	4.700936	2.778226
15672	-6076.708	-6277.395	200.6866	0.584504	0.0702955	0.297736	0.0474648	2.139061	1.107574	4.795296	2.778226
15678	-6070.031	-6271.476	201.4451	0.531995	0.0985447	0.270989	0.0984708	1.982056	1.161415	4.454921	2.638058
15684	-6064.555	-6266.964	202.409	0.528651	0.171063	0.231513	0.0687734	1.764643	1.132862	4.315943	1.899604
15690	-6073.685	-6275.705	202.0197	0.433185	0.344758	0.163579	0.0584771	1.106943	1.096409	4.844779	1.982319
15696	-6074.996	-6277.722	202.7265	0.515283	0.213852	0.201305	0.0695597	1.44347	1.013061	4.450061	1.689906
15702	-6076.397	-6279.324	202.9272	0.351405	0.391057	0.116359	0.141179	0.9721577	1.032258	4.578061	1.685283
15708	-6067.065	-6269.333	202.2677	0.376179	0.332301	0.257935	0.0335848	1.132278	1.094321	4.362862	2.846601
15714	-6078.239	-6280.491	202.2517	0.358086	0.316318	0.293627	0.0319694	1.082663	1.099955	4.362862	2.942138
15720	-6077.782	-6280.271	202.4895	0.382678	0.395961	0.189697	0.0316634	0.9752538	0.9774964	4.682601	2.075685
15726	-6065.086	-6268.069	202.983	0.433846	0.408147	0.131856	0.0261513	1.385409	1.146385	4.312065	1.576665
15732	-6064.858	-6268.399	203.5415	0.370012	0.471863	0.100275	0.0578507	1.027952	1.097956	4.221786	1.560105
15738	-6063.078	-6264.321	201.243	0.487869	0.195835	0.197683	0.118613	1.494895	1.087738	4.746696	2.874336
15744	-6079.771	-6281.216	201.4453	0.481879	0.23129	0.248217	0.0386144	1.494895	1.131717	4.690203	2.643492
15750	-6086.613	-6288.965	202.3511	0.594443	0.122029	0.258554	0.0249734	1.590501	1.141292	4.259408	2.298098
15756	-6089.925	-6292.666	202.7406	0.535332	0.177659	0.254012	0.0329971	2.194129	1.200326	3.635825	2.553345
15762	-6088.165	-6289.664	201.4991	0.637556	0.0369486	0.256135	0.0693608	2.356999	1.194764	3.992426	3.404827
15768	-6087.357	-6289.448	202.0901	0.511436	0.153521	0.309942	0.0251008	1.595647	1.151016	4.099169	3.12866
15774	-6078.802	-6281.243	202.4407	0.396716	0.18845	0.383756	0.0310786	1.348134	1.008694	4.629998	1.757578
15780	-6089.853	-6291.915	202.0619	0.372604	0.310845	0.290381	0.026171	0.9543416	1.128085	4.919765	1.90727
15786	-6083.536	-6285	201.4637	0.453813	0.277225	0.243776	0.0251859	1.462998	1.019706	5.046294	1.90727
15792	-6083.171	-6285.68	202.5086	0.383136	0.38979	0.205811	0.0212634	1.453739	1.21132	4.446869	1.709868
15798	-6065.744	-6268.754	203.0097	0.366515	0.309173	0.307446	0.0168657	1.080334	1.089401	4.446869	1.668594
15804	-6077.414	-6280.254	202.8404	0.422749	0.281728	0.280155	0.0153686	1.491632	1.079715	4.402056	1.525611
15810	-6064.615	-6265.406	200.791	0.498145	0.114733	0.33012	0.0570019	1.867595	1.067087	5.020781	2.37332
15816	-6065.931	-6265.892	199.9613	0.468775	0.272572	0.164712	0.0939415	1.89858	1.037315	5.238997	3.068458
15822	-6084.214	-6286.395	202.1814	0.365394	0.445963	0.124068	0.0645749	1.205592	1.132113	4.579649	2.231632
15828	-6072.092	-6273.921	201.8296	0.507564	0.213716	0.242249	0.0364706	1.326195	1.066688	4.750844	2.231632
15834	-6068.161	-6268.786	200.6254	0.510981	0.215155	0.24388	0.0299833	1.920876	1.08469	5.022447	2.527685
15840	-6082.032	-6284.555	202.5224	0.402829	0.489989	0.0676528	0.0395299	1.599731	1.249178	4.029957	2.468567
15846	-6075.554	-6278.891	203.3367	0.386896	0.470608	0.10453	0.0379663	1.203721	1.229248	3.930093	2.086822
15852	-6077.067	-6279.534	202.4665	0.37984	0.38225	0.237125	0.000785005	0.9963146	1.181088	4.830882	1.489954
15858	-6070.784	-6273.711	202.9272	0.398449	0.349725	0.248743	0.00308336	1.099147	1.080461	4.385837	1.896302
15864	-6062.984	-6265.696	202.7118	0.439063	0.326069	0.231917	0.00295076	1.272832	1.227687	4.39074	1.762625
15870	-6067.205	-6268.402	201.1974	0.412674	0.352045	0.204223	0.0310568	1.193831	0.9755341	5.07464	2.621985
15876	-6056.869	-6258.899	202.0297	0.522939	0.205337	0.246484	0.025241	1.266865	1.029591	4.672662	2.275748
15882	-6060.344	-6262.846	202.5016	0.53353	0.180933	0.24578	0.0397568	1.518565	1.210258	4.178411	2.275748
15888	-6068.608	-6271.595	202.9868	0.387952	0.434652	0.0780346	0.0993613	1.518565	1.259434	3.94998	2.089339
15894	-6076.609	-6279.775	203.1655	0.330789	0.587544	0.0732438	0.00842391	1.438938	1.202402	4.231609	1.410251
15900	-6080.611	-6283.217	202.6058	0.377005	0.435685	0.172917	0.0143929	1.226843	1.09806	4.418575	2.060364
15906	-6077.634	-6279.521	201.8866	0.400704	0.446324	0.0941704	0.0588013	1.289208	1.09806	4.945375	1.69998
15912	-6089.086	-6291.364	202.278	0.455769	0.343046	0.107111	0.0940742	1.711859	1.202137	4.356151	1.942746
15918	-6080.402	-6283.115	202.7126	0.393688	0.451671	0.141569	0.0130719	1.25377	1.164778	4.184581	2.362063
15924	-6082.123	-6282.542	200.4189	0.534735	0.149774	0.294522	0.0209684	1.377833	0.9043379	5.137565	3.585395
15930	-6079.078	-6280.917	201.8397	0.552101	0.132881	0.304087	0.0109306	1.758584	1.041489	4.439483	2.525542
15936	-6076.584	-6278.314	201.7293	0.560758	0.0678005	0.360339	0.011102	1.884556	1.127924	4.212859	3.045536
15942	-6080.446	-6281.59	201.1444	0.626321	0.0757275	0.262661	0.0352904	1.868166	1.122285	4.553354	3.045536
15948	-6090.722	-6292.171	201.4488	0.656755	0.155476	0.171484	0.0162858	1.868166	1.164865	3.855254	4.768275
15954	-6081.314	-6283.486	202.1718	0.598689	0.216994	0.128694	0.0556229	1.783859	1.173086	4.122993	2.640626
15960	-6082.202	-6283.649	201.4467	0.684801	0.110825	0.17281	0.0315647	2.650351	1.180762	3.892026	3.489448
15966	-6082.404	-6282.41	200.0062	0.611961	0.109378	0.170553	0.108108	2.458475	1.152064	4.752404	3.627278
15972	-6066.568	-6268.502	201.9345	0.659646	0.048784	0.175038	0.116532	2.134629	1.112501	3.955785	3.171876
15978	-6070.177	-6270.399	200.2228	0.501492	0.242944	0.167767	0.0877966	2.034435	0.9475507	5.446491	2.078699
15984	-6084.086	-6286.058	201.9725	0.53114	0.245593	0.16563	0.057637	1.551584	1.036455	4.53164	2.346816
15990	-6075.585	-6278.33	202.7456	0.335765	0.419711	0.192393	0.0521317	0.9964909	1.189433	4.153911	2.733111
15996	-6074.101	-6275.493	201.392	0.371275	0.441968	0.123463	0.0632933	1.461152	1.00656	5.184031	1.702438
16002	-6075.595	-6277.062	201.4668	0.453798	0.327689	0.148251	0.0702628	2.039335	1.078748	4.746107	1.924552
16008	-6060.021	-6261.118	201.0972	0.583495	0.104761	0.225682	0.0860618	1.443133	1.158715	4.834544	2.813659
16014	-6065.421	-6267.054	201.633	0.614257	0.0699786	0.237581	0.0781841	2.077411	1.159246	4.273958	2.737808
16020	-6070.738	-6273.362	202.6248	0.647139	0.0815978	0.211472	0.0597912	1.412104	1.187732	3.828181	3.23305
16026	-6067.942	-6269.661	201.7188	0.66713	0.0537596	0.218005	0.0611057	2.710043	1.155526	4.02584	2.616024
16032	-6078.603	-6281.502	202.8991	0.524405	0.20001	0.231548	0.0440375	1.665374	1.234447	3.697356	2.717926
16038	-6080.321	-6283.08	202.7589	0.507933	0.288457	0.171074	0.0325362	1.546462	1.177504	4.096311	2.129995
16044	-6092.873	-6294.654	201.7804	0.46652	0.264938	0.235615	0.0329264	1.65943	1.247236	4.146042	3.264149
16050	-6086.213	-6290.068	203.8552	0.595847	0.0874643	0.284136	0.0325526	1.443549	1.278092	3.154759	2.902856
16056	-6081.393	-6284.358	202.965	0.64133	0.134124	0.201465	0.0230811	1.886167	1.249142	3.697068	2.331065
16062	-6073.215	-6273.875	200.6604	0.58432	0.164676	0.238773	0.0122308	1.886167	1.051121	4.452466	4.41434
16068	-6081.143	-6282.588	201.4448	0.554079	0.12794	0.306383	0.0115978	1.90353	1.130078	3.972947	4.34732
16074	-6079.836	-6281.789	201.953	0.558003	0.128579	0.304297	0.00912134	1.446367	1.125033	4.439087	2.625476
16080	-6093.251	-6295.981	202.7303	0.577466	0.133064	0.28087	0.00859977	1.745472	1.154561	3.736626	2.903748
16086	-6095.808	-6297.166	201.3586	0.470265	0.232706	0.290659	0.00636955	1.497077	1.18076	4.694753	2.686548
16092	-6088.707	-6289.873	201.1659	0.608115	0.0889755	0.238432	0.064477	1.303098	1.196835	4.445451	4.105765
16098	-6076.497	-6279.69	203.1925	0.604098	0.0777556	0.236857	0.0812894	1.723546	1.230221	3.657033	2.315677
16104	-6076.224	-6277.846	201.6217	0.474039	0.29755	0.119138	0.109273	1.47072	1.094091	4.674711	2.505749
16110	-6073.446	-6276.147	202.7009	0.532586	0.281117	0.123209	0.0630883	1.436726	1.104046	4.195213	2.202713
16116	-6087.821	-6289.679	201.8585	0.503254	0.283349	0.124187	0.0892105	1.436726	1.01956	4.584499	2.548764
16122	-6085.182	-6287.749	202.5676	0.49739	0.207914	0.234861	0.0598341	1.407413	1.052456	4.441549	1.899572
16128	-6083.128	-6284.759	201.6308	0.512091	0.180915	0.229044	0.0779498	1.74655	1.221164	4.412888	2.657488
16134	-6088.654	-6288.982	200.3273	0.440491	0.401084	0.0913734	0.0670509	1.29113	1.059071	5.69508	2.004973
16140	-6077.198	-6278.714	201.5162	0.468128	0.240123	0.177676	0.114073	1.394749	1.080957	4.439495	3.513381
16146	-6069.506	-6271.634	202.1282	0.470216	0.34087	0.115049	0.0738646	1.965225	1.157122	4.168225	2.397917
16152	-6078.423	-6279.881	201.4583	0.564735	0.146833	0.175656	0.112776	1.633694	1.042065	4.582797	2.883455
16158	-6064.385	-6266.218	201.8327	0.597596	0.148775	0.174572	0.0790574	1.912553	1.144293	4.316662	2.527014
16164	-6079.889	-6280.377	200.4873	0.649054	0.0627539	0.189605	0.0985872	2.182929	1.014298	5.09931	2.343527
16170	-6090.635	-6289.397	198.7623	0.649054	0.0627539	0.189605	0.0985872	2.182929	1.109675	5.387765	4.284918
16176	-6094.847	-6295.438	200.5905	0.602611	0.027588	0.176037	0.193763	2.412751	1.008435	4.650115	3.216855
16182	-6092.166	-6295.503	203.337	0.292541	0.474191	0.0574758	0.175791	0.8729114	1.148493	4.301127	1.767809
16188	-6087.831	-6291.104	203.2722	0.284885	0.585512	0.0237705	0.105833	1.233536	1.099623	4.418039	1.247614
16194	-6085.848	-6288.921	203.0723	0.281446	0.58554	0.0234836	0.10953	1.14535	1.144421	4.42418	1.501888
16200	-6097.449	-6298.722	201.273	0.43608	0.190245	0.328508	0.0451668	1.374286	1.08842	5.004611	2.282752
16206	-6081.777	-6283.354	201.5772	0.390047	0.244678	0.307185	0.0580901	1.374286	1.062278	4.819332	2.361707
16212	-6077.584	-6279.096	201.5113	0.467991	0.400378	0.061933	0.0696984	1.411269	1.013679	4.864836	2.361707
16218	-6085.737	-6286.198	200.4609	0.389532	0.375833	0.119069	0.115566	1.713993	0.9440285	5.189938	2.785957
16224	-6084.336	-6287.061	202.7253	0.315683	0.450835	0.184667	0.0488158	1.255683	1.193754	4.181745	2.306488
16230	-6078.496	-6280.193	201.6967	0.320907	0.441407	0.187722	0.0499632	1.352681	1.070858	4.754335	2.373013
16236	-6074.198	-6276.353	202.1551	0.395257	0.33261	0.206856	0.0652769	1.414034	0.988307	4.754335	1.788826
16242	-6075.244	-6276.632	201.3877	0.456128	0.33091	0.185018	0.0279444	1.344917	1.093655	4.807933	2.670634
16248	-6072.498	-6273.971	201.4726	0.615043	0.178713	0.169459	0.0367855	1.855586	1.0843	4.608052	2.447329
16254	-6075.807	-6277.926	202.119	0.562557	0.148794	0.237166	0.0514832	1.745408	1.177547	4.486197	1.846655
16260	-6082.336	-6282.802	200.4658	0.665336	0.069362	0.163359	0.101943	2.392442	1.136762	4.486197	3.770041
16266	-6081.675	-6284.772	203.0964	0.529529	0.138837	0.306734	0.0249004	1.292381	1.229189	4.05738	1.999594
16272	-6081.034	-6283.265	202.2311	0.592497	0.14626	0.217616	0.0436263	1.949964	1.168947	3.877974	3.035289
16278	-6067.97	-6269.101	201.1318	0.510235	0.272398	0.187676	0.0296918	1.748101	0.9986711	4.858882	2.541653
16284	-6068.879	-6271.03	202.1508	0.544966	0.259461	0.141264	0.0543099	1.713634	1.182295	4.158305	2.650059
16290	-6069.832	-6273.333	203.5006	0.562251	0.0706143	0.261842	0.105293	1.592798	1.208309	3.711024	1.942065
16296	-6071.522	-6273.301	201.7789	0.399752	0.406538	0.138155	0.0555553	1.64627	1.124761	4.710608	1.942065
